渠道,原声情感,原声类型,原声日期,原声内容,店铺名称,商品id,商品标题,商品链接,原声id,,,,,,,,,,
天猫,中性,咨询,2026-08-03 23:40:15,亲 为什么壶加热了有糊味 一股烧焦味是为什么<br>之前没有的 最近才有的<br>溢出后现在怎么办<br>就是感觉缝里面<br>怎么清洗呢<br>所以有这个就是会有烧焦味是吗<br>,小熊电器官方旗舰店,832406608200,小熊全玻璃恒温养生壶家用多功能办公室小型煮茶壶烧水壶炖煮一体,https://detail.tmall.com/item.htm?id=832406608200,7e854fc57134aba7baf35ee79ab3bfb5cb782f9f155c40d76155cc34b06eefc9_2215107505922_20260803,,,,,,,,,,
天猫,中性,咨询,2026-08-03 23:40:15,亲 为什么壶加热了有糊味 一股烧焦味是为什么<br>之前没有的 最近才有的<br>溢出后现在怎么办<br>就是感觉缝里面<br>怎么清洗呢<br>所以有这个就是会有烧焦味是吗<br>,小熊电器官方旗舰店,832406608200,小熊全玻璃恒温养生壶家用多功能办公室小型煮茶壶烧水壶炖煮一体,https://detail.tmall.com/item.htm?id=832406608200,7e854fc57134aba7baf35ee79ab3bfb5cb782f9f155c40d76155cc34b06eefc9_2215107505922_20260803,,,,,,,,,,
天猫,中性,咨询,2026-08-03 23:32:49,取水器有几种<br>哪款推荐,小熊电器官方旗舰店,953780186914,小熊桶装水电动抽水器吸水器压水器自吸全自动抽水神器水泵上水器,https://detail.tmall.com/item.htm?id=953780186914,afba084700e6557574b85cf49a8af559ffed5181d210b6fb7ee3b25bab84ab57_2215007019509_20260803,,,,,,,,,,
天猫,负向,咨询,2026-08-03 23:30:36,锅烂了<br>用不了<br>不过电了,小熊电器官方旗舰店,652993501043,小熊电饭煲家用3到4人小型智能电饭锅陶瓷油内胆不粘微压快煮饭,https://detail.tmall.com/item.htm?id=652993501043,8a0071b26c659882e2899f9bb49a866b6cc2f85d30718013d0dfc2346f4cf082_2222633286999_20260803,,,,,,,,,,
天猫,中性,咨询,2026-08-03 23:28:49,上盖可以拆洗吗,小熊电器官方旗舰店,652993501043,小熊电饭煲家用3到4人小型智能电饭锅陶瓷油内胆不粘微压快煮饭,https://detail.tmall.com/item.htm?id=652993501043,bc530d3b4a1aded5d2fb58a76302f6f7656da8ba669b8d864133934a43f421ab_2217680629592_20260803,,,,,,,,,,
天猫,中性,咨询,2026-08-03 23:20:35,线多长？,小熊电器官方旗舰店,832406608200,小熊全玻璃恒温养生壶家用多功能办公室小型煮茶壶烧水壶炖煮一体,https://detail.tmall.com/item.htm?id=832406608200,39f9308b7329e5aaa62c490ae5abc7411dc9a1a46a488083cf9b38733edfb702_2217778896413_20260803,,,,,,,,,,
天猫,负向,咨询,2026-08-03 23:18:34,老板<br>售后<br>充了<br>老是闪 充一早晨了<br>没有用<br>换过充电器 确认不好用才联系你的,小熊电器官方旗舰店,953780186914,小熊桶装水电动抽水器吸水器压水器自吸全自动抽水神器水泵上水器,https://detail.tmall.com/item.htm?id=953780186914,6a39c1f003d13e1a09eb62c75997e48b5c46b0915311d51a562ec991368c8b4b_2215007019509_20260803,,,,,,,,,,
天猫,中性,咨询,2026-08-03 23:13:51,请问下这种上下水怎么安装<br>就是装好之后没法再移动了是吧<br>现在的上下水已经被洗衣机和扫地机器人占了，有什么吗,小熊电器官方旗舰店,829752288160,小熊迷你内衣内裤洗衣机专用洗袜子全自动小型迷你小型婴儿清洗机,https://detail.tmall.com/item.htm?id=829752288160,3de7dd593fa51ab8b6c42a5706ab82c8979ac38b1e791a8f1ec1fb83f023506d_2209570416623_20260803,,,,,,,,,,
天猫,中性,咨询,2026-08-03 23:12:16,我要咨询这个规格的商品<br>有优惠吗,小熊电器官方旗舰店,829752288160,小熊迷你内衣内裤洗衣机专用洗袜子全自动小型迷你小型婴儿清洗机,https://detail.tmall.com/item.htm?id=829752288160,95bd8654b97e6fa512c4ddc60333bf932cb7e91ff580ec67a414656f31d625b3_2209570416623_20260803,,,,,,,,,,
天猫,中性,咨询,2026-08-03 23:10:55,这个保修多久,小熊电器官方旗舰店,953780186914,小熊桶装水电动抽水器吸水器压水器自吸全自动抽水神器水泵上水器,https://detail.tmall.com/item.htm?id=953780186914,9f15573d44f4792a0ed42f112ed1b8c1f2010ce24d7eee9e73f879b0a40bc700_2209671807142_20260803,,,,,,,,,,
天猫,中性,咨询,2026-08-03 23:10:36,这个3L的内径多少<br>,小熊电器官方旗舰店,652993501043,小熊电饭煲家用3到4人小型智能电饭锅陶瓷油内胆不粘微压快煮饭,https://detail.tmall.com/item.htm?id=652993501043,2930594963eee6529f8d695351d720f265cbdff8e343b41bccd4f840ccea3d26_2222633286999_20260803,,,,,,,,,,
天猫,中性,咨询,2026-08-03 23:03:57,刀头啥材质<br>刀头304还是301<br>没写,小熊电器官方旗舰店,1066545498108,【新品抢先加购 4号付定】小熊破壁机豆浆机全自动家用多功能新款,https://detail.tmall.com/item.htm?id=1066545498108,b6066e5f16cf65560ce4d3ee18d5c4c9f6bcbf59b485eb5d5f5db6db0f389630_2213341635166_20260803,,,,,,,,,,
天猫,中性,咨询,2026-08-03 23:03:16,这个煮饭多少分钟<br>两个人适合哪种电饭煲,小熊电器官方旗舰店,652993501043,小熊电饭煲家用3到4人小型智能电饭锅陶瓷油内胆不粘微压快煮饭,https://detail.tmall.com/item.htm?id=652993501043,66ff139431ca83f5ab8351a70a86c8dfe640d53c8ec9242bd30f83f55794615f_2217680629592_20260803,,,,,,,,,,
天猫,中性,咨询,2026-08-03 22:50:11,预约功能怎么用,小熊电器官方旗舰店,832406608200,小熊全玻璃恒温养生壶家用多功能办公室小型煮茶壶烧水壶炖煮一体,https://detail.tmall.com/item.htm?id=832406608200,bc5ae701d281656732813f4e44952ef07e0cca5c7b7fe074b9922f36cc99dc60_2217778896413_20260803,,,,,,,,,,
天猫,中性,咨询,2026-08-03 22:50:11,预约功能怎么用,小熊电器官方旗舰店,832406608200,小熊全玻璃恒温养生壶家用多功能办公室小型煮茶壶烧水壶炖煮一体,https://detail.tmall.com/item.htm?id=832406608200,bc5ae701d281656732813f4e44952ef07e0cca5c7b7fe074b9922f36cc99dc60_2217778896413_20260803,,,,,,,,,,
天猫,中性,咨询,2026-08-03 22:50:11,预约功能怎么用,小熊电器官方旗舰店,832406608200,小熊全玻璃恒温养生壶家用多功能办公室小型煮茶壶烧水壶炖煮一体,https://detail.tmall.com/item.htm?id=832406608200,bc5ae701d281656732813f4e44952ef07e0cca5c7b7fe074b9922f36cc99dc60_2217778896413_20260803,,,,,,,,,,
天猫,负向,咨询,2026-08-03 22:49:05,您好，这个用不了了<br>突然就吸不上来水了<br>动都没动过<br>以为是没电充了电还是不行<br>还没用多久呢<br>没有闪烁<br>就是正常但是不来水<br>就是对应指示灯常亮<br>下边那个管儿也插紧了<br>可以的，只能这样了<br>我直接原订单申请换货吧<br>这也太费时间了<br>还不如直接退了我买别家的<br>特意冲品牌来结果没用多久<br>我知道为啥了<br>卡水了<br>很神奇我晃了好几下有可以了<br>就是主机卡水了<br>没事了先用着烂烂,小熊电器官方旗舰店,953780186914,小熊桶装水电动抽水器吸水器压水器自吸全自动抽水神器水泵上水器,https://detail.tmall.com/item.htm?id=953780186914,a02cd8ef1a78359d19b5d9ce22a0584ac01c29e03b995b58d5dfbb15893b5ccf_2215007019509_20260803,,,,,,,,,,
天猫,中性,咨询,2026-08-03 22:48:23,这个壶盖底部都是不锈钢吗还是只有滤网上面那里是？<br>我在看看呢,小熊电器官方旗舰店,832406608200,小熊全玻璃恒温养生壶家用多功能办公室小型煮茶壶烧水壶炖煮一体,https://detail.tmall.com/item.htm?id=832406608200,fa2c895653ca2aff3758ed6cdbdfad10b0ff57f4c32c8fafafabb863c7808423_2217778896413_20260803,,,,,,,,,,
天猫,中性,咨询,2026-08-03 22:48:23,这个壶盖底部都是不锈钢吗还是只有滤网上面那里是？<br>我在看看呢,小熊电器官方旗舰店,832406608200,小熊全玻璃恒温养生壶家用多功能办公室小型煮茶壶烧水壶炖煮一体,https://detail.tmall.com/item.htm?id=832406608200,fa2c895653ca2aff3758ed6cdbdfad10b0ff57f4c32c8fafafabb863c7808423_2217778896413_20260803,,,,,,,,,,
天猫,中性,咨询,2026-08-03 22:43:43,这款降间大概多久<br>消费者点踩机器人消息，已停止辅助接待<br>连个大致时间都没有吗,小熊电器官方旗舰店,832406608200,小熊全玻璃恒温养生壶家用多功能办公室小型煮茶壶烧水壶炖煮一体,https://detail.tmall.com/item.htm?id=832406608200,6b6dd46e23aeb9f4f07d242a4b6cc9a9bbd8e2f7452ed5e3960eef01253d7192_2209720364600_20260803,,,,,,,,,,
天猫,中性,咨询,2026-08-03 22:43:34,你好，预约6个小时是这样操作的吧<br>,小熊电器官方旗舰店,652993501043,小熊电饭煲家用3到4人小型智能电饭锅陶瓷油内胆不粘微压快煮饭,https://detail.tmall.com/item.htm?id=652993501043,565980975fdea88028fe6498756447a35be92dd194ef3988a5266e5ab1de16d5_2217680629592_20260803,,,,,,,,,,
天猫,中性,咨询,2026-08-03 22:42:45,90度煮洗是多少分钟<br>除菌洗是高？需要80分钟？？,小熊电器官方旗舰店,829752288160,小熊迷你内衣内裤洗衣机专用洗袜子全自动小型迷你小型婴儿清洗机,https://detail.tmall.com/item.htm?id=829752288160,fa785ec8225497ff39361ea1af8ba3bf2b609f714bb9d834f3e92695fef3d52c_2209570416623_20260803,,,,,,,,,,
天猫,中性,咨询,2026-08-03 22:42:45,90度煮洗是多少分钟<br>除菌洗是高？需要80分钟？？,小熊电器官方旗舰店,829752288160,小熊迷你内衣内裤洗衣机专用洗袜子全自动小型迷你小型婴儿清洗机,https://detail.tmall.com/item.htm?id=829752288160,fa785ec8225497ff39361ea1af8ba3bf2b609f714bb9d834f3e92695fef3d52c_2209570416623_20260803,,,,,,,,,,
天猫,中性,咨询,2026-08-03 22:42:45,90度煮洗是多少分钟<br>除菌洗是高？需要80分钟？？,小熊电器官方旗舰店,829752288160,小熊迷你内衣内裤洗衣机专用洗袜子全自动小型迷你小型婴儿清洗机,https://detail.tmall.com/item.htm?id=829752288160,fa785ec8225497ff39361ea1af8ba3bf2b609f714bb9d834f3e92695fef3d52c_2209570416623_20260803,,,,,,,,,,
天猫,中性,咨询,2026-08-03 22:42:14,怎么预约,小熊电器官方旗舰店,652993501043,小熊电饭煲家用3到4人小型智能电饭锅陶瓷油内胆不粘微压快煮饭,https://detail.tmall.com/item.htm?id=652993501043,362d13dce460523e44ae467e7f0a8e436b11e9a75f4990ff1507cf4503f5578e_2217680629592_20260803,,,,,,,,,,
天猫,中性,咨询,2026-08-03 22:40:00,买贵能保价？<br>明天有200-25券,小熊电器官方旗舰店,953780186914,小熊桶装水电动抽水器吸水器压水器自吸全自动抽水神器水泵上水器,https://detail.tmall.com/item.htm?id=953780186914,9ecb0756510cb330d2c2ecfdd16bfe7f3950e1d0aa186fc6666d393bad81e68f_2212455992463_20260803,,,,,,,,,,
天猫,中性,咨询,2026-08-03 22:32:57,只要是小就可以置换吗,小熊电器官方旗舰店,652993501043,小熊电饭煲家用3到4人小型智能电饭锅陶瓷油内胆不粘微压快煮饭,https://detail.tmall.com/item.htm?id=652993501043,1a771958b32c0ecc5c44f3ad46dab70e8cc24db79057ac1b6e73b40313327f80_2217680629592_20260803,,,,,,,,,,
天猫,中性,咨询,2026-08-03 22:29:57,长宽高多少,小熊电器官方旗舰店,652993501043,小熊电饭煲家用3到4人小型智能电饭锅陶瓷油内胆不粘微压快煮饭,https://detail.tmall.com/item.htm?id=652993501043,f52bb369796a5e034cf039ca5b5ee7f4415068d3616effe732b73350e5b4fa49_2222633286999_20260803,,,,,,,,,,
天猫,中性,咨询,2026-08-03 22:27:33,这个真的静音是吗<br>我在办公室用<br>这一款是哪个<br>,小熊电器官方旗舰店,832406608200,小熊全玻璃恒温养生壶家用多功能办公室小型煮茶壶烧水壶炖煮一体,https://detail.tmall.com/item.htm?id=832406608200,1a444a72afd041b39a5f6ebdaf6dd238b6814eb4fa5ff9fbb3b8abb04349cb0d_2217778896413_20260803,,,,,,,,,,
天猫,中性,咨询,2026-08-03 22:26:30,这种水龙头购买什么转接口<br>拧不了<br>弄不了只能退了<br>,小熊电器官方旗舰店,829752288160,小熊迷你内衣内裤洗衣机专用洗袜子全自动小型迷你小型婴儿清洗机,https://detail.tmall.com/item.htm?id=829752288160,a2726b342dd1a9336075cc1ce6590d26133949b3a6f13e6eb475518637032f80_2209570416623_20260803,,,,,,,,,,
天猫,中性,咨询,2026-08-03 22:26:30,这种水龙头购买什么转接口<br>拧不了<br>弄不了只能退了<br>,小熊电器官方旗舰店,829752288160,小熊迷你内衣内裤洗衣机专用洗袜子全自动小型迷你小型婴儿清洗机,https://detail.tmall.com/item.htm?id=829752288160,a2726b342dd1a9336075cc1ce6590d26133949b3a6f13e6eb475518637032f80_2209570416623_20260803,,,,,,,,,,
天猫,中性,咨询,2026-08-03 22:25:32,免费安装吗<br>保修多久<br>女生例假期间内裤能清洗干净吗,小熊电器官方旗舰店,829752288160,小熊迷你内衣内裤洗衣机专用洗袜子全自动小型迷你小型婴儿清洗机,https://detail.tmall.com/item.htm?id=829752288160,6c487d856e021f25b706bda6549a18f049634296eb8fe6124f56fd7963fe0ce3_2209570416623_20260803,,,,,,,,,,
天猫,中性,咨询,2026-08-03 22:25:32,免费安装吗<br>保修多久<br>女生例假期间内裤能清洗干净吗,小熊电器官方旗舰店,829752288160,小熊迷你内衣内裤洗衣机专用洗袜子全自动小型迷你小型婴儿清洗机,https://detail.tmall.com/item.htm?id=829752288160,6c487d856e021f25b706bda6549a18f049634296eb8fe6124f56fd7963fe0ce3_2209570416623_20260803,,,,,,,,,,
天猫,中性,咨询,2026-08-03 22:22:56,我这是什么型号,小熊电器官方旗舰店,652993501043,小熊电饭煲家用3到4人小型智能电饭锅陶瓷油内胆不粘微压快煮饭,https://detail.tmall.com/item.htm?id=652993501043,2223223f2dded923b3280019a2923b7703e4ab208a3828770e2ab8d2d4d19c84_2217680629592_20260803,,,,,,,,,,
天猫,中性,咨询,2026-08-03 22:20:52,这个壶水装到最高水温，大概多久能烧到100度,小熊电器官方旗舰店,832406608200,小熊全玻璃恒温养生壶家用多功能办公室小型煮茶壶烧水壶炖煮一体,https://detail.tmall.com/item.htm?id=832406608200,1764c9efb61d36b22f59e049c09454f81f0b30c815f251b7b40672a0b2c080c4_2216750694753_20260803,,,,,,,,,,
天猫,中性,咨询,2026-08-03 22:20:41,蒸笼是什么材质的,小熊电器官方旗舰店,652993501043,小熊电饭煲家用3到4人小型智能电饭锅陶瓷油内胆不粘微压快煮饭,https://detail.tmall.com/item.htm?id=652993501043,1edc0e026aa2ef3416fa6cdf1765b848d05330d9bda78418e8f2768cc36b69b2_2222633286999_20260803,,,,,,,,,,
天猫,中性,咨询,2026-08-03 22:19:59,1.6L有预约吗？,小熊电器官方旗舰店,652993501043,小熊电饭煲家用3到4人小型智能电饭锅陶瓷油内胆不粘微压快煮饭,https://detail.tmall.com/item.htm?id=652993501043,fd226e5a19737374e1748e69c2915a52e457ad95b8636fcac3dea672fb559bb7_2217680629592_20260803,,,,,,,,,,
天猫,中性,咨询,2026-08-03 22:17:13,这个怎么安装,小熊电器官方旗舰店,829752288160,小熊迷你内衣内裤洗衣机专用洗袜子全自动小型迷你小型婴儿清洗机,https://detail.tmall.com/item.htm?id=829752288160,4f8261aa8236944d6fa2ff5a678594f1fa0151f6da48ff69e0f6b272b89b591e_2209570416623_20260803,,,,,,,,,,
天猫,中性,咨询,2026-08-03 22:16:40,有优惠卷吗<br>我上次看是137呢,小熊电器官方旗舰店,832406608200,小熊全玻璃恒温养生壶家用多功能办公室小型煮茶壶烧水壶炖煮一体,https://detail.tmall.com/item.htm?id=832406608200,85d6e5d8ef55f1ea5dd57ea922257de2790f8ee8e2ff61126e493005ab695e65_2217778896413_20260803,,,,,,,,,,
天猫,中性,咨询,2026-08-03 22:14:10,有没有800毫升静音款<br>链接<br>多少分贝,小熊电器官方旗舰店,832406608200,小熊全玻璃恒温养生壶家用多功能办公室小型煮茶壶烧水壶炖煮一体,https://detail.tmall.com/item.htm?id=832406608200,43568699a9a0b0c8432e6fea4aebcbb997f9000a435791aacb5e64ab31374b00_2217778896413_20260803,,,,,,,,,,
天猫,中性,咨询,2026-08-03 22:09:15,现在下单什么时候能到,小熊电器官方旗舰店,832406608200,小熊全玻璃恒温养生壶家用多功能办公室小型煮茶壶烧水壶炖煮一体,https://detail.tmall.com/item.htm?id=832406608200,4945d8928d56b2a396dada04b2f74cde94f5ad513c6823b3362f01d7a026569b_2217778896413_20260803,,,,,,,,,,
天猫,中性,咨询,2026-08-03 22:08:21,洗一次报警好几E2<br>好几次<br>得一直守在旁边呢？<br>进水没问题呀<br>换了也没用<br>隔了一会就会出现,小熊电器官方旗舰店,829752288160,小熊迷你内衣内裤洗衣机专用洗袜子全自动小型迷你小型婴儿清洗机,https://detail.tmall.com/item.htm?id=829752288160,f54b80533538cc1dcbf8d89384d84c2e6acbf51ffbec3d272f9929763f03968e_2209570416623_20260803,,,,,,,,,,
天猫,中性,咨询,2026-08-03 22:06:11,这个转速多少啊，最小容量呢,小熊电器官方旗舰店,1066545498108,【新品抢先加购 4号付定】小熊破壁机豆浆机全自动家用多功能新款,https://detail.tmall.com/item.htm?id=1066545498108,d3549ad92e642c807310df3913c91dcceda1734e7acb51a9faa9e022174c5f95_2213341635166_20260803,,,,,,,,,,
天猫,中性,咨询,2026-08-03 22:03:40,这个预约功能怎么用,小熊电器官方旗舰店,652993501043,小熊电饭煲家用3到4人小型智能电饭锅陶瓷油内胆不粘微压快煮饭,https://detail.tmall.com/item.htm?id=652993501043,ba8bcec92e5abc4577909a93b2437d5240ac53c12abbad1c2c7ea8ce73e7e618_2222633286999_20260803,,,,,,,,,,
天猫,中性,咨询,2026-08-03 22:03:40,这个预约功能怎么用,小熊电器官方旗舰店,652993501043,小熊电饭煲家用3到4人小型智能电饭锅陶瓷油内胆不粘微压快煮饭,https://detail.tmall.com/item.htm?id=652993501043,ba8bcec92e5abc4577909a93b2437d5240ac53c12abbad1c2c7ea8ce73e7e618_2222633286999_20260803,,,,,,,,,,
天猫,中性,咨询,2026-08-03 22:03:40,这个预约功能怎么用,小熊电器官方旗舰店,652993501043,小熊电饭煲家用3到4人小型智能电饭锅陶瓷油内胆不粘微压快煮饭,https://detail.tmall.com/item.htm?id=652993501043,ba8bcec92e5abc4577909a93b2437d5240ac53c12abbad1c2c7ea8ce73e7e618_2222633286999_20260803,,,,,,,,,,
天猫,中性,咨询,2026-08-03 22:00:55,是不是煲<br>问问你:是什么时候发货呢？<br>生意兴隆,小熊电器官方旗舰店,652993501043,小熊电饭煲家用3到4人小型智能电饭锅陶瓷油内胆不粘微压快煮饭,https://detail.tmall.com/item.htm?id=652993501043,ab6d7001ffddb5d750bfa8bce1d36e5f03d4b72f7ad5321121057c3650665c10_2217680629592_20260803,,,,,,,,,,
天猫,中性,咨询,2026-08-03 22:00:09,这种水龙头怎么接洗衣机<br>,小熊电器官方旗舰店,829752288160,小熊迷你内衣内裤洗衣机专用洗袜子全自动小型迷你小型婴儿清洗机,https://detail.tmall.com/item.htm?id=829752288160,d9350c4c7b54918f7007e07c336d95a12f9c2f2b9a7943aa5e109bda8490a527_2209570416623_20260803,,,,,,,,,,
天猫,中性,咨询,2026-08-03 21:59:08,为啥噪音这么大，出水也很慢<br>声音呢<br>是这款声音大，四挡那个声音也一样嘛,小熊电器官方旗舰店,953780186914,小熊桶装水电动抽水器吸水器压水器自吸全自动抽水神器水泵上水器,https://detail.tmall.com/item.htm?id=953780186914,b1a676d1473b8fa322873ab143fd89044d70d148a89c3ea8b77410aff06ffcf0_2215007019509_20260803,,,,,,,,,,
天猫,中性,咨询,2026-08-03 21:57:01,这个是高硼硅玻璃壶吗<br>可以用来煮中药材吗,小熊电器官方旗舰店,832406608200,小熊全玻璃恒温养生壶家用多功能办公室小型煮茶壶烧水壶炖煮一体,https://detail.tmall.com/item.htm?id=832406608200,535c1e9198552a62cdc12a551b8bb2a23075558edb358efc8ed0d4295979c1ce_2217778896413_20260803,,,,,,,,,,
天猫,中性,咨询,2026-08-03 21:56:03,充电时会亮灯吗<br>一闪一闪是吧？<br>好的好的/:-F/:-F,小熊电器官方旗舰店,953780186914,小熊桶装水电动抽水器吸水器压水器自吸全自动抽水神器水泵上水器,https://detail.tmall.com/item.htm?id=953780186914,fe9b869212c2389a90f4394288427bd79ebfa3c3d12bd629cbf8fb8bb86dd97a_2212455992463_20260803,,,,,,,,,,
天猫,中性,咨询,2026-08-03 21:51:14,这个保几年,小熊电器官方旗舰店,652993501043,小熊电饭煲家用3到4人小型智能电饭锅陶瓷油内胆不粘微压快煮饭,https://detail.tmall.com/item.htm?id=652993501043,1cdacdad96e5517205512a3eea8e2840a2fb907741c6a5638804881849a42c35_2217680629592_20260803,,,,,,,,,,
天猫,中性,咨询,2026-08-03 21:49:03,你好，这款的转速是多少？<br>这个搅拌功率比中间的那款还低很多啊<br>会不会出来没那么丝滑？<br>就是这款新的，会不会出来的豆浆还没中间那款丝滑？<br>但是细腻还是p05z6是吧<br>升级了居然没有升级这个细腻度<br>想要全钢的，但是细腻度不高的话也没用,小熊电器官方旗舰店,1066545498108,【新品抢先加购 4号付定】小熊破壁机豆浆机全自动家用多功能新款,https://detail.tmall.com/item.htm?id=1066545498108,d1714426ca3bc81e7100083e6353d465e1f1787dd5257f44e093f28fa570af0a_2213341635166_20260803,,,,,,,,,,
天猫,中性,咨询,2026-08-03 21:46:14,1l玻璃壶有单卖吗,小熊电器官方旗舰店,832406608200,小熊全玻璃恒温养生壶家用多功能办公室小型煮茶壶烧水壶炖煮一体,https://detail.tmall.com/item.htm?id=832406608200,187b7e80435fcfc1466ad03f7444f7e8c033d428e18d68098df149052c539d8c_2217778896413_20260803,,,,,,,,,,
天猫,中性,咨询,2026-08-03 21:46:13,这两个分别是干啥用的<br>,小熊电器官方旗舰店,832406608200,小熊全玻璃恒温养生壶家用多功能办公室小型煮茶壶烧水壶炖煮一体,https://detail.tmall.com/item.htm?id=832406608200,d3f55bba9bde5591b9b59cce745e0022fe4f44169adf64e6ce78226d281a23d9_2217778896413_20260803,,,,,,,,,,
天猫,中性,咨询,2026-08-03 21:43:55,这个洗衣机对进水口安装有什么要求啊<br>我的水龙头已经连了一个洗衣机了 有办法分出一个装新的吗<br>也就是我直接买然后把这个换掉就可以吗<br>把本来这个<br>用不用看一下我本来的这个大洗衣机的进水是什么螺口的<br>,小熊电器官方旗舰店,829752288160,小熊迷你内衣内裤洗衣机专用洗袜子全自动小型迷你小型婴儿清洗机,https://detail.tmall.com/item.htm?id=829752288160,85243a7c5771b23ea464fb268cb6ee20e39240b19764840d8feb0948ee1aed67_2209570416623_20260803,,,,,,,,,,
天猫,中性,咨询,2026-08-03 21:43:55,这个洗衣机对进水口安装有什么要求啊<br>我的水龙头已经连了一个洗衣机了 有办法分出一个装新的吗<br>也就是我直接买然后把这个换掉就可以吗<br>把本来这个<br>用不用看一下我本来的这个大洗衣机的进水是什么螺口的<br>,小熊电器官方旗舰店,829752288160,小熊迷你内衣内裤洗衣机专用洗袜子全自动小型迷你小型婴儿清洗机,https://detail.tmall.com/item.htm?id=829752288160,85243a7c5771b23ea464fb268cb6ee20e39240b19764840d8feb0948ee1aed67_2209570416623_20260803,,,,,,,,,,
天猫,中性,咨询,2026-08-03 21:42:55,这两种有区别<br>好嘟<br>全玻璃的有券吗,小熊电器官方旗舰店,832406608200,小熊全玻璃恒温养生壶家用多功能办公室小型煮茶壶烧水壶炖煮一体,https://detail.tmall.com/item.htm?id=832406608200,b18732bc6b64deaf0efba6a2e6f13647100876b51bd9129e40fe71a321889a78_2217778896413_20260803,,,,,,,,,,
天猫,中性,咨询,2026-08-03 21:38:47,有全玻璃烧水壶吗，不需要调奶功能<br>功能简单一些<br>烧水需要多久呢<br>有烧水时间快一些的吗,小熊电器官方旗舰店,832406608200,小熊全玻璃恒温养生壶家用多功能办公室小型煮茶壶烧水壶炖煮一体,https://detail.tmall.com/item.htm?id=832406608200,1842d658d3be3a03987cd5ce6410317a8516cd30455a5768b4b4cecc679519ab_2217778896413_20260803,,,,,,,,,,
天猫,中性,咨询,2026-08-03 21:33:52,抗菌是什么原理<br>质保多久,小熊电器官方旗舰店,652993501043,小熊电饭煲家用3到4人小型智能电饭锅陶瓷油内胆不粘微压快煮饭,https://detail.tmall.com/item.htm?id=652993501043,e293cd04ff8c225cddab7f23ccd1130f5407c9f1309771968b690285352d4012_2217680629592_20260803,,,,,,,,,,
天猫,负向,咨询,2026-08-03 21:33:50,你好，按键没反应了<br>消费者点踩机器人消息，已停止辅助接待<br>试过了，不行<br>,小熊电器官方旗舰店,832406608200,小熊全玻璃恒温养生壶家用多功能办公室小型煮茶壶烧水壶炖煮一体,https://detail.tmall.com/item.htm?id=832406608200,2f395ce05a52d3e15aaf5f65fdc4e560e931b87fc77ba8bea7b4a6c0374393b0_2217778896413_20260803,,,,,,,,,,
天猫,负向,咨询,2026-08-03 21:31:45,这款电饭锅有没有标识<br>上次买的你家没有几年就坏了<br>？<br>可以寄来修理吗<br>太麻烦了<br>这个电饭锅买来底部都有这个标识么<br>刚拼多多买的没有是不是假货<br>这个刚买的，没有标识是不是假的<br>是不是小品<br>,小熊电器官方旗舰店,652993501043,小熊电饭煲家用3到4人小型智能电饭锅陶瓷油内胆不粘微压快煮饭,https://detail.tmall.com/item.htm?id=652993501043,859b7eaa1ca952e56e2ff88f758b97541e55b4fcb615824690b418d58cc776fb_2215494213791_20260803,,,,,,,,,,
天猫,中性,咨询,2026-08-03 21:31:45,这款电饭锅有没有标识<br>上次买的你家没有几年就坏了<br>？<br>可以寄来修理吗<br>太麻烦了<br>这个电饭锅买来底部都有这个标识么<br>刚拼多多买的没有是不是假货<br>这个刚买的，没有标识是不是假的<br>是不是小品<br>,小熊电器官方旗舰店,652993501043,小熊电饭煲家用3到4人小型智能电饭锅陶瓷油内胆不粘微压快煮饭,https://detail.tmall.com/item.htm?id=652993501043,859b7eaa1ca952e56e2ff88f758b97541e55b4fcb615824690b418d58cc776fb_2215494213791_20260803,,,,,,,,,,
天猫,中性,咨询,2026-08-03 21:31:11,声音大吗<br>烘干有什么紫外线这些吗<br>没有紫外线杀菌吗,小熊电器官方旗舰店,829752288160,小熊迷你内衣内裤洗衣机专用洗袜子全自动小型迷你小型婴儿清洗机,https://detail.tmall.com/item.htm?id=829752288160,c87dcfda6795937abbff886dc6c08424efd7916685858daa637e33df9b9a4c8c_2209570416623_20260803,,,,,,,,,,
天猫,中性,咨询,2026-08-03 21:31:11,声音大吗<br>烘干有什么紫外线这些吗<br>没有紫外线杀菌吗,小熊电器官方旗舰店,829752288160,小熊迷你内衣内裤洗衣机专用洗袜子全自动小型迷你小型婴儿清洗机,https://detail.tmall.com/item.htm?id=829752288160,c87dcfda6795937abbff886dc6c08424efd7916685858daa637e33df9b9a4c8c_2209570416623_20260803,,,,,,,,,,
天猫,中性,咨询,2026-08-03 21:30:49,充电的吗,小熊电器官方旗舰店,953780186914,小熊桶装水电动抽水器吸水器压水器自吸全自动抽水神器水泵上水器,https://detail.tmall.com/item.htm?id=953780186914,787c6a3375cca5ca40c6566468c4861c9b0412e9735dab27fd1c12c6dfbc087a_2212455992463_20260803,,,,,,,,,,
天猫,中性,咨询,2026-08-03 21:30:26,请问这个可以直接煮饭吗？还是需要怎么？<br>如果不煮水使用的话，可以直接烧一壶水烫一下，可以吗？,小熊电器官方旗舰店,652993501043,小熊电饭煲家用3到4人小型智能电饭锅陶瓷油内胆不粘微压快煮饭,https://detail.tmall.com/item.htm?id=652993501043,7b1c98d1e294a68861b5980b7d84de41421016b8d056bbf44c0e6a07d3aeb174_2213283425041_20260803,,,,,,,,,,
天猫,中性,咨询,2026-08-03 21:27:46,你好，17L的桶装水能用吗？<br>口的大小匹配不匹配？<br>软管多长？<br>支持7天无理由退货不？,小熊电器官方旗舰店,953780186914,小熊桶装水电动抽水器吸水器压水器自吸全自动抽水神器水泵上水器,https://detail.tmall.com/item.htm?id=953780186914,fad10aed2a1656e78be81be0e7610bd601564dcc186e6b46eea1c0e715ac040f_2215007019509_20260803,,,,,,,,,,
天猫,负向,咨询,2026-08-03 21:27:46,你好，17L的桶装水能用吗？<br>口的大小匹配不匹配？<br>软管多长？<br>支持7天无理由退货不？,小熊电器官方旗舰店,953780186914,小熊桶装水电动抽水器吸水器压水器自吸全自动抽水神器水泵上水器,https://detail.tmall.com/item.htm?id=953780186914,fad10aed2a1656e78be81be0e7610bd601564dcc186e6b46eea1c0e715ac040f_2215007019509_20260803,,,,,,,,,,
天猫,中性,咨询,2026-08-03 21:24:38,煮一壶开水要多少时间,小熊电器官方旗舰店,832406608200,小熊全玻璃恒温养生壶家用多功能办公室小型煮茶壶烧水壶炖煮一体,https://detail.tmall.com/item.htm?id=832406608200,1f767f4ddbc4a99e48bba72c6a20864a7fd685b9b8be941928f1ed1fc279a9a6_2217778896413_20260803,,,,,,,,,,
天猫,中性,咨询,2026-08-03 21:22:33,免费安装怎么预约<br>联系人： 电话号码: 地址：上海市浦区镇 <br>你好我这个应该安装不上，不用预约师<br>退货怎么申请,小熊电器官方旗舰店,829752288160,小熊迷你内衣内裤洗衣机专用洗袜子全自动小型迷你小型婴儿清洗机,https://detail.tmall.com/item.htm?id=829752288160,a4ad7f2f81d09c3e70c7dd6e8b9c42cf2636f01c780b89126691c9b9238635e4_2209570416623_20260803,,,,,,,,,,
天猫,中性,咨询,2026-08-03 21:22:33,免费安装怎么预约<br>联系人： 电话号码: 地址：上海市浦区镇 <br>你好我这个应该安装不上，不用预约师<br>退货怎么申请,小熊电器官方旗舰店,829752288160,小熊迷你内衣内裤洗衣机专用洗袜子全自动小型迷你小型婴儿清洗机,https://detail.tmall.com/item.htm?id=829752288160,a4ad7f2f81d09c3e70c7dd6e8b9c42cf2636f01c780b89126691c9b9238635e4_2209570416623_20260803,,,,,,,,,,
天猫,中性,咨询,2026-08-03 21:22:33,免费安装怎么预约<br>联系人： 电话号码: 地址：上海市浦区镇 <br>你好我这个应该安装不上，不用预约师<br>退货怎么申请,小熊电器官方旗舰店,829752288160,小熊迷你内衣内裤洗衣机专用洗袜子全自动小型迷你小型婴儿清洗机,https://detail.tmall.com/item.htm?id=829752288160,a4ad7f2f81d09c3e70c7dd6e8b9c42cf2636f01c780b89126691c9b9238635e4_2209570416623_20260803,,,,,,,,,,
天猫,中性,咨询,2026-08-03 21:22:33,免费安装怎么预约<br>联系人： 电话号码: 地址：上海市浦区镇 <br>你好我这个应该安装不上，不用预约师<br>退货怎么申请,小熊电器官方旗舰店,829752288160,小熊迷你内衣内裤洗衣机专用洗袜子全自动小型迷你小型婴儿清洗机,https://detail.tmall.com/item.htm?id=829752288160,a4ad7f2f81d09c3e70c7dd6e8b9c42cf2636f01c780b89126691c9b9238635e4_2209570416623_20260803,,,,,,,,,,
天猫,中性,咨询,2026-08-03 21:22:21,3L煮多少生米<br>1斤左右，是吧<br>适合几人吃，这不好算<br>每个人饭量不同,小熊电器官方旗舰店,652993501043,小熊电饭煲家用3到4人小型智能电饭锅陶瓷油内胆不粘微压快煮饭,https://detail.tmall.com/item.htm?id=652993501043,f9a63380c2c7f2df11f3f9ae50e8958e9e2fc888dc0594c35c42fded90c53206_2217680629592_20260803,,,,,,,,,,
天猫,负向,咨询,2026-08-03 21:22:21,3L煮多少生米<br>1斤左右，是吧<br>适合几人吃，这不好算<br>每个人饭量不同,小熊电器官方旗舰店,652993501043,小熊电饭煲家用3到4人小型智能电饭锅陶瓷油内胆不粘微压快煮饭,https://detail.tmall.com/item.htm?id=652993501043,f9a63380c2c7f2df11f3f9ae50e8958e9e2fc888dc0594c35c42fded90c53206_2217680629592_20260803,,,,,,,,,,
天猫,负向,咨询,2026-08-03 21:22:21,3L煮多少生米<br>1斤左右，是吧<br>适合几人吃，这不好算<br>每个人饭量不同,小熊电器官方旗舰店,652993501043,小熊电饭煲家用3到4人小型智能电饭锅陶瓷油内胆不粘微压快煮饭,https://detail.tmall.com/item.htm?id=652993501043,f9a63380c2c7f2df11f3f9ae50e8958e9e2fc888dc0594c35c42fded90c53206_2217680629592_20260803,,,,,,,,,,
天猫,中性,咨询,2026-08-03 21:22:04,功率多少？,小熊电器官方旗舰店,829752288160,小熊迷你内衣内裤洗衣机专用洗袜子全自动小型迷你小型婴儿清洗机,https://detail.tmall.com/item.htm?id=829752288160,c68ec790fdce13d7c32260c2edd85ebc5696ab74dfe00e538fbd049a215d80d4_2209570416623_20260803,,,,,,,,,,
天猫,中性,咨询,2026-08-03 21:20:19,多长<br>管子多长,小熊电器官方旗舰店,953780186914,小熊桶装水电动抽水器吸水器压水器自吸全自动抽水神器水泵上水器,https://detail.tmall.com/item.htm?id=953780186914,6103fbdc09b43b1f983d981cbd3ad4fe1caf5ad63f8f876381ca7797c9ebea5f_2209671807142_20260803,,,,,,,,,,
天猫,中性,咨询,2026-08-03 21:17:20,刚买过来要怎么开锅,小熊电器官方旗舰店,652993501043,小熊电饭煲家用3到4人小型智能电饭锅陶瓷油内胆不粘微压快煮饭,https://detail.tmall.com/item.htm?id=652993501043,271bb93e2c59f41635d13607e64db46bff73978b5097c119777124bbb1b31237_2208914208902_20260803,,,,,,,,,,
天猫,中性,咨询,2026-08-03 21:17:20,刚买过来要怎么开锅,小熊电器官方旗舰店,652993501043,小熊电饭煲家用3到4人小型智能电饭锅陶瓷油内胆不粘微压快煮饭,https://detail.tmall.com/item.htm?id=652993501043,271bb93e2c59f41635d13607e64db46bff73978b5097c119777124bbb1b31237_2208914208902_20260803,,,,,,,,,,
天猫,中性,咨询,2026-08-03 21:13:37,能煮纯吗<br>那煮茶或者红枣水，烧开没问题吧？,小熊电器官方旗舰店,832406608200,小熊全玻璃恒温养生壶家用多功能办公室小型煮茶壶烧水壶炖煮一体,https://detail.tmall.com/item.htm?id=832406608200,4fae839aa73161793590827d3ed71d48e927bb8e59cbff994ac3e75e3335fdde_2217778896413_20260803,,,,,,,,,,
天猫,中性,咨询,2026-08-03 21:13:32,这款产品的内盖有配件卖吗,小熊电器官方旗舰店,652993501043,小熊电饭煲家用3到4人小型智能电饭锅陶瓷油内胆不粘微压快煮饭,https://detail.tmall.com/item.htm?id=652993501043,9b5169924f3b18c2459927f3e340b63e4ab83988896e58b11979b695ee955d0f_2213283425041_20260803,,,,,,,,,,
天猫,正向,咨询,2026-08-03 21:13:10,你好 这边显示明天会送到 我想预约上门安装<br>这边看看怎么操作呢<br>收件人: 手机号码: 所区: 省市台,小熊电器官方旗舰店,829752288160,小熊迷你内衣内裤洗衣机专用洗袜子全自动小型迷你小型婴儿清洗机,https://detail.tmall.com/item.htm?id=829752288160,20fd344000a11675250aa925cdfc0d5509e2473913e208e24aa4291a546a127a_2212796238773_20260803,,,,,,,,,,
天猫,中性,咨询,2026-08-03 21:13:10,你好 这边显示明天会送到 我想预约上门安装<br>这边看看怎么操作呢<br>收件人: 手机号码: 所区: 省市台,小熊电器官方旗舰店,829752288160,小熊迷你内衣内裤洗衣机专用洗袜子全自动小型迷你小型婴儿清洗机,https://detail.tmall.com/item.htm?id=829752288160,20fd344000a11675250aa925cdfc0d5509e2473913e208e24aa4291a546a127a_2212796238773_20260803,,,,,,,,,,
天猫,中性,咨询,2026-08-03 21:13:10,你好 这边显示明天会送到 我想预约上门安装<br>这边看看怎么操作呢<br>收件人: 手机号码: 所区: 省市台,小熊电器官方旗舰店,829752288160,小熊迷你内衣内裤洗衣机专用洗袜子全自动小型迷你小型婴儿清洗机,https://detail.tmall.com/item.htm?id=829752288160,20fd344000a11675250aa925cdfc0d5509e2473913e208e24aa4291a546a127a_2212796238773_20260803,,,,,,,,,,
天猫,中性,咨询,2026-08-03 21:11:57,你好，这个洗衣机内筒可以更换吗,小熊电器官方旗舰店,829752288160,小熊迷你内衣内裤洗衣机专用洗袜子全自动小型迷你小型婴儿清洗机,https://detail.tmall.com/item.htm?id=829752288160,96fa2850ce3b0c0e602bf6938436adc205f83611f24b9eebd7b956db8ed47367_2212796238773_20260803,,,,,,,,,,
天猫,中性,咨询,2026-08-03 21:08:54,这是几个人的饭量,小熊电器官方旗舰店,652993501043,小熊电饭煲家用3到4人小型智能电饭锅陶瓷油内胆不粘微压快煮饭,https://detail.tmall.com/item.htm?id=652993501043,3657bce9e62f471a464a172f4aa3553355416478a278132c6ad1d090a4934c18_2222633286999_20260803,,,,,,,,,,
天猫,中性,咨询,2026-08-03 21:08:14,这个打开多高？,小熊电器官方旗舰店,829752288160,小熊迷你内衣内裤洗衣机专用洗袜子全自动小型迷你小型婴儿清洗机,https://detail.tmall.com/item.htm?id=829752288160,83e1fb0bc646ac2b79cc925c55b90ce2b8e959e08b6f658b2a2de82917940676_2209570416623_20260803,,,,,,,,,,
天猫,中性,咨询,2026-08-03 21:06:01,您好这个洗衣机是多大功率的<br>大学宿舍可以用吗<br>宿舍要求不高于500w<br>限电,小熊电器官方旗舰店,829752288160,小熊迷你内衣内裤洗衣机专用洗袜子全自动小型迷你小型婴儿清洗机,https://detail.tmall.com/item.htm?id=829752288160,15e0b20060996e5f8b886247d63b08f553a74f680aeec822272405aaf132f3bd_2212796238773_20260803,,,,,,,,,,
天猫,负向,咨询,2026-08-03 21:05:40,这样子，按去没反应<br>,小熊电器官方旗舰店,832406608200,小熊全玻璃恒温养生壶家用多功能办公室小型煮茶壶烧水壶炖煮一体,https://detail.tmall.com/item.htm?id=832406608200,e651aad5322c71202275fade88b1cf011d2ebb13adbcd9b4b671eebe0f753b60_2217778896413_20260803,,,,,,,,,,
天猫,中性,咨询,2026-08-03 21:00:28,你好，请问有XYJ-D10U5这款迷你洗衣机的配件卖吗？<br>排水管之类的,小熊电器官方旗舰店,829752288160,小熊迷你内衣内裤洗衣机专用洗袜子全自动小型迷你小型婴儿清洗机,https://detail.tmall.com/item.htm?id=829752288160,b733c79077be47b2a2bea96f8ffa7a10402717146f07fa3af4b4608848da7d4f_2212796238773_20260803,,,,,,,,,,
天猫,中性,咨询,2026-08-03 20:57:45,我买了几个5L适配的的都晃晃悠悠的<br>根本卡不住<br>一碰就快掉了<br>这个最适配的是那种桶装水哈<br>行我懂你意思了,小熊电器官方旗舰店,953780186914,小熊桶装水电动抽水器吸水器压水器自吸全自动抽水神器水泵上水器,https://detail.tmall.com/item.htm?id=953780186914,c0f331d8754b3dd06c66d97c09d61f2711897353b316f0a40a60bb8013157676_2209671807142_20260803,,,,,,,,,,
天猫,中性,咨询,2026-08-03 20:57:32,壶下有水从台面滑下去了<br>配件里没找到这个呀<br>YSH-E15Q3就是这个型号吧<br>,小熊电器官方旗舰店,832406608200,小熊全玻璃恒温养生壶家用多功能办公室小型煮茶壶烧水壶炖煮一体,https://detail.tmall.com/item.htm?id=832406608200,cdfcb386f167d6e248bda0113372a5c83ab363b0376fbbfade7b3df8587c8df5_2221471527020_20260803,,,,,,,,,,
天猫,中性,咨询,2026-08-03 20:52:26,你好，洗烘一体的话，光单洗多长时间？洗烘一体的话多长时间？<br>有没有高<br>产品质保多长时间？<br>才质保一年啊。<br>一般不都是三年吗？<br>能挂墙安装吗？<br>洗衣液怎么放？,小熊电器官方旗舰店,829752288160,小熊迷你内衣内裤洗衣机专用洗袜子全自动小型迷你小型婴儿清洗机,https://detail.tmall.com/item.htm?id=829752288160,fee5ea5c012aa03b465e444e672c23d5c2c7e3c6fc7760ee5c18d28851518297_2212796238773_20260803,,,,,,,,,,
天猫,中性,咨询,2026-08-03 20:52:26,你好，洗烘一体的话，光单洗多长时间？洗烘一体的话多长时间？<br>有没有高<br>产品质保多长时间？<br>才质保一年啊。<br>一般不都是三年吗？<br>能挂墙安装吗？<br>洗衣液怎么放？,小熊电器官方旗舰店,829752288160,小熊迷你内衣内裤洗衣机专用洗袜子全自动小型迷你小型婴儿清洗机,https://detail.tmall.com/item.htm?id=829752288160,fee5ea5c012aa03b465e444e672c23d5c2c7e3c6fc7760ee5c18d28851518297_2212796238773_20260803,,,,,,,,,,
天猫,中性,咨询,2026-08-03 20:52:26,你好，洗烘一体的话，光单洗多长时间？洗烘一体的话多长时间？<br>有没有高<br>产品质保多长时间？<br>才质保一年啊。<br>一般不都是三年吗？<br>能挂墙安装吗？<br>洗衣液怎么放？,小熊电器官方旗舰店,829752288160,小熊迷你内衣内裤洗衣机专用洗袜子全自动小型迷你小型婴儿清洗机,https://detail.tmall.com/item.htm?id=829752288160,fee5ea5c012aa03b465e444e672c23d5c2c7e3c6fc7760ee5c18d28851518297_2212796238773_20260803,,,,,,,,,,
天猫,中性,咨询,2026-08-03 20:52:26,你好，洗烘一体的话，光单洗多长时间？洗烘一体的话多长时间？<br>有没有高<br>产品质保多长时间？<br>才质保一年啊。<br>一般不都是三年吗？<br>能挂墙安装吗？<br>洗衣液怎么放？,小熊电器官方旗舰店,829752288160,小熊迷你内衣内裤洗衣机专用洗袜子全自动小型迷你小型婴儿清洗机,https://detail.tmall.com/item.htm?id=829752288160,fee5ea5c012aa03b465e444e672c23d5c2c7e3c6fc7760ee5c18d28851518297_2212796238773_20260803,,,,,,,,,,
天猫,中性,咨询,2026-08-03 20:52:26,你好，洗烘一体的话，光单洗多长时间？洗烘一体的话多长时间？<br>有没有高<br>产品质保多长时间？<br>才质保一年啊。<br>一般不都是三年吗？<br>能挂墙安装吗？<br>洗衣液怎么放？,小熊电器官方旗舰店,829752288160,小熊迷你内衣内裤洗衣机专用洗袜子全自动小型迷你小型婴儿清洗机,https://detail.tmall.com/item.htm?id=829752288160,fee5ea5c012aa03b465e444e672c23d5c2c7e3c6fc7760ee5c18d28851518297_2212796238773_20260803,,,,,,,,,,
天猫,中性,咨询,2026-08-03 20:51:04,你好，这个预约功能怎么计时，比如明天8点10分想喝粥，今晚10点半预约，怎么定时？,小熊电器官方旗舰店,652993501043,小熊电饭煲家用3到4人小型智能电饭锅陶瓷油内胆不粘微压快煮饭,https://detail.tmall.com/item.htm?id=652993501043,62d5e81b8a250ba8111dfe7b93768670ab9eb0c72a3a2f4e2e1da80ba9640d0f_2212837734466_20260803,,,,,,,,,,
天猫,中性,咨询,2026-08-03 20:51:04,你好，这个预约功能怎么计时，比如明天8点10分想喝粥，今晚10点半预约，怎么定时？,小熊电器官方旗舰店,652993501043,小熊电饭煲家用3到4人小型智能电饭锅陶瓷油内胆不粘微压快煮饭,https://detail.tmall.com/item.htm?id=652993501043,62d5e81b8a250ba8111dfe7b93768670ab9eb0c72a3a2f4e2e1da80ba9640d0f_2212837734466_20260803,,,,,,,,,,
天猫,中性,咨询,2026-08-03 20:46:34,有大火，小火炖的功能吗<br>是哪个档位,小熊电器官方旗舰店,832406608200,小熊全玻璃恒温养生壶家用多功能办公室小型煮茶壶烧水壶炖煮一体,https://detail.tmall.com/item.htm?id=832406608200,b94e6bd2e0dad13d6d3f0819473fcbe4ab4f75efce1f7f65ad56774f59c3c2cf_2217778896413_20260803,,,,,,,,,,
天猫,中性,咨询,2026-08-03 20:46:34,有大火，小火炖的功能吗<br>是哪个档位,小熊电器官方旗舰店,832406608200,小熊全玻璃恒温养生壶家用多功能办公室小型煮茶壶烧水壶炖煮一体,https://detail.tmall.com/item.htm?id=832406608200,b94e6bd2e0dad13d6d3f0819473fcbe4ab4f75efce1f7f65ad56774f59c3c2cf_2217778896413_20260803,,,,,,,,,,
天猫,中性,咨询,2026-08-03 20:41:44,这是干什么的<br>,小熊电器官方旗舰店,829752288160,小熊迷你内衣内裤洗衣机专用洗袜子全自动小型迷你小型婴儿清洗机,https://detail.tmall.com/item.htm?id=829752288160,194ca0ff889835d415ec07c0ccb49e41bd2cdda6120a3da1f5b12665d1f91553_2212796238773_20260803,,,,,,,,,,
天猫,中性,咨询,2026-08-03 20:40:36,保修多久,小熊电器官方旗舰店,953780186914,小熊桶装水电动抽水器吸水器压水器自吸全自动抽水神器水泵上水器,https://detail.tmall.com/item.htm?id=953780186914,b5c447610a087212fa48036b5ce3557cfedc4cf47065c3998bd375b67347fccd_2215007019509_20260803,,,,,,,,,,
天猫,中性,咨询,2026-08-03 20:35:59,能炖粥吗？,小熊电器官方旗舰店,652993501043,小熊电饭煲家用3到4人小型智能电饭锅陶瓷油内胆不粘微压快煮饭,https://detail.tmall.com/item.htm?id=652993501043,2ffc7f7048732a5a89d76fac8feb27ee8ab911cf4e6e07d7ad9cd748115096cc_2212837734466_20260803,,,,,,,,,,
天猫,中性,咨询,2026-08-03 20:35:02,你好，这个抽水器想问问有做疲劳度测试吗，我现在有个美的的抽水器用一年顶盖就开胶+充不了电，主要想问你们这个正常用能用多久,小熊电器官方旗舰店,953780186914,小熊桶装水电动抽水器吸水器压水器自吸全自动抽水神器水泵上水器,https://detail.tmall.com/item.htm?id=953780186914,3780ed3a2c7f8a504139ff744cfb8fa097c1125cdb1b2a40da187bc66e3006fc_2212762838999_20260803,,,,,,,,,,
天猫,中性,咨询,2026-08-03 20:29:24,你好这个壶子的盖子有配件吗<br>这个壶我们才用了10几次盖子就完全解体了<br>我试试吧，那个螺丝好像脱在滤网里了，不好拿出来,小熊电器官方旗舰店,832406608200,小熊全玻璃恒温养生壶家用多功能办公室小型煮茶壶烧水壶炖煮一体,https://detail.tmall.com/item.htm?id=832406608200,5c842f837cb8d24d6be85b48059c561a2b1cec1d0af29455c547bd98e873ad41_2217778896413_20260803,,,,,,,,,,
天猫,负向,咨询,2026-08-03 20:29:24,你好这个壶子的盖子有配件吗<br>这个壶我们才用了10几次盖子就完全解体了<br>我试试吧，那个螺丝好像脱在滤网里了，不好拿出来,小熊电器官方旗舰店,832406608200,小熊全玻璃恒温养生壶家用多功能办公室小型煮茶壶烧水壶炖煮一体,https://detail.tmall.com/item.htm?id=832406608200,5c842f837cb8d24d6be85b48059c561a2b1cec1d0af29455c547bd98e873ad41_2217778896413_20260803,,,,,,,,,,
天猫,中性,咨询,2026-08-03 20:27:22,这个页面上是36<br>怎么点进去购买就是51了,小熊电器官方旗舰店,953780186914,小熊桶装水电动抽水器吸水器压水器自吸全自动抽水神器水泵上水器,https://detail.tmall.com/item.htm?id=953780186914,0eae8014101ed109ba203c71881e50c39596fd12eb074b0163f91cab95a805b1_2212455992463_20260803,,,,,,,,,,
天猫,中性,咨询,2026-08-03 20:24:43,上下水怎么弄<br>只有这种怎么办<br>怎么安装<br>没有这个水龙头<br>需要买东西吗<br>这个水龙头装在哪里<br>没有水龙头低<br>没有水龙头诶<br>是把这个换成水龙头吗<br>我要买什么配件<br>加个水龙头在这里？<br>,小熊电器官方旗舰店,829752288160,小熊迷你内衣内裤洗衣机专用洗袜子全自动小型迷你小型婴儿清洗机,https://detail.tmall.com/item.htm?id=829752288160,d660c00fdb61ecacdcc16670a2e2a455cf22545ba60fae2b194c07ce63e7fb36_2212796238773_20260803,,,,,,,,,,
天猫,中性,咨询,2026-08-03 20:24:43,上下水怎么弄<br>只有这种怎么办<br>怎么安装<br>没有这个水龙头<br>需要买东西吗<br>这个水龙头装在哪里<br>没有水龙头低<br>没有水龙头诶<br>是把这个换成水龙头吗<br>我要买什么配件<br>加个水龙头在这里？<br>,小熊电器官方旗舰店,829752288160,小熊迷你内衣内裤洗衣机专用洗袜子全自动小型迷你小型婴儿清洗机,https://detail.tmall.com/item.htm?id=829752288160,d660c00fdb61ecacdcc16670a2e2a455cf22545ba60fae2b194c07ce63e7fb36_2212796238773_20260803,,,,,,,,,,
天猫,中性,咨询,2026-08-03 20:22:31,拍这个养生壶发什么快递？<br>,小熊电器官方旗舰店,832406608200,小熊全玻璃恒温养生壶家用多功能办公室小型煮茶壶烧水壶炖煮一体,https://detail.tmall.com/item.htm?id=832406608200,84c4b718ee1a602133bf162c3d8912ceb3c1eabb697df14327ec21070a480ca8_2217778896413_20260803,,,,,,,,,,
天猫,中性,咨询,2026-08-03 20:21:38,可以定<br>一壶水多久能烧开<br>降45度得多久,小熊电器官方旗舰店,832406608200,小熊全玻璃恒温养生壶家用多功能办公室小型煮茶壶烧水壶炖煮一体,https://detail.tmall.com/item.htm?id=832406608200,923487bc406bc121e1414cf2f988cab0b014ab71f29ef0d262a725244c4aefe9_2217778896413_20260803,,,,,,,,,,
天猫,中性,咨询,2026-08-03 20:21:09,地址改为：省县镇和代收,小熊电器官方旗舰店,953780186914,小熊桶装水电动抽水器吸水器压水器自吸全自动抽水神器水泵上水器,https://detail.tmall.com/item.htm?id=953780186914,9113e904fa635a23348a60c1624283bc2a916d003ffbcf416744f85973c90169_2222244658184_20260803,,,,,,,,,,
天猫,中性,咨询,2026-08-03 20:15:41,煮的时间是多久啊<br>15Q3 煮花茶 两分<br>这个可以定好时间煮吗 怎么定时麻烦不<br>那烧开水要多久,小熊电器官方旗舰店,832406608200,小熊全玻璃恒温养生壶家用多功能办公室小型煮茶壶烧水壶炖煮一体,https://detail.tmall.com/item.htm?id=832406608200,35cfa469fc2d014239601a95d2164f939a7b3d270cc004695adf5054b9a29d80_2217778896413_20260803,,,,,,,,,,
天猫,中性,咨询,2026-08-03 20:15:41,煮的时间是多久啊<br>15Q3 煮花茶 两分<br>这个可以定好时间煮吗 怎么定时麻烦不<br>那烧开水要多久,小熊电器官方旗舰店,832406608200,小熊全玻璃恒温养生壶家用多功能办公室小型煮茶壶烧水壶炖煮一体,https://detail.tmall.com/item.htm?id=832406608200,35cfa469fc2d014239601a95d2164f939a7b3d270cc004695adf5054b9a29d80_2217778896413_20260803,,,,,,,,,,
天猫,中性,咨询,2026-08-03 20:15:41,煮的时间是多久啊<br>15Q3 煮花茶 两分<br>这个可以定好时间煮吗 怎么定时麻烦不<br>那烧开水要多久,小熊电器官方旗舰店,832406608200,小熊全玻璃恒温养生壶家用多功能办公室小型煮茶壶烧水壶炖煮一体,https://detail.tmall.com/item.htm?id=832406608200,35cfa469fc2d014239601a95d2164f939a7b3d270cc004695adf5054b9a29d80_2217778896413_20260803,,,,,,,,,,
天猫,中性,咨询,2026-08-03 20:15:41,煮的时间是多久啊<br>15Q3 煮花茶 两分<br>这个可以定好时间煮吗 怎么定时麻烦不<br>那烧开水要多久,小熊电器官方旗舰店,832406608200,小熊全玻璃恒温养生壶家用多功能办公室小型煮茶壶烧水壶炖煮一体,https://detail.tmall.com/item.htm?id=832406608200,35cfa469fc2d014239601a95d2164f939a7b3d270cc004695adf5054b9a29d80_2217778896413_20260803,,,,,,,,,,
天猫,中性,咨询,2026-08-03 20:15:41,煮的时间是多久啊<br>15Q3 煮花茶 两分<br>这个可以定好时间煮吗 怎么定时麻烦不<br>那烧开水要多久,小熊电器官方旗舰店,832406608200,小熊全玻璃恒温养生壶家用多功能办公室小型煮茶壶烧水壶炖煮一体,https://detail.tmall.com/item.htm?id=832406608200,35cfa469fc2d014239601a95d2164f939a7b3d270cc004695adf5054b9a29d80_2217778896413_20260803,,,,,,,,,,
天猫,中性,咨询,2026-08-03 20:15:41,煮的时间是多久啊<br>15Q3 煮花茶 两分<br>这个可以定好时间煮吗 怎么定时麻烦不<br>那烧开水要多久,小熊电器官方旗舰店,832406608200,小熊全玻璃恒温养生壶家用多功能办公室小型煮茶壶烧水壶炖煮一体,https://detail.tmall.com/item.htm?id=832406608200,35cfa469fc2d014239601a95d2164f939a7b3d270cc004695adf5054b9a29d80_2217778896413_20260803,,,,,,,,,,
天猫,中性,咨询,2026-08-03 20:09:11,显示保放熟了<br>显示保饭熟了吗<br>保里的数字是什么意思,小熊电器官方旗舰店,652993501043,小熊电饭煲家用3到4人小型智能电饭锅陶瓷油内胆不粘微压快煮饭,https://detail.tmall.com/item.htm?id=652993501043,079661c59cfdcdfaf2105dc89f92dd96ea5a105b9ca4070aa227cf379d39fa27_2222234020629_20260803,,,,,,,,,,
天猫,中性,咨询,2026-08-03 20:08:35,1.5升的壶口多少CM多高,小熊电器官方旗舰店,832406608200,小熊全玻璃恒温养生壶家用多功能办公室小型煮茶壶烧水壶炖煮一体,https://detail.tmall.com/item.htm?id=832406608200,abb2a6500f0c23dab4be6c5e48c142621d546a471f2677665498e7849b0d4d27_2217778896413_20260803,,,,,,,,,,
天猫,中性,咨询,2026-08-03 20:08:35,1.5升的壶口多少CM多高,小熊电器官方旗舰店,832406608200,小熊全玻璃恒温养生壶家用多功能办公室小型煮茶壶烧水壶炖煮一体,https://detail.tmall.com/item.htm?id=832406608200,abb2a6500f0c23dab4be6c5e48c142621d546a471f2677665498e7849b0d4d27_2217778896413_20260803,,,,,,,,,,
天猫,中性,咨询,2026-08-03 20:08:31,怎么用来着,小熊电器官方旗舰店,832406608200,小熊全玻璃恒温养生壶家用多功能办公室小型煮茶壶烧水壶炖煮一体,https://detail.tmall.com/item.htm?id=832406608200,32f2ab519a0ce8c74214f307704b13c4b1864034695be8bc15d36c1084c034c1_2215107505922_20260803,,,,,,,,,,
天猫,正向,咨询,2026-08-03 20:08:01,坏了能保修吗？<br>去年3月份买的。<br>请做好用户接待，及时解决问题，2分系统会发送买家评价卡片。<br>就洗不了。<br>显示器还会跳。<br>里面就不会转动,小熊电器官方旗舰店,829752288160,小熊迷你内衣内裤洗衣机专用洗袜子全自动小型迷你小型婴儿清洗机,https://detail.tmall.com/item.htm?id=829752288160,7614c34ffa125fe3562cec4b9cb00bc5181be20c8b06b66eb4541f49cb2b19ae_2212796238773_20260803,,,,,,,,,,
天猫,中性,咨询,2026-08-03 20:08:01,坏了能保修吗？<br>去年3月份买的。<br>请做好用户接待，及时解决问题，2分系统会发送买家评价卡片。<br>就洗不了。<br>显示器还会跳。<br>里面就不会转动,小熊电器官方旗舰店,829752288160,小熊迷你内衣内裤洗衣机专用洗袜子全自动小型迷你小型婴儿清洗机,https://detail.tmall.com/item.htm?id=829752288160,7614c34ffa125fe3562cec4b9cb00bc5181be20c8b06b66eb4541f49cb2b19ae_2212796238773_20260803,,,,,,,,,,
天猫,中性,咨询,2026-08-03 20:05:34,请问这款电饭煲，盖子材质是什么？,小熊电器官方旗舰店,652993501043,小熊电饭煲家用3到4人小型智能电饭锅陶瓷油内胆不粘微压快煮饭,https://detail.tmall.com/item.htm?id=652993501043,ab286946d631603a7dc14bbd87fb5a652ea149802bbc1ccb9a784efcbe1518c2_2212837734466_20260803,,,,,,,,,,
天猫,中性,咨询,2026-08-03 20:03:41,这个能一直煮吗,小熊电器官方旗舰店,832406608200,小熊全玻璃恒温养生壶家用多功能办公室小型煮茶壶烧水壶炖煮一体,https://detail.tmall.com/item.htm?id=832406608200,bf19f2be6af8a13fe7a014d1d38de10ae543de402f67ffd7318740c84270e1e2_2217778896413_20260803,,,,,,,,,,
天猫,中性,咨询,2026-08-03 20:01:26,能开发票吗？<br>质保多久？,小熊电器官方旗舰店,832406608200,小熊全玻璃恒温养生壶家用多功能办公室小型煮茶壶烧水壶炖煮一体,https://detail.tmall.com/item.htm?id=832406608200,f9125b0e0df134384cc5545e880cbd6841f20dc9964914cf9c59aa275402c434_2217778896413_20260803,,,,,,,,,,
天猫,中性,咨询,2026-08-03 20:01:26,能开发票吗？<br>质保多久？,小熊电器官方旗舰店,832406608200,小熊全玻璃恒温养生壶家用多功能办公室小型煮茶壶烧水壶炖煮一体,https://detail.tmall.com/item.htm?id=832406608200,f9125b0e0df134384cc5545e880cbd6841f20dc9964914cf9c59aa275402c434_2217778896413_20260803,,,,,,,,,,
天猫,中性,咨询,2026-08-03 20:00:50,3升什么型号,小熊电器官方旗舰店,652993501043,小熊电饭煲家用3到4人小型智能电饭锅陶瓷油内胆不粘微压快煮饭,https://detail.tmall.com/item.htm?id=652993501043,acb849c6165194de61faa53f08ebefdf0a6b5d1731cb9168a9dd24ac91cfcd08_2217680629592_20260803,,,,,,,,,,
天猫,中性,咨询,2026-08-03 19:58:47,给上门免费安装吗,小熊电器官方旗舰店,829752288160,小熊迷你内衣内裤洗衣机专用洗袜子全自动小型迷你小型婴儿清洗机,https://detail.tmall.com/item.htm?id=829752288160,d419bd42807b356204d3d9ff852a2db4bbdf15bf66e63a19668729c1cc5570d9_2212796238773_20260803,,,,,,,,,,
天猫,中性,咨询,2026-08-03 19:58:36,你好 有好评返现吗<br>,小熊电器官方旗舰店,832406608200,小熊全玻璃恒温养生壶家用多功能办公室小型煮茶壶烧水壶炖煮一体,https://detail.tmall.com/item.htm?id=832406608200,45d9b319bb2dfe4609b1ac8cd5fde888b220767534f035b8bd6084d75068a460_2209720364600_20260803,,,,,,,,,,
天猫,中性,咨询,2026-08-03 19:49:41,你好，壶口多大,小熊电器官方旗舰店,832406608200,小熊全玻璃恒温养生壶家用多功能办公室小型煮茶壶烧水壶炖煮一体,https://detail.tmall.com/item.htm?id=832406608200,30b618c3fa1d56ab3e3694840a6ee834ae3c276914d59d12c3dce2b5866eb666_2217778896413_20260803,,,,,,,,,,
天猫,中性,咨询,2026-08-03 19:44:26,排水管可以再长一点吗<br>我看现在是1.5<br>那水龙头的地还需要买什么东西 可以同时大洗衣机和小洗衣机一起运行的？<br>烘干大概需要多久呀<br>好的买了哈,小熊电器官方旗舰店,829752288160,小熊迷你内衣内裤洗衣机专用洗袜子全自动小型迷你小型婴儿清洗机,https://detail.tmall.com/item.htm?id=829752288160,b72f1743651b6a7a94128a742ffa2f1b669f6b421181dc473af640be2260b6ef_2212796238773_20260803,,,,,,,,,,
天猫,中性,咨询,2026-08-03 19:44:26,排水管可以再长一点吗<br>我看现在是1.5<br>那水龙头的地还需要买什么东西 可以同时大洗衣机和小洗衣机一起运行的？<br>烘干大概需要多久呀<br>好的买了哈,小熊电器官方旗舰店,829752288160,小熊迷你内衣内裤洗衣机专用洗袜子全自动小型迷你小型婴儿清洗机,https://detail.tmall.com/item.htm?id=829752288160,b72f1743651b6a7a94128a742ffa2f1b669f6b421181dc473af640be2260b6ef_2212796238773_20260803,,,,,,,,,,
天猫,正向,咨询,2026-08-03 19:31:41,我原来买的小饭煲饭烧好一掀盖上面都是水，每次要用餐巾纸擦水，以前买的电饭餐从来没有这种情况，而且每次要跳闸，我要换到别座上烧饭,小熊电器官方旗舰店,652993501043,小熊电饭煲家用3到4人小型智能电饭锅陶瓷油内胆不粘微压快煮饭,https://detail.tmall.com/item.htm?id=652993501043,a1a67bffd3ae17afca8433dcae984c076a02fc9cd3365f2c563ae2fed0c4e3ba_2217680629592_20260803,,,,,,,,,,
天猫,中性,咨询,2026-08-03 19:19:18,你好，这个是多少分贝的呀,小熊电器官方旗舰店,1066545498108,【新品抢先加购 4号付定】小熊破壁机豆浆机全自动家用多功能新款,https://detail.tmall.com/item.htm?id=1066545498108,0446c098973c5a2eb25814ecbf2470e3492dc9d0012f77fe35c2c6f4f8edbf07_2212470730276_20260803,,,,,,,,,,
天猫,中性,咨询,2026-08-03 19:17:09,这个烧水要多久啊,小熊电器官方旗舰店,832406608200,小熊全玻璃恒温养生壶家用多功能办公室小型煮茶壶烧水壶炖煮一体,https://detail.tmall.com/item.htm?id=832406608200,9e1ee7c138df518c7ec663607fb28cda45c3e0449c6618044136f8febb988d82_2221471527020_20260803,,,,,,,,,,
天猫,中性,咨询,2026-08-03 19:15:09,是两个内胆吗,小熊电器官方旗舰店,652993501043,小熊电饭煲家用3到4人小型智能电饭锅陶瓷油内胆不粘微压快煮饭,https://detail.tmall.com/item.htm?id=652993501043,2671b743e859d2846ace14e14114cae9529e2fd43ddc4f8f9cd2491122daadc3_2212837734466_20260803,,,,,,,,,,
天猫,中性,咨询,2026-08-03 19:14:38,这个热水壶都没用多久就烧糊了哇<br>我回头试试<br>,小熊电器官方旗舰店,832406608200,小熊全玻璃恒温养生壶家用多功能办公室小型煮茶壶烧水壶炖煮一体,https://detail.tmall.com/item.htm?id=832406608200,f0dbc60cd88585b6a1e6c0a287c53c98c23f609d771e911dac7c402f4f78f7fa_2209720364600_20260803,,,,,,,,,,
天猫,中性,咨询,2026-08-03 19:12:19,要不你们就配和短的管子<br>那就是之后装大的桶装水用不了了吧<br>发个短管吧<br>？<br>？<br>？<br>？<br>那就发长的，我自己剪<br>我要确保我后面换大的桶装水这个抽水器能用呀<br>现在让我把水管剪了用，后面我换大桶水怎么用啊<br>麻烦尽快处理，<br>发个水管，发了给我个单号<br>已向消费者发送差评挽回的邀评卡片,小熊电器官方旗舰店,953780186914,小熊桶装水电动抽水器吸水器压水器自吸全自动抽水神器水泵上水器,https://detail.tmall.com/item.htm?id=953780186914,5b94b1c3a62bcc9b7ce48f33b17b7ce342feffa3f4283c8259498c2473cfdf81_2215007019509_20260803,,,,,,,,,,
天猫,负向,咨询,2026-08-03 19:12:19,要不你们就配和短的管子<br>那就是之后装大的桶装水用不了了吧<br>发个短管吧<br>？<br>？<br>？<br>？<br>那就发长的，我自己剪<br>我要确保我后面换大的桶装水这个抽水器能用呀<br>现在让我把水管剪了用，后面我换大桶水怎么用啊<br>麻烦尽快处理，<br>发个水管，发了给我个单号<br>已向消费者发送差评挽回的邀评卡片,小熊电器官方旗舰店,953780186914,小熊桶装水电动抽水器吸水器压水器自吸全自动抽水神器水泵上水器,https://detail.tmall.com/item.htm?id=953780186914,5b94b1c3a62bcc9b7ce48f33b17b7ce342feffa3f4283c8259498c2473cfdf81_2215007019509_20260803,,,,,,,,,,
天猫,中性,咨询,2026-08-03 19:12:19,要不你们就配和短的管子<br>那就是之后装大的桶装水用不了了吧<br>发个短管吧<br>？<br>？<br>？<br>？<br>那就发长的，我自己剪<br>我要确保我后面换大的桶装水这个抽水器能用呀<br>现在让我把水管剪了用，后面我换大桶水怎么用啊<br>麻烦尽快处理，<br>发个水管，发了给我个单号<br>已向消费者发送差评挽回的邀评卡片,小熊电器官方旗舰店,953780186914,小熊桶装水电动抽水器吸水器压水器自吸全自动抽水神器水泵上水器,https://detail.tmall.com/item.htm?id=953780186914,5b94b1c3a62bcc9b7ce48f33b17b7ce342feffa3f4283c8259498c2473cfdf81_2215007019509_20260803,,,,,,,,,,
天猫,负向,咨询,2026-08-03 19:12:19,要不你们就配和短的管子<br>那就是之后装大的桶装水用不了了吧<br>发个短管吧<br>？<br>？<br>？<br>？<br>那就发长的，我自己剪<br>我要确保我后面换大的桶装水这个抽水器能用呀<br>现在让我把水管剪了用，后面我换大桶水怎么用啊<br>麻烦尽快处理，<br>发个水管，发了给我个单号<br>已向消费者发送差评挽回的邀评卡片,小熊电器官方旗舰店,953780186914,小熊桶装水电动抽水器吸水器压水器自吸全自动抽水神器水泵上水器,https://detail.tmall.com/item.htm?id=953780186914,5b94b1c3a62bcc9b7ce48f33b17b7ce342feffa3f4283c8259498c2473cfdf81_2215007019509_20260803,,,,,,,,,,
天猫,负向,咨询,2026-08-03 19:12:19,要不你们就配和短的管子<br>那就是之后装大的桶装水用不了了吧<br>发个短管吧<br>？<br>？<br>？<br>？<br>那就发长的，我自己剪<br>我要确保我后面换大的桶装水这个抽水器能用呀<br>现在让我把水管剪了用，后面我换大桶水怎么用啊<br>麻烦尽快处理，<br>发个水管，发了给我个单号<br>已向消费者发送差评挽回的邀评卡片,小熊电器官方旗舰店,953780186914,小熊桶装水电动抽水器吸水器压水器自吸全自动抽水神器水泵上水器,https://detail.tmall.com/item.htm?id=953780186914,5b94b1c3a62bcc9b7ce48f33b17b7ce342feffa3f4283c8259498c2473cfdf81_2215007019509_20260803,,,,,,,,,,
天猫,中性,咨询,2026-08-03 19:12:19,要不你们就配和短的管子<br>那就是之后装大的桶装水用不了了吧<br>发个短管吧<br>？<br>？<br>？<br>？<br>那就发长的，我自己剪<br>我要确保我后面换大的桶装水这个抽水器能用呀<br>现在让我把水管剪了用，后面我换大桶水怎么用啊<br>麻烦尽快处理，<br>发个水管，发了给我个单号<br>已向消费者发送差评挽回的邀评卡片,小熊电器官方旗舰店,953780186914,小熊桶装水电动抽水器吸水器压水器自吸全自动抽水神器水泵上水器,https://detail.tmall.com/item.htm?id=953780186914,5b94b1c3a62bcc9b7ce48f33b17b7ce342feffa3f4283c8259498c2473cfdf81_2215007019509_20260803,,,,,,,,,,
天猫,负向,咨询,2026-08-03 19:07:14,你好，我这个点饭煲用不了了，煮饭过会跳,小熊电器官方旗舰店,652993501043,小熊电饭煲家用3到4人小型智能电饭锅陶瓷油内胆不粘微压快煮饭,https://detail.tmall.com/item.htm?id=652993501043,c26903d692ec5e14e1d72a9fd933342d365142f34f1f6538f979cc4ae5b8abf7_2217680629592_20260803,,,,,,,,,,
天猫,中性,咨询,2026-08-03 19:06:36,这款功率是多大的<br>有没有功率大一点的？,小熊电器官方旗舰店,652993501043,小熊电饭煲家用3到4人小型智能电饭锅陶瓷油内胆不粘微压快煮饭,https://detail.tmall.com/item.htm?id=652993501043,5c76f8cfa4a4288db838c2eb26d873d723df5f530a028f788fc65c7a870a51ec_2212837734466_20260803,,,,,,,,,,
天猫,中性,咨询,2026-08-03 19:04:38,这个加热盘可以用来加热我的其他不锈钢壶吗,小熊电器官方旗舰店,832406608200,小熊全玻璃恒温养生壶家用多功能办公室小型煮茶壶烧水壶炖煮一体,https://detail.tmall.com/item.htm?id=832406608200,8789114cd1254087a1c132aba1c7ce2740d4e2901960659203444c6b4929c9a2_2217778896413_20260803,,,,,,,,,,
天猫,中性,咨询,2026-08-03 19:03:52,你好，打豆浆米糊会溢出来怎么办<br>坐标<br>水位都是正常的<br>且偏少<br>怎么识别呢,小熊电器官方旗舰店,1066545498108,【新品抢先加购 4号付定】小熊破壁机豆浆机全自动家用多功能新款,https://detail.tmall.com/item.htm?id=1066545498108,510d9b146fb7574efac38501a570ca95e012952c193a5371e3b8bdbadfc01973_2216831480938_20260803,,,,,,,,,,
天猫,中性,咨询,2026-08-03 19:02:49,这个能不能恒温？,小熊电器官方旗舰店,832406608200,小熊全玻璃恒温养生壶家用多功能办公室小型煮茶壶烧水壶炖煮一体,https://detail.tmall.com/item.htm?id=832406608200,71ad08121224f5b31fe9762d1e5b8546a4c3a836ff8bbb7ef67cc3263c897d7a_2217778896413_20260803,,,,,,,,,,
天猫,中性,咨询,2026-08-03 19:00:05,预约功能怎么用,小熊电器官方旗舰店,652993501043,小熊电饭煲家用3到4人小型智能电饭锅陶瓷油内胆不粘微压快煮饭,https://detail.tmall.com/item.htm?id=652993501043,f155676fc4e1d4af2e5f489af9f2a8d84653ce922842c639c539884816f0db25_2213283425041_20260803,,,,,,,,,,
天猫,中性,咨询,2026-08-03 19:00:05,预约功能怎么用,小熊电器官方旗舰店,652993501043,小熊电饭煲家用3到4人小型智能电饭锅陶瓷油内胆不粘微压快煮饭,https://detail.tmall.com/item.htm?id=652993501043,f155676fc4e1d4af2e5f489af9f2a8d84653ce922842c639c539884816f0db25_2213283425041_20260803,,,,,,,,,,
天猫,中性,咨询,2026-08-03 19:00:05,预约功能怎么用,小熊电器官方旗舰店,652993501043,小熊电饭煲家用3到4人小型智能电饭锅陶瓷油内胆不粘微压快煮饭,https://detail.tmall.com/item.htm?id=652993501043,f155676fc4e1d4af2e5f489af9f2a8d84653ce922842c639c539884816f0db25_2213283425041_20260803,,,,,,,,,,
天猫,中性,咨询,2026-08-03 18:57:59,有没有可以下载的使用说明的视频啊,小熊电器官方旗舰店,652993501043,小熊电饭煲家用3到4人小型智能电饭锅陶瓷油内胆不粘微压快煮饭,https://detail.tmall.com/item.htm?id=652993501043,b73a31cf9e5122d598fca0be809732ef42d32bc78db76eeaa26c0bbb0835d880_2213283425041_20260803,,,,,,,,,,
天猫,中性,咨询,2026-08-03 18:50:15,请问下这个塑料管子可以替换吗,小熊电器官方旗舰店,953780186914,小熊桶装水电动抽水器吸水器压水器自吸全自动抽水神器水泵上水器,https://detail.tmall.com/item.htm?id=953780186914,d5eae93a9070b0b5d2b9503ca432d7c4fbf3f2e2466ea7d9aeca6703f92bf8d5_2215007019509_20260803,,,,,,,,,,
天猫,负向,咨询,2026-08-03 18:49:19,线长多少米<br>哦 线挺短的<br>我怕够不到,小熊电器官方旗舰店,832406608200,小熊全玻璃恒温养生壶家用多功能办公室小型煮茶壶烧水壶炖煮一体,https://detail.tmall.com/item.htm?id=832406608200,6e8a5d645901074d7968002359e2b0e35cbd42ec3ad1949ee1600961350e3dda_2217778896413_20260803,,,,,,,,,,
天猫,中性,咨询,2026-08-03 18:49:19,线长多少米<br>哦 线挺短的<br>我怕够不到,小熊电器官方旗舰店,832406608200,小熊全玻璃恒温养生壶家用多功能办公室小型煮茶壶烧水壶炖煮一体,https://detail.tmall.com/item.htm?id=832406608200,6e8a5d645901074d7968002359e2b0e35cbd42ec3ad1949ee1600961350e3dda_2217778896413_20260803,,,,,,,,,,
天猫,正向,咨询,2026-08-03 18:43:25,煮了好几次,小熊电器官方旗舰店,652993501043,小熊电饭煲家用3到4人小型智能电饭锅陶瓷油内胆不粘微压快煮饭,https://detail.tmall.com/item.htm?id=652993501043,a019fc2c43ea63fa495a69bf6519f196f205912944cd0c1bc01e164fc71d398d_2217680629592_20260803,,,,,,,,,,
天猫,中性,咨询,2026-08-03 18:34:20,高度多少<br>底部有多高,小熊电器官方旗舰店,832406608200,小熊全玻璃恒温养生壶家用多功能办公室小型煮茶壶烧水壶炖煮一体,https://detail.tmall.com/item.htm?id=832406608200,a0ca215e43d03e93f461c2b102e5e4a08f999e596ac42bf56150cdd4e04bb7af_2217778896413_20260803,,,,,,,,,,
天猫,中性,咨询,2026-08-03 18:31:48,这种没显示数字的是在煮饭吗<br>那都不知道煮多少时间啊<br>内胆保质期多久呀<br>我买错了就买了一个😭<br>,小熊电器官方旗舰店,652993501043,小熊电饭煲家用3到4人小型智能电饭锅陶瓷油内胆不粘微压快煮饭,https://detail.tmall.com/item.htm?id=652993501043,85a2137647cd52dfd59c7c54f46e14546064f040a47d7b41bf69a836974e3c72_2213283425041_20260803,,,,,,,,,,
天猫,中性,咨询,2026-08-03 18:31:48,这种没显示数字的是在煮饭吗<br>那都不知道煮多少时间啊<br>内胆保质期多久呀<br>我买错了就买了一个😭<br>,小熊电器官方旗舰店,652993501043,小熊电饭煲家用3到4人小型智能电饭锅陶瓷油内胆不粘微压快煮饭,https://detail.tmall.com/item.htm?id=652993501043,85a2137647cd52dfd59c7c54f46e14546064f040a47d7b41bf69a836974e3c72_2213283425041_20260803,,,,,,,,,,
天猫,中性,咨询,2026-08-03 18:31:48,这种没显示数字的是在煮饭吗<br>那都不知道煮多少时间啊<br>内胆保质期多久呀<br>我买错了就买了一个😭<br>,小熊电器官方旗舰店,652993501043,小熊电饭煲家用3到4人小型智能电饭锅陶瓷油内胆不粘微压快煮饭,https://detail.tmall.com/item.htm?id=652993501043,85a2137647cd52dfd59c7c54f46e14546064f040a47d7b41bf69a836974e3c72_2213283425041_20260803,,,,,,,,,,
天猫,中性,咨询,2026-08-03 18:31:48,这种没显示数字的是在煮饭吗<br>那都不知道煮多少时间啊<br>内胆保质期多久呀<br>我买错了就买了一个😭<br>,小熊电器官方旗舰店,652993501043,小熊电饭煲家用3到4人小型智能电饭锅陶瓷油内胆不粘微压快煮饭,https://detail.tmall.com/item.htm?id=652993501043,85a2137647cd52dfd59c7c54f46e14546064f040a47d7b41bf69a836974e3c72_2213283425041_20260803,,,,,,,,,,
天猫,中性,咨询,2026-08-03 18:31:00,四分卡是啥<br>噪音会很大吗<br>烘干或洗的时候<br>家里不大<br>放厕所<br>内衣内裤需要120分么久吗<br>会费电吗,小熊电器官方旗舰店,829752288160,小熊迷你内衣内裤洗衣机专用洗袜子全自动小型迷你小型婴儿清洗机,https://detail.tmall.com/item.htm?id=829752288160,6052ebbf5f651bb7b8ab1511e83907f823d633dba35e80b9eed7fce4b759af72_2209570416623_20260803,,,,,,,,,,
天猫,中性,咨询,2026-08-03 18:31:00,四分卡是啥<br>噪音会很大吗<br>烘干或洗的时候<br>家里不大<br>放厕所<br>内衣内裤需要120分么久吗<br>会费电吗,小熊电器官方旗舰店,829752288160,小熊迷你内衣内裤洗衣机专用洗袜子全自动小型迷你小型婴儿清洗机,https://detail.tmall.com/item.htm?id=829752288160,6052ebbf5f651bb7b8ab1511e83907f823d633dba35e80b9eed7fce4b759af72_2209570416623_20260803,,,,,,,,,,
天猫,中性,咨询,2026-08-03 18:30:17,这个从放米到饭熟要多久,小熊电器官方旗舰店,652993501043,小熊电饭煲家用3到4人小型智能电饭锅陶瓷油内胆不粘微压快煮饭,https://detail.tmall.com/item.htm?id=652993501043,44d0702492ed56d83c4986f5e604be63c9555497cabac7c621940207f532d95d_2217680629592_20260803,,,,,,,,,,
天猫,中性,咨询,2026-08-03 18:30:05,这个有优惠吗<br>减在哪里<br>哪里拍,小熊电器官方旗舰店,832406608200,小熊全玻璃恒温养生壶家用多功能办公室小型煮茶壶烧水壶炖煮一体,https://detail.tmall.com/item.htm?id=832406608200,18b9ce5c85ca2e3a878a73c49988dac2e7b325204319e4939c6366a0f5db5bbf_2217778896413_20260803,,,,,,,,,,
天猫,中性,咨询,2026-08-03 18:29:27,2个锅有什么不一样,小熊电器官方旗舰店,652993501043,小熊电饭煲家用3到4人小型智能电饭锅陶瓷油内胆不粘微压快煮饭,https://detail.tmall.com/item.htm?id=652993501043,0fe254f76e713d9d29d036a0a313ba2332a045f763cbb211a498f4a43d128ea7_2213283425041_20260803,,,,,,,,,,
天猫,中性,咨询,2026-08-03 18:26:29,你好我问一下咱这边发啥快递<br>我这边是安徽亳州发什么快递呀,小熊电器官方旗舰店,832406608200,小熊全玻璃恒温养生壶家用多功能办公室小型煮茶壶烧水壶炖煮一体,https://detail.tmall.com/item.htm?id=832406608200,3d64c247baa9fe435357fd1d2f3b9ed01d92a191ce80c98ed5ac8de4fb41033a_2217778896413_20260803,,,,,,,,,,
天猫,中性,咨询,2026-08-03 18:20:43,什么时候发货,小熊电器官方旗舰店,832406608200,小熊全玻璃恒温养生壶家用多功能办公室小型煮茶壶烧水壶炖煮一体,https://detail.tmall.com/item.htm?id=832406608200,f8a3d844df732af850ac88448a1060a398fd973c23f2e2eddae64e4081b0f6b5_2215107505922_20260803,,,,,,,,,,
天猫,中性,咨询,2026-08-03 18:19:35,盖子能进洗碗机不<br>盖子里面是啥材质<br>这个内盖啥材质<br>哦 这个有点大,小熊电器官方旗舰店,1066545498108,【新品抢先加购 4号付定】小熊破壁机豆浆机全自动家用多功能新款,https://detail.tmall.com/item.htm?id=1066545498108,179276df7f4b41e975bba79527ed1ff687f01cc1d6ef06e9665b7ddaa358dc51_2212470730276_20260803,,,,,,,,,,
天猫,中性,咨询,2026-08-03 18:02:57,保修多久,小熊电器官方旗舰店,652993501043,小熊电饭煲家用3到4人小型智能电饭锅陶瓷油内胆不粘微压快煮饭,https://detail.tmall.com/item.htm?id=652993501043,4fd525cca9c8e24a3ce1bf870649ff2b838b4c9cd2f74eafc82a9eb66c4b9a03_2222633286999_20260803,,,,,,,,,,
天猫,负向,咨询,2026-08-03 18:02:36,这个款有1L容量的么<br>1个人<br>这个壶嘴不好清洗<br>,小熊电器官方旗舰店,832406608200,小熊全玻璃恒温养生壶家用多功能办公室小型煮茶壶烧水壶炖煮一体,https://detail.tmall.com/item.htm?id=832406608200,a71ff14293ffc1eec60f24ee96a91ef1af8afff52a7c646d5392606a49bf8de7_2217778896413_20260803,,,,,,,,,,
天猫,中性,咨询,2026-08-03 18:00:44,需要先充电再用吗<br>？,小熊电器官方旗舰店,953780186914,小熊桶装水电动抽水器吸水器压水器自吸全自动抽水神器水泵上水器,https://detail.tmall.com/item.htm?id=953780186914,72e9025e980a3af0a352b60522f52412c2ae6adc33bff973d4510a5f2d219bce_2219616516938_20260803,,,,,,,,,,
天猫,中性,咨询,2026-08-03 17:56:28,在煮饭要多久？,小熊电器官方旗舰店,652993501043,小熊电饭煲家用3到4人小型智能电饭锅陶瓷油内胆不粘微压快煮饭,https://detail.tmall.com/item.htm?id=652993501043,f368494d139c7875fad7ad8249175541a11da8d04b3522b92818aae3512f3a06_2215202023835_20260803,,,,,,,,,,
天猫,中性,咨询,2026-08-03 17:56:21,这个洗烘多少时间结束<br>最快的模式呢,小熊电器官方旗舰店,829752288160,小熊迷你内衣内裤洗衣机专用洗袜子全自动小型迷你小型婴儿清洗机,https://detail.tmall.com/item.htm?id=829752288160,9afc866e8ee99836a9655859cf08b37204bac706340762c90114a3aef35d3699_2212796238773_20260803,,,,,,,,,,
天猫,中性,咨询,2026-08-03 17:50:52,是什么材质？<br>壶身是用什么材质胶水粘合的？,小熊电器官方旗舰店,832406608200,小熊全玻璃恒温养生壶家用多功能办公室小型煮茶壶烧水壶炖煮一体,https://detail.tmall.com/item.htm?id=832406608200,282a8078a9afc094c6c87dba440faa67d6cabcea04fb4c85c31111f2c98f9749_2222430908987_20260803,,,,,,,,,,
天猫,中性,咨询,2026-08-03 17:50:32,上次购买169，怎么涨价了？,小熊电器官方旗舰店,832406608200,小熊全玻璃恒温养生壶家用多功能办公室小型煮茶壶烧水壶炖煮一体,https://detail.tmall.com/item.htm?id=832406608200,b4d422ca9ef5ad15d89b94ad3f9754fe7d877fc849cc986712ead990eb4adc0c_2214916672660_20260803,,,,,,,,,,
天猫,中性,咨询,2026-08-03 17:45:45,几升的,小熊电器官方旗舰店,652993501043,小熊电饭煲家用3到4人小型智能电饭锅陶瓷油内胆不粘微压快煮饭,https://detail.tmall.com/item.htm?id=652993501043,e8049b51e0230fd53d245f3c93e6f5a6c6afdb381056cc20a72a7f3207a4ad12_2219418595974_20260803,,,,,,,,,,
天猫,中性,咨询,2026-08-03 17:42:23,现在有优惠吗<br>我要1L的,小熊电器官方旗舰店,832406608200,小熊全玻璃恒温养生壶家用多功能办公室小型煮茶壶烧水壶炖煮一体,https://detail.tmall.com/item.htm?id=832406608200,0ed847202ea5fee348b26158f15360e2f9961332b0b7e4ca98435f2ca74f8768_2222430908987_20260803,,,,,,,,,,
天猫,中性,咨询,2026-08-03 17:38:41,顶配版多了什么<br>不懂,小熊电器官方旗舰店,832406608200,小熊全玻璃恒温养生壶家用多功能办公室小型煮茶壶烧水壶炖煮一体,https://detail.tmall.com/item.htm?id=832406608200,a84d876fe0c6e74df988f0a52f84fbc3ed8d28ea88ac298876f00031147b8a98_2222430908987_20260803,,,,,,,,,,
天猫,中性,咨询,2026-08-03 17:37:38,这个可以换桶吗,小熊电器官方旗舰店,829752288160,小熊迷你内衣内裤洗衣机专用洗袜子全自动小型迷你小型婴儿清洗机,https://detail.tmall.com/item.htm?id=829752288160,705952e48769bd7c8ccc865dfa21ad3d793355a04fc5db0e2eeb42e9a4f425f4_2212796238773_20260803,,,,,,,,,,
天猫,正向,咨询,2026-08-03 17:35:18,已好评<br>？<br>,小熊电器官方旗舰店,1066545498108,【新品抢先加购 4号付定】小熊破壁机豆浆机全自动家用多功能新款,https://detail.tmall.com/item.htm?id=1066545498108,19308f5181c3761169effb04057b9ddd1cd0e1af9606f1e724190a4d69fc57fc_2215176977560_20260803,,,,,,,,,,
天猫,中性,咨询,2026-08-03 17:30:42,里面软管多长,小熊电器官方旗舰店,953780186914,小熊桶装水电动抽水器吸水器压水器自吸全自动抽水神器水泵上水器,https://detail.tmall.com/item.htm?id=953780186914,4aa2db5b4d0fba173f31b8990487af2aa9ed7d1f00fdc35888e3fdff80eb9cf2_2219484290050_20260803,,,,,,,,,,
天猫,中性,咨询,2026-08-03 17:29:19,噪音大吗,小熊电器官方旗舰店,953780186914,小熊桶装水电动抽水器吸水器压水器自吸全自动抽水神器水泵上水器,https://detail.tmall.com/item.htm?id=953780186914,91a65161ee0872ebbca5dbb17fcfbacdc5a61838fe50b60e9a21f11b54fc159d_2220272649006_20260803,,,,,,,,,,
天猫,负向,咨询,2026-08-03 17:28:23,你好，这盖子咋这些松呢，还有点漏水的情况,小熊电器官方旗舰店,652993501043,小熊电饭煲家用3到4人小型智能电饭锅陶瓷油内胆不粘微压快煮饭,https://detail.tmall.com/item.htm?id=652993501043,97a6aee98b5aabbf16be4d3cd31900c61719b54caf27d802ff8176e3b153b93a_2219418595974_20260803,,,,,,,,,,
天猫,中性,咨询,2026-08-03 17:27:42,平时两个人，偶尔三个4个人，买什么型号的？,小熊电器官方旗舰店,652993501043,小熊电饭煲家用3到4人小型智能电饭锅陶瓷油内胆不粘微压快煮饭,https://detail.tmall.com/item.htm?id=652993501043,41b72404f7fdb856451725ed6349619d4e490be2d326281145248809e9d65ed0_2219418595974_20260803,,,,,,,,,,
天猫,负向,咨询,2026-08-03 17:21:14,不好扣<br>怎么漏<br>怎么装<br>,小熊电器官方旗舰店,652993501043,小熊电饭煲家用3到4人小型智能电饭锅陶瓷油内胆不粘微压快煮饭,https://detail.tmall.com/item.htm?id=652993501043,24eee2827c50849d4f783eda46b8310328c7c0fdd943c39b5d96341704c12a0c_2207802122733_20260803,,,,,,,,,,
天猫,中性,咨询,2026-08-03 17:19:12,今天不发吗,小熊电器官方旗舰店,832406608200,小熊全玻璃恒温养生壶家用多功能办公室小型煮茶壶烧水壶炖煮一体,https://detail.tmall.com/item.htm?id=832406608200,0d12544054b53a0a6dbf8f4e780501029a7dd8dba32c52b60fefb317c150d867_3990073528_20260803,,,,,,,,,,
天猫,中性,咨询,2026-08-03 17:18:50,4l的尺寸多少,小熊电器官方旗舰店,652993501043,小熊电饭煲家用3到4人小型智能电饭锅陶瓷油内胆不粘微压快煮饭,https://detail.tmall.com/item.htm?id=652993501043,7f2019bff37be3198042245fc5110e567077697b1b0ad0e3fa0867582c416e53_2221749211942_20260803,,,,,,,,,,
天猫,中性,咨询,2026-08-03 17:18:50,4l的尺寸多少,小熊电器官方旗舰店,652993501043,小熊电饭煲家用3到4人小型智能电饭锅陶瓷油内胆不粘微压快煮饭,https://detail.tmall.com/item.htm?id=652993501043,7f2019bff37be3198042245fc5110e567077697b1b0ad0e3fa0867582c416e53_2221749211942_20260803,,,,,,,,,,
天猫,中性,咨询,2026-08-03 17:17:40,亲，给一个使用视频,小熊电器官方旗舰店,832406608200,小熊全玻璃恒温养生壶家用多功能办公室小型煮茶壶烧水壶炖煮一体,https://detail.tmall.com/item.htm?id=832406608200,acf5e543859a6959b73a24afbeab1d6eba4381cd5c6cac1d95a68a88cf8de80b_2214916672660_20260803,,,,,,,,,,
天猫,负向,咨询,2026-08-03 17:15:26,你们刚刚是不是联系我退货的原因<br>退货的原因就是煮水的时候有很大的塑胶味,小熊电器官方旗舰店,832406608200,小熊全玻璃恒温养生壶家用多功能办公室小型煮茶壶烧水壶炖煮一体,https://detail.tmall.com/item.htm?id=832406608200,00f8f6b0322c8cdc896766dc849a18bbf919e21fcda3150f8c366890c6816b76_2214916672660_20260803,,,,,,,,,,
天猫,负向,咨询,2026-08-03 17:15:26,你们刚刚是不是联系我退货的原因<br>退货的原因就是煮水的时候有很大的塑胶味,小熊电器官方旗舰店,832406608200,小熊全玻璃恒温养生壶家用多功能办公室小型煮茶壶烧水壶炖煮一体,https://detail.tmall.com/item.htm?id=832406608200,00f8f6b0322c8cdc896766dc849a18bbf919e21fcda3150f8c366890c6816b76_2214916672660_20260803,,,,,,,,,,
天猫,中性,咨询,2026-08-03 17:10:41,您好 几kg<br>几L,小熊电器官方旗舰店,829752288160,小熊迷你内衣内裤洗衣机专用洗袜子全自动小型迷你小型婴儿清洗机,https://detail.tmall.com/item.htm?id=829752288160,b219c6f7f1f7ffcf784e1698c192a9dc466a843d5f9b34fd7e970f4d03de45b9_2212775027940_20260803,,,,,,,,,,
天猫,中性,咨询,2026-08-03 17:10:22,煮饭要多久,小熊电器官方旗舰店,652993501043,小熊电饭煲家用3到4人小型智能电饭锅陶瓷油内胆不粘微压快煮饭,https://detail.tmall.com/item.htm?id=652993501043,f64f269297668a71d79f79c8266d6e66b152a7efc8c96ae462b8575b550f31e7_2221749211942_20260803,,,,,,,,,,
天猫,中性,咨询,2026-08-03 16:58:14,怎么清洗,小熊电器官方旗舰店,953780186914,小熊桶装水电动抽水器吸水器压水器自吸全自动抽水神器水泵上水器,https://detail.tmall.com/item.htm?id=953780186914,b01a19fb94635ca841d516f453ec28d962d925c361ddb818a099eec1f9097456_2220272649006_20260803,,,,,,,,,,
天猫,中性,咨询,2026-08-03 16:57:05,一会看，今天要发不了就迢<br>退,小熊电器官方旗舰店,652993501043,小熊电饭煲家用3到4人小型智能电饭锅陶瓷油内胆不粘微压快煮饭,https://detail.tmall.com/item.htm?id=652993501043,770e04a4b6fa2e465ce4ee26a9193b7783617cc4e25ad50fab1a50ae1fccfad1_2215476107224_20260803,,,,,,,,,,
天猫,中性,咨询,2026-08-03 16:55:06,今天能发吗<br>今天<br>能发吗,小熊电器官方旗舰店,652993501043,小熊电饭煲家用3到4人小型智能电饭锅陶瓷油内胆不粘微压快煮饭,https://detail.tmall.com/item.htm?id=652993501043,770e04a4b6fa2e465ce4ee26a9193b7783617cc4e25ad50fab1a50ae1fccfad1_2215202023835_20260803,,,,,,,,,,
天猫,中性,咨询,2026-08-03 16:54:27,你好，请问这个壶座重量大约是多少呢<br>考虑出行带,小熊电器官方旗舰店,832406608200,小熊全玻璃恒温养生壶家用多功能办公室小型煮茶壶烧水壶炖煮一体,https://detail.tmall.com/item.htm?id=832406608200,7eb9cb05b04a791822121dfcbd445080f2768c70710e1c7f89a6d70e1d76e217_2222430908987_20260803,,,,,,,,,,
天猫,中性,咨询,2026-08-03 16:54:27,你好，请问这个壶座重量大约是多少呢<br>考虑出行带,小熊电器官方旗舰店,832406608200,小熊全玻璃恒温养生壶家用多功能办公室小型煮茶壶烧水壶炖煮一体,https://detail.tmall.com/item.htm?id=832406608200,7eb9cb05b04a791822121dfcbd445080f2768c70710e1c7f89a6d70e1d76e217_2222430908987_20260803,,,,,,,,,,
天猫,中性,咨询,2026-08-03 16:51:48,快递送错位置 可以拒收吗,小熊电器官方旗舰店,832406608200,小熊全玻璃恒温养生壶家用多功能办公室小型煮茶壶烧水壶炖煮一体,https://detail.tmall.com/item.htm?id=832406608200,ea35b9ac80353a7d2a9b1ab6329a491f488d62b224b82211a686d9b4ee4bede8_3990073528_20260803,,,,,,,,,,
天猫,负向,咨询,2026-08-03 16:48:58,宝子~这款小浆机主要功能是制作豆浆、米糊和果蔬汁哦🌟 它支持快速浆，浓豆浆，米糊，杂粮粥，果蔬汁，玉米汁，奶，炖煮等模式 还有高洗、热除菌和预约功能，使用超呢💕 不过它不能用来蒸、炒、煎食材哦~<br>宝子~这款小浆机主要功能是制作豆浆、米糊和果蔬汁哦🌟 它支持快速浆，浓豆浆，米糊，杂粮粥，果蔬汁，玉米汁，奶，炖煮等模式 还有高洗、热除菌和预约功能，使用超呢💕 不过它不能用来蒸、炒、煎食材哦~<br>我买的是破壁豆浆机，不是普通的豆浆机呀<br>是，你们家的正常破壁机不是这种吗,小熊电器官方旗舰店,1066545498108,【新品抢先加购 4号付定】小熊破壁机豆浆机全自动家用多功能新款,https://detail.tmall.com/item.htm?id=1066545498108,c1219ac2aff3a553619fc73ad941a193731b35ace7e85e1e2885ded4e50408d5_2215935664421_20260803,,,,,,,,,,
天猫,负向,咨询,2026-08-03 16:48:31,洗衣机昨天安装好第一次用.怎么不能烘干<br>只能是脱水<br>烘干是否可以直接穿<br>烘干后就好像我们平时洗衣服那样湿湿的<br>一套内衣裤<br>内衣是薄薄一层的<br>底裤也透明的<br>今晚回家试试<br>忘记问还有20元现么提、,小熊电器官方旗舰店,829752288160,小熊迷你内衣内裤洗衣机专用洗袜子全自动小型迷你小型婴儿清洗机,https://detail.tmall.com/item.htm?id=829752288160,e469cd6e4316e675dea6548ded15cf7d60161e2afa7d82a1e79620ba13424404_2212775027940_20260803,,,,,,,,,,
天猫,中性,咨询,2026-08-03 16:48:31,洗衣机昨天安装好第一次用.怎么不能烘干<br>只能是脱水<br>烘干是否可以直接穿<br>烘干后就好像我们平时洗衣服那样湿湿的<br>一套内衣裤<br>内衣是薄薄一层的<br>底裤也透明的<br>今晚回家试试<br>忘记问还有20元现么提、,小熊电器官方旗舰店,829752288160,小熊迷你内衣内裤洗衣机专用洗袜子全自动小型迷你小型婴儿清洗机,https://detail.tmall.com/item.htm?id=829752288160,e469cd6e4316e675dea6548ded15cf7d60161e2afa7d82a1e79620ba13424404_2212775027940_20260803,,,,,,,,,,
天猫,负向,咨询,2026-08-03 16:48:31,洗衣机昨天安装好第一次用.怎么不能烘干<br>只能是脱水<br>烘干是否可以直接穿<br>烘干后就好像我们平时洗衣服那样湿湿的<br>一套内衣裤<br>内衣是薄薄一层的<br>底裤也透明的<br>今晚回家试试<br>忘记问还有20元现么提、,小熊电器官方旗舰店,829752288160,小熊迷你内衣内裤洗衣机专用洗袜子全自动小型迷你小型婴儿清洗机,https://detail.tmall.com/item.htm?id=829752288160,e469cd6e4316e675dea6548ded15cf7d60161e2afa7d82a1e79620ba13424404_2212775027940_20260803,,,,,,,,,,
天猫,中性,咨询,2026-08-03 16:47:35,你好 这款预约功能怎么使用,小熊电器官方旗舰店,652993501043,小熊电饭煲家用3到4人小型智能电饭锅陶瓷油内胆不粘微压快煮饭,https://detail.tmall.com/item.htm?id=652993501043,18d622b25cfb2f1b0f20c03b99b7fe8387b04865d23fa54bcbcfb359448811a8_2221749211942_20260803,,,,,,,,,,
天猫,中性,咨询,2026-08-03 16:47:35,你好 这款预约功能怎么使用,小熊电器官方旗舰店,652993501043,小熊电饭煲家用3到4人小型智能电饭锅陶瓷油内胆不粘微压快煮饭,https://detail.tmall.com/item.htm?id=652993501043,18d622b25cfb2f1b0f20c03b99b7fe8387b04865d23fa54bcbcfb359448811a8_2221749211942_20260803,,,,,,,,,,
天猫,中性,咨询,2026-08-03 16:47:35,你好 这款预约功能怎么使用,小熊电器官方旗舰店,652993501043,小熊电饭煲家用3到4人小型智能电饭锅陶瓷油内胆不粘微压快煮饭,https://detail.tmall.com/item.htm?id=652993501043,18d622b25cfb2f1b0f20c03b99b7fe8387b04865d23fa54bcbcfb359448811a8_2221749211942_20260803,,,,,,,,,,
天猫,中性,咨询,2026-08-03 16:45:59,我上次买了一个161 1.5升的，怎么现在还涨价了？,小熊电器官方旗舰店,832406608200,小熊全玻璃恒温养生壶家用多功能办公室小型煮茶壶烧水壶炖煮一体,https://detail.tmall.com/item.htm?id=832406608200,5178321bab641580a02ab01a46b14f1625fa0d691a1afc084798e75c817c7de0_2214916672660_20260803,,,,,,,,,,
天猫,中性,咨询,2026-08-03 16:41:25,景田4.6升的可以用吗<br>口径多大<br>桶口4.5cm<br>,小熊电器官方旗舰店,953780186914,小熊桶装水电动抽水器吸水器压水器自吸全自动抽水神器水泵上水器,https://detail.tmall.com/item.htm?id=953780186914,e8893009a49c1ba0f7f99da4fd4781de6280e4a43eeeb62f3c05ecefb97adedd_2219484290050_20260803,,,,,,,,,,
天猫,负向,咨询,2026-08-03 16:37:00,你好 机器进水了 功能用不了了,小熊电器官方旗舰店,832406608200,小熊全玻璃恒温养生壶家用多功能办公室小型煮茶壶烧水壶炖煮一体,https://detail.tmall.com/item.htm?id=832406608200,c9224071eb0aea41334d7132ba108d2e10279ad5fb7eb8fa006389ddd2e4302a_3990073528_20260803,,,,,,,,,,
天猫,中性,咨询,2026-08-03 16:36:47,请问抽水管多久换一次<br>抽水管哪里买<br>这个软管多长,小熊电器官方旗舰店,953780186914,小熊桶装水电动抽水器吸水器压水器自吸全自动抽水神器水泵上水器,https://detail.tmall.com/item.htm?id=953780186914,d4610427e516990456bd553f0879320bc953c4026d181f6de2c7ea3ab1eb5a53_2222166184646_20260803,,,,,,,,,,
天猫,中性,咨询,2026-08-03 16:18:41,电话留错了,小熊电器官方旗舰店,832406608200,小熊全玻璃恒温养生壶家用多功能办公室小型煮茶壶烧水壶炖煮一体,https://detail.tmall.com/item.htm?id=832406608200,f41fc6a998c774a8e13ff066d26494b902777bd2d88d66125583d2b315be1a0a_3990073528_20260803,,,,,,,,,,
天猫,中性,咨询,2026-08-03 16:12:25,有防溢出功能吗？,小熊电器官方旗舰店,832406608200,小熊全玻璃恒温养生壶家用多功能办公室小型煮茶壶烧水壶炖煮一体,https://detail.tmall.com/item.htm?id=832406608200,146df02700e074b724e9ec59e27fcc849e2ac4fc319dbd2eb8881506a77f4ef1_2222430908987_20260803,,,,,,,,,,
天猫,中性,咨询,2026-08-03 16:02:36,锅的煮饭功能能发我看一下嘛<br>教学视频<br>我煮饭按煮饭键，这个上面没有显示时间<br>真的，哪知道什么时候好？<br>,小熊电器官方旗舰店,652993501043,小熊电饭煲家用3到4人小型智能电饭锅陶瓷油内胆不粘微压快煮饭,https://detail.tmall.com/item.htm?id=652993501043,5a231c9add5c18f1cbb703ebdbd55981cd8a141ec0da26626f738b3bc99b42ca_2222404047191_20260803,,,,,,,,,,
天猫,负向,咨询,2026-08-03 16:01:35,你好，可以调定保<br>这价格吧<br>不好用我要退的<br>,小熊电器官方旗舰店,832406608200,小熊全玻璃恒温养生壶家用多功能办公室小型煮茶壶烧水壶炖煮一体,https://detail.tmall.com/item.htm?id=832406608200,93f5fc0edc18d131ebe30ff8d0ef7531afe6f0ca0b61b3ba2738d68befc5aed2_3990073528_20260803,,,,,,,,,,
天猫,中性,咨询,2026-08-03 16:01:31,今天发行吗,小熊电器官方旗舰店,652993501043,小熊电饭煲家用3到4人小型智能电饭锅陶瓷油内胆不粘微压快煮饭,https://detail.tmall.com/item.htm?id=652993501043,bd7e3eb9602111694f31a7e112fa28840a89570396bd8986ac51ed7a12c1e5fa_2207802122733_20260803,,,,,,,,,,
天猫,中性,咨询,2026-08-03 15:53:02,现在有问题<br>订单你看不到哪个型号？<br>抽一下就不抽了 咋回事 也有电<br>充满了抽的,小熊电器官方旗舰店,953780186914,小熊桶装水电动抽水器吸水器压水器自吸全自动抽水神器水泵上水器,https://detail.tmall.com/item.htm?id=953780186914,6a02921371021f57f56bf4efba8f7d7f89593f0054e95d095e67a388eaee0bf5_2220272649006_20260803,,,,,,,,,,
天猫,中性,咨询,2026-08-03 15:53:02,这个内胆什么材质<br>快煮煮饭要多久,小熊电器官方旗舰店,652993501043,小熊电饭煲家用3到4人小型智能电饭锅陶瓷油内胆不粘微压快煮饭,https://detail.tmall.com/item.htm?id=652993501043,7b7bd932ab10829dd1979b7fc4e9ecf1f0d0944f8c1f896d2e692d71a06a4139_2221749211942_20260803,,,,,,,,,,
天猫,中性,咨询,2026-08-03 15:53:02,这个内胆什么材质<br>快煮煮饭要多久,小熊电器官方旗舰店,652993501043,小熊电饭煲家用3到4人小型智能电饭锅陶瓷油内胆不粘微压快煮饭,https://detail.tmall.com/item.htm?id=652993501043,7b7bd932ab10829dd1979b7fc4e9ecf1f0d0944f8c1f896d2e692d71a06a4139_2221749211942_20260803,,,,,,,,,,
天猫,中性,咨询,2026-08-03 15:48:08,你好，这个1L是可以放够1L的水煮的吧？<br>我怕最高水位又要减去一点容量<br>自己办公室喝的话1升够用吗<br>放办公室的<br>1.5升的颜值不太好<br>圆圆的有没有1.5升？,小熊电器官方旗舰店,832406608200,小熊全玻璃恒温养生壶家用多功能办公室小型煮茶壶烧水壶炖煮一体,https://detail.tmall.com/item.htm?id=832406608200,926d65af5d2754f895d1912c476e796654b6351db5921ceaf7cde967697bb1c9_3990073528_20260803,,,,,,,,,,
天猫,中性,咨询,2026-08-03 15:47:48,质保多久<br>一煮粥就这样,小熊电器官方旗舰店,652993501043,小熊电饭煲家用3到4人小型智能电饭锅陶瓷油内胆不粘微压快煮饭,https://detail.tmall.com/item.htm?id=652993501043,eb8444fb88230e6cd5c65d8a3500f28ea806073721c54c250593554a77efada7_2215202023835_20260803,,,,,,,,,,
天猫,中性,咨询,2026-08-03 15:46:20,怎么以旧换新,小熊电器官方旗舰店,832406608200,小熊全玻璃恒温养生壶家用多功能办公室小型煮茶壶烧水壶炖煮一体,https://detail.tmall.com/item.htm?id=832406608200,891bdea18311f1c1aad89be1ff911220566ea92d55734e621e9573cb8b22dcb1_3990073528_20260803,,,,,,,,,,
天猫,中性,咨询,2026-08-03 15:37:09,盖子是什么材质？<br>盖子是什么材质的,小熊电器官方旗舰店,832406608200,小熊全玻璃恒温养生壶家用多功能办公室小型煮茶壶烧水壶炖煮一体,https://detail.tmall.com/item.htm?id=832406608200,ea1d963799c12d45bd44df641d86abad7feb19dc21c51566cc7a5c6155f7b26b_3990073528_20260803,,,,,,,,,,
天猫,中性,咨询,2026-08-03 15:29:16,你的锅寄给我了么<br>都多长时间了<br>都多长时间了<br>都20多天了<br>你们赶紧给我锅啊<br>我好吃饭啊<br>你们给我发新锅,小熊电器官方旗舰店,652993501043,小熊电饭煲家用3到4人小型智能电饭锅陶瓷油内胆不粘微压快煮饭,https://detail.tmall.com/item.htm?id=652993501043,7a81e5a41057294f43b17b0cd8d0ca555aedf1767de21100a47c03d7aba3dfe8_2222803185856_20260803,,,,,,,,,,
天猫,正向,咨询,2026-08-03 15:29:16,你的锅寄给我了么<br>都多长时间了<br>都多长时间了<br>都20多天了<br>你们赶紧给我锅啊<br>我好吃饭啊<br>你们给我发新锅,小熊电器官方旗舰店,652993501043,小熊电饭煲家用3到4人小型智能电饭锅陶瓷油内胆不粘微压快煮饭,https://detail.tmall.com/item.htm?id=652993501043,7a81e5a41057294f43b17b0cd8d0ca555aedf1767de21100a47c03d7aba3dfe8_2222803185856_20260803,,,,,,,,,,
天猫,中性,咨询,2026-08-03 15:28:59,质保多久<br>配件损坏能更换,小熊电器官方旗舰店,1066545498108,【新品抢先加购 4号付定】小熊破壁机豆浆机全自动家用多功能新款,https://detail.tmall.com/item.htm?id=1066545498108,e5a2d0391a1d529e45cc729874cb9b46d9b03e2a4b5eaf7d266aa36ad6f66e96_2215935664421_20260803,,,,,,,,,,
天猫,中性,咨询,2026-08-03 15:28:59,质保多久<br>配件损坏能更换,小熊电器官方旗舰店,1066545498108,【新品抢先加购 4号付定】小熊破壁机豆浆机全自动家用多功能新款,https://detail.tmall.com/item.htm?id=1066545498108,e5a2d0391a1d529e45cc729874cb9b46d9b03e2a4b5eaf7d266aa36ad6f66e96_2215935664421_20260803,,,,,,,,,,
天猫,中性,咨询,2026-08-03 15:26:59,怎么安装<br>到手多少钱,小熊电器官方旗舰店,829752288160,小熊迷你内衣内裤洗衣机专用洗袜子全自动小型迷你小型婴儿清洗机,https://detail.tmall.com/item.htm?id=829752288160,f64335a1c7b93915a6df105b852a56dcc5b021901444d26e5ae042f52bb877b0_2212775027940_20260803,,,,,,,,,,
天猫,中性,咨询,2026-08-03 15:26:59,怎么安装<br>到手多少钱,小熊电器官方旗舰店,829752288160,小熊迷你内衣内裤洗衣机专用洗袜子全自动小型迷你小型婴儿清洗机,https://detail.tmall.com/item.htm?id=829752288160,f64335a1c7b93915a6df105b852a56dcc5b021901444d26e5ae042f52bb877b0_2212775027940_20260803,,,,,,,,,,
天猫,负向,咨询,2026-08-03 15:25:30,按烧水没反应出现这个显示是什么意思<br>,小熊电器官方旗舰店,832406608200,小熊全玻璃恒温养生壶家用多功能办公室小型煮茶壶烧水壶炖煮一体,https://detail.tmall.com/item.htm?id=832406608200,c326a510214b47603886ce42a7ef7d00e9a5e1bcbdc1debe1b229fb6d966df2c_3990073528_20260803,,,,,,,,,,
天猫,中性,咨询,2026-08-03 15:25:30,按烧水没反应出现这个显示是什么意思<br>,小熊电器官方旗舰店,832406608200,小熊全玻璃恒温养生壶家用多功能办公室小型煮茶壶烧水壶炖煮一体,https://detail.tmall.com/item.htm?id=832406608200,c326a510214b47603886ce42a7ef7d00e9a5e1bcbdc1debe1b229fb6d966df2c_3990073528_20260803,,,,,,,,,,
天猫,正向,咨询,2026-08-03 15:22:18,你好已好评<br>帮我催催不 我怕我忘了这事<br>,小熊电器官方旗舰店,829752288160,小熊迷你内衣内裤洗衣机专用洗袜子全自动小型迷你小型婴儿清洗机,https://detail.tmall.com/item.htm?id=829752288160,28e033507fb1b814d5ba9013d09af551060e393f6ad002d09b0a1e908e3108b6_2212775027940_20260803,,,,,,,,,,
天猫,中性,咨询,2026-08-03 15:22:13,这款可以煮稀饭吗,小熊电器官方旗舰店,832406608200,小熊全玻璃恒温养生壶家用多功能办公室小型煮茶壶烧水壶炖煮一体,https://detail.tmall.com/item.htm?id=832406608200,249ee16f30c220080b44031774c21301d777e8a4e76b4298524a50b803a5613f_3990073528_20260803,,,,,,,,,,
天猫,负向,咨询,2026-08-03 15:22:09,所以是还没补发？？？<br>真服了,小熊电器官方旗舰店,832406608200,小熊全玻璃恒温养生壶家用多功能办公室小型煮茶壶烧水壶炖煮一体,https://detail.tmall.com/item.htm?id=832406608200,469c842b8f0619c6ae439ed5213da5eec07e31279f65dcbe720dff75dfe7e548_2219417355482_20260803,,,,,,,,,,
天猫,中性,咨询,2026-08-03 15:19:12,你好 请问这款尺寸多大呢,小熊电器官方旗舰店,832406608200,小熊全玻璃恒温养生壶家用多功能办公室小型煮茶壶烧水壶炖煮一体,https://detail.tmall.com/item.htm?id=832406608200,8dadf5dcfb8df75e19974962e6f4a74f5c754287783ae20e41821eafc773c19a_3990073528_20260803,,,,,,,,,,
天猫,中性,咨询,2026-08-03 15:19:11,请问这个怎么安装<br>,小熊电器官方旗舰店,829752288160,小熊迷你内衣内裤洗衣机专用洗袜子全自动小型迷你小型婴儿清洗机,https://detail.tmall.com/item.htm?id=829752288160,a8821b3df77dcc5ca8a898af53d10a07ce3170498cc60326f407f6656c6d8372_2212775027940_20260803,,,,,,,,,,
天猫,负向,咨询,2026-08-03 15:12:08,我在你家买的吸水器，不按自己抽水，现在停都停不下来<br>这回关都关不掉<br>主要是这个现在停不下来，吵得人受不了，咋办呢<br>我现在根本没法等到耗完电，这东西一直响吵得人受不了<br>这个东西没法要了，它一直响我还怎么休息,小熊电器官方旗舰店,953780186914,小熊桶装水电动抽水器吸水器压水器自吸全自动抽水神器水泵上水器,https://detail.tmall.com/item.htm?id=953780186914,45f7c82daa2df87884ced3343cf9dfe268c731fd93a2759ea47a3a04708c7a6f_2219484290050_20260803,,,,,,,,,,
天猫,中性,咨询,2026-08-03 15:08:44,说退10元差价<br>太麻烦 你直接退我就好<br>确认了<br>,小熊电器官方旗舰店,832406608200,小熊全玻璃恒温养生壶家用多功能办公室小型煮茶壶烧水壶炖煮一体,https://detail.tmall.com/item.htm?id=832406608200,3d7ce405f31f490a9f2575d0268458198a9eca7097eaaa8a9125256e7e3214de_2214916672660_20260803,,,,,,,,,,
天猫,负向,咨询,2026-08-03 15:03:34,好的 换一个吧，一点都不沸腾<br>好的 我明天寄回后，发您单号，发货的时候一定检查好 （到100度 水能沸腾的机子），啦,小熊电器官方旗舰店,832406608200,小熊全玻璃恒温养生壶家用多功能办公室小型煮茶壶烧水壶炖煮一体,https://detail.tmall.com/item.htm?id=832406608200,485491468f0179f12e7fa76d31809d94673940e9fb27945595db795973598e8b_2214916672660_20260803,,,,,,,,,,
天猫,中性,咨询,2026-08-03 15:03:34,好的 换一个吧，一点都不沸腾<br>好的 我明天寄回后，发您单号，发货的时候一定检查好 （到100度 水能沸腾的机子），啦,小熊电器官方旗舰店,832406608200,小熊全玻璃恒温养生壶家用多功能办公室小型煮茶壶烧水壶炖煮一体,https://detail.tmall.com/item.htm?id=832406608200,485491468f0179f12e7fa76d31809d94673940e9fb27945595db795973598e8b_2214916672660_20260803,,,,,,,,,,
天猫,中性,咨询,2026-08-03 15:03:13,今天可以发货吗,小熊电器官方旗舰店,1066545498108,【新品抢先加购 4号付定】小熊破壁机豆浆机全自动家用多功能新款,https://detail.tmall.com/item.htm?id=1066545498108,4b47f687a120b655733872e8d1f79cc2b8e87193b27c2397085fccf8da15e9ef_2215543343493_20260803,,,,,,,,,,
天猫,中性,咨询,2026-08-03 14:59:49,1.6升煮饭多长时间和煮粥多长时间,小熊电器官方旗舰店,652993501043,小熊电饭煲家用3到4人小型智能电饭锅陶瓷油内胆不粘微压快煮饭,https://detail.tmall.com/item.htm?id=652993501043,3dc2008db8bc1738e3949b97483592820bca4c3f37ae426a0a7e1d67ddcba663_2222803185856_20260803,,,,,,,,,,
天猫,中性,咨询,2026-08-03 14:57:17,能洗完直接烘干吗，不需要我去控制<br>这个洗完自己自动烘干，一共多长时间,小熊电器官方旗舰店,829752288160,小熊迷你内衣内裤洗衣机专用洗袜子全自动小型迷你小型婴儿清洗机,https://detail.tmall.com/item.htm?id=829752288160,7fbedadb3a1d67b3db0bd3ed6f7efa5fc891e8eaa9dc3a97a2d5c74ec936d85b_2212796238773_20260803,,,,,,,,,,
天猫,中性,咨询,2026-08-03 14:57:17,能洗完直接烘干吗，不需要我去控制<br>这个洗完自己自动烘干，一共多长时间,小熊电器官方旗舰店,829752288160,小熊迷你内衣内裤洗衣机专用洗袜子全自动小型迷你小型婴儿清洗机,https://detail.tmall.com/item.htm?id=829752288160,7fbedadb3a1d67b3db0bd3ed6f7efa5fc891e8eaa9dc3a97a2d5c74ec936d85b_2212796238773_20260803,,,,,,,,,,
天猫,中性,咨询,2026-08-03 14:56:40,你好，可以煮火锅煮泡面吗<br>炖煮是什么功能<br>我有时候要煮鸡蛋,小熊电器官方旗舰店,832406608200,小熊全玻璃恒温养生壶家用多功能办公室小型煮茶壶烧水壶炖煮一体,https://detail.tmall.com/item.htm?id=832406608200,395df67aa74730ce5dd75d48e45cade2a5d8e6c80ba2e9d2927e376b6652c465_3990073528_20260803,,,,,,,,,,
天猫,负向,咨询,2026-08-03 14:49:25,东西不好用了<br>有电，点安，不出水<br>就是充满了，还是不好，所以找你<br>等回家的,小熊电器官方旗舰店,953780186914,小熊桶装水电动抽水器吸水器压水器自吸全自动抽水神器水泵上水器,https://detail.tmall.com/item.htm?id=953780186914,2e2a2049494aea1081b4c99912db764239866659356b919b0e6a8de7de3ea66f_2220272649006_20260803,,,,,,,,,,
天猫,负向,咨询,2026-08-03 14:49:25,东西不好用了<br>有电，点安，不出水<br>就是充满了，还是不好，所以找你<br>等回家的,小熊电器官方旗舰店,953780186914,小熊桶装水电动抽水器吸水器压水器自吸全自动抽水神器水泵上水器,https://detail.tmall.com/item.htm?id=953780186914,2e2a2049494aea1081b4c99912db764239866659356b919b0e6a8de7de3ea66f_2220272649006_20260803,,,,,,,,,,
天猫,中性,咨询,2026-08-03 14:49:12,质保多久,小熊电器官方旗舰店,953780186914,小熊桶装水电动抽水器吸水器压水器自吸全自动抽水神器水泵上水器,https://detail.tmall.com/item.htm?id=953780186914,74ca8a60580e9cc7dc5c0f4a5e052ceee7b90a111409b2b574a432c73544bed4_2219484290050_20260803,,,,,,,,,,
天猫,中性,咨询,2026-08-03 14:48:12,1.6升的蒸笼尺寸是多少,小熊电器官方旗舰店,652993501043,小熊电饭煲家用3到4人小型智能电饭锅陶瓷油内胆不粘微压快煮饭,https://detail.tmall.com/item.htm?id=652993501043,d3aea1bd54098c6598b023f2b8506b0b33888a914f445d89d32ff2bbfd3c7982_2214729411838_20260803,,,,,,,,,,
天猫,中性,咨询,2026-08-03 14:48:12,1.6升的蒸笼尺寸是多少,小熊电器官方旗舰店,652993501043,小熊电饭煲家用3到4人小型智能电饭锅陶瓷油内胆不粘微压快煮饭,https://detail.tmall.com/item.htm?id=652993501043,d3aea1bd54098c6598b023f2b8506b0b33888a914f445d89d32ff2bbfd3c7982_2214729411838_20260803,,,,,,,,,,
天猫,中性,咨询,2026-08-03 14:47:26,你好，这个可以热饭吗？,小熊电器官方旗舰店,652993501043,小熊电饭煲家用3到4人小型智能电饭锅陶瓷油内胆不粘微压快煮饭,https://detail.tmall.com/item.htm?id=652993501043,cf0c316d1d60be9fa097ce692001595681916682309cb03616dbdb040a455fc3_2219418595974_20260803,,,,,,,,,,
天猫,正向,咨询,2026-08-03 14:46:20,或者我退货你发一个能送货上门的物流,小熊电器官方旗舰店,652993501043,小熊电饭煲家用3到4人小型智能电饭锅陶瓷油内胆不粘微压快煮饭,https://detail.tmall.com/item.htm?id=652993501043,03f95dc2ae03ab4598b593baa6470da7a20ed49128baaf6e63b643b842463a75_2215494213791_20260803,,,,,,,,,,
天猫,中性,咨询,2026-08-03 14:46:20,或者我退货你发一个能送货上门的物流,小熊电器官方旗舰店,652993501043,小熊电饭煲家用3到4人小型智能电饭锅陶瓷油内胆不粘微压快煮饭,https://detail.tmall.com/item.htm?id=652993501043,03f95dc2ae03ab4598b593baa6470da7a20ed49128baaf6e63b643b842463a75_2215494213791_20260803,,,,,,,,,,
天猫,中性,咨询,2026-08-03 14:45:04,亲这个底部什么材质<br>消费者点踩机器人消息，已停止辅助接待,小熊电器官方旗舰店,1066545498108,【新品抢先加购 4号付定】小熊破壁机豆浆机全自动家用多功能新款,https://detail.tmall.com/item.htm?id=1066545498108,cbe2ef512f18d90909043a860caf1655f4b3b500794956e73e9dd1fd5140b9bd_2214693187755_20260803,,,,,,,,,,
天猫,中性,咨询,2026-08-03 14:44:11,这个出水口有多长,小熊电器官方旗舰店,953780186914,小熊桶装水电动抽水器吸水器压水器自吸全自动抽水神器水泵上水器,https://detail.tmall.com/item.htm?id=953780186914,269b7d3380ccdf356b996bffc0be8fb7da9308167275e070cb35c2f4bc4cb486_2222166184646_20260803,,,,,,,,,,
天猫,中性,咨询,2026-08-03 14:40:35,包安装吗,小熊电器官方旗舰店,829752288160,小熊迷你内衣内裤洗衣机专用洗袜子全自动小型迷你小型婴儿清洗机,https://detail.tmall.com/item.htm?id=829752288160,ab5d01ed7ab09d31c01e4143323c5ad701f2bb932f5cb2d4f79dfab46e6e4a03_2212796238773_20260803,,,,,,,,,,
天猫,中性,咨询,2026-08-03 14:39:17,这是什么型号,小熊电器官方旗舰店,1066545498108,【新品抢先加购 4号付定】小熊破壁机豆浆机全自动家用多功能新款,https://detail.tmall.com/item.htm?id=1066545498108,d8bbd8513bcf4874c8c1dfa936c1ee351e3940482374c89b4fbc98eeae2c4248_2215543343493_20260803,,,,,,,,,,
天猫,负向,咨询,2026-08-03 14:38:54,用了还不到一年，<br>内胆掉漆了<br>可能补发一个？,小熊电器官方旗舰店,652993501043,小熊电饭煲家用3到4人小型智能电饭锅陶瓷油内胆不粘微压快煮饭,https://detail.tmall.com/item.htm?id=652993501043,fb56881610a91a449579092ed5bb65917218362a153633cf6237860facd801a4_2222803185856_20260803,,,,,,,,,,
天猫,中性,咨询,2026-08-03 14:38:54,用了还不到一年，<br>内胆掉漆了<br>可能补发一个？,小熊电器官方旗舰店,652993501043,小熊电饭煲家用3到4人小型智能电饭锅陶瓷油内胆不粘微压快煮饭,https://detail.tmall.com/item.htm?id=652993501043,fb56881610a91a449579092ed5bb65917218362a153633cf6237860facd801a4_2222803185856_20260803,,,,,,,,,,
天猫,中性,咨询,2026-08-03 14:36:42,请问第一次怎么清洗呢<br>这个也用100摄氏度水泡吗<br>食品级吗<br>100摄氏度水泡，不会泡坏吗<br>,小熊电器官方旗舰店,953780186914,小熊桶装水电动抽水器吸水器压水器自吸全自动抽水神器水泵上水器,https://detail.tmall.com/item.htm?id=953780186914,98c9e4c75635f17a500aaf97132f6f8359b7d10f4ad11ec10b4c3b83657b5643_2222166184646_20260803,,,,,,,,,,
天猫,负向,咨询,2026-08-03 14:26:48,这个卡不住6升的农夫山泉瓶盖啊,小熊电器官方旗舰店,953780186914,小熊桶装水电动抽水器吸水器压水器自吸全自动抽水神器水泵上水器,https://detail.tmall.com/item.htm?id=953780186914,23834793909b72d6dd464e99303603e9bad1e7198b081426a5967dbddc1a1ca2_2219484290050_20260803,,,,,,,,,,
天猫,中性,咨询,2026-08-03 14:24:51,请问什么时候发货,小熊电器官方旗舰店,832406608200,小熊全玻璃恒温养生壶家用多功能办公室小型煮茶壶烧水壶炖煮一体,https://detail.tmall.com/item.htm?id=832406608200,b5b74c1ca0c83efc65fbad3711391b904c90a0706ed22844454cf8e6e57b362d_3990073528_20260803,,,,,,,,,,
天猫,负向,咨询,2026-08-03 14:23:51,嗯嗯，请尽快发货哈<br>消费者有复杂售后问题，已停止辅助接待,小熊电器官方旗舰店,953780186914,小熊桶装水电动抽水器吸水器压水器自吸全自动抽水神器水泵上水器,https://detail.tmall.com/item.htm?id=953780186914,3a482f6ed7d54b1c253b7363ac5cc826e488d291601c547c718fcb79818d7a79_2222223376020_20260803,,,,,,,,,,
天猫,中性,咨询,2026-08-03 14:23:33,需要预留多少尺寸空间安装？<br>是包安装的吗<br>👌我回去量一下<br>插头是几孔的,小熊电器官方旗舰店,829752288160,小熊迷你内衣内裤洗衣机专用洗袜子全自动小型迷你小型婴儿清洗机,https://detail.tmall.com/item.htm?id=829752288160,73403724a103438690421482547ec4e8376a80f325cf3bf782ac157cc6211431_2212775027940_20260803,,,,,,,,,,
天猫,中性,咨询,2026-08-03 14:23:33,需要预留多少尺寸空间安装？<br>是包安装的吗<br>👌我回去量一下<br>插头是几孔的,小熊电器官方旗舰店,829752288160,小熊迷你内衣内裤洗衣机专用洗袜子全自动小型迷你小型婴儿清洗机,https://detail.tmall.com/item.htm?id=829752288160,73403724a103438690421482547ec4e8376a80f325cf3bf782ac157cc6211431_2212775027940_20260803,,,,,,,,,,
天猫,中性,咨询,2026-08-03 14:19:51,有运费险吗,小熊电器官方旗舰店,832406608200,小熊全玻璃恒温养生壶家用多功能办公室小型煮茶壶烧水壶炖煮一体,https://detail.tmall.com/item.htm?id=832406608200,1c1fdc6ab81e5eb13bbd1b12296ac969b387ca46f93398ece4056fa767a930f5_3990073528_20260803,,,,,,,,,,
天猫,中性,咨询,2026-08-03 14:05:22,这个电炉底部最高能达到多少度？,小熊电器官方旗舰店,832406608200,小熊全玻璃恒温养生壶家用多功能办公室小型煮茶壶烧水壶炖煮一体,https://detail.tmall.com/item.htm?id=832406608200,768bd9c2591807f8f1ee6df725bffb022ad65fe398a938d1d9396defebd28d4a_3990073528_20260803,,,,,,,,,,
天猫,中性,咨询,2026-08-03 13:58:39,我想退差价,小熊电器官方旗舰店,953780186914,小熊桶装水电动抽水器吸水器压水器自吸全自动抽水神器水泵上水器,https://detail.tmall.com/item.htm?id=953780186914,b0e9f98871f2604069063ab9e9d11c658cdeefa86797ce205cfd5781171448e3_2215007019509_20260803,,,,,,,,,,
天猫,中性,咨询,2026-08-03 13:47:41,这个可以煎药吗,小熊电器官方旗舰店,832406608200,小熊全玻璃恒温养生壶家用多功能办公室小型煮茶壶烧水壶炖煮一体,https://detail.tmall.com/item.htm?id=832406608200,36139459cf4421423cebec2b6374deb7aa8c7f50aad51871e1ca7306803d1556_2217778896413_20260803,,,,,,,,,,
天猫,中性,咨询,2026-08-03 13:44:39,这个是不是需要上下水<br>包安装吗,小熊电器官方旗舰店,829752288160,小熊迷你内衣内裤洗衣机专用洗袜子全自动小型迷你小型婴儿清洗机,https://detail.tmall.com/item.htm?id=829752288160,a652ca882062e88afaf336388b1a55144b5d8e7a7f76beac1f96ff2068c08117_2212796238773_20260803,,,,,,,,,,
天猫,中性,咨询,2026-08-03 13:44:25,能煮粥吗,小熊电器官方旗舰店,832406608200,小熊全玻璃恒温养生壶家用多功能办公室小型煮茶壶烧水壶炖煮一体,https://detail.tmall.com/item.htm?id=832406608200,2d2216c5c508fd8156e2f389ca35e0cd6cb897432320502f56ea1770141142a8_2217778896413_20260803,,,,,,,,,,
天猫,中性,咨询,2026-08-03 13:41:57,有好评返现吗,小熊电器官方旗舰店,832406608200,小熊全玻璃恒温养生壶家用多功能办公室小型煮茶壶烧水壶炖煮一体,https://detail.tmall.com/item.htm?id=832406608200,7fa95c811c6e0c466704aaa29816682218e0c53460614cd7564bfeb6d598e755_2215107505922_20260803,,,,,,,,,,
天猫,负向,咨询,2026-08-03 13:30:02,亲才用没有多久坏了<br>小器买了这么多，第一次<br>充不进去电<br>我充了好久也没有用<br>不能用快充吗？<br>那我再回去试试,小熊电器官方旗舰店,953780186914,小熊桶装水电动抽水器吸水器压水器自吸全自动抽水神器水泵上水器,https://detail.tmall.com/item.htm?id=953780186914,e7f86fe8b0f2ba4b30fcd726673cb8c817783b2bf8c1d13661cc0049d7476dfc_2215007019509_20260803,,,,,,,,,,
天猫,中性,咨询,2026-08-03 13:28:54,你好，有使用视频吗？特别想问下上水排水怎么弄,小熊电器官方旗舰店,829752288160,小熊迷你内衣内裤洗衣机专用洗袜子全自动小型迷你小型婴儿清洗机,https://detail.tmall.com/item.htm?id=829752288160,110871b481862c5c52adf827e63336d993ed14833f154dfb992c0738baf3366f_2209570416623_20260803,,,,,,,,,,
天猫,中性,咨询,2026-08-03 13:28:12,尺寸是多大<br>容量是多大<br>上翻盖的是吧<br>安装呢<br>要提前预留出水和进水是吧<br>有没有安装的预埋图<br>好的，是洗烘一体的吧,小熊电器官方旗舰店,829752288160,小熊迷你内衣内裤洗衣机专用洗袜子全自动小型迷你小型婴儿清洗机,https://detail.tmall.com/item.htm?id=829752288160,3d29943ce7ddbe10f97b881c45022027da0b9197bccfb8aaa0250ec398cb4079_2209570416623_20260803,,,,,,,,,,
天猫,中性,咨询,2026-08-03 13:28:12,尺寸是多大<br>容量是多大<br>上翻盖的是吧<br>安装呢<br>要提前预留出水和进水是吧<br>有没有安装的预埋图<br>好的，是洗烘一体的吧,小熊电器官方旗舰店,829752288160,小熊迷你内衣内裤洗衣机专用洗袜子全自动小型迷你小型婴儿清洗机,https://detail.tmall.com/item.htm?id=829752288160,3d29943ce7ddbe10f97b881c45022027da0b9197bccfb8aaa0250ec398cb4079_2209570416623_20260803,,,,,,,,,,
天猫,负向,咨询,2026-08-03 13:27:55,为什么没煮几次？底下就黑了？<br>而且现在还有那个奇怪的味道<br>,小熊电器官方旗舰店,832406608200,小熊全玻璃恒温养生壶家用多功能办公室小型煮茶壶烧水壶炖煮一体,https://detail.tmall.com/item.htm?id=832406608200,e3918d917c8ab18db616c8f6ac665eca26a0d851e6cb71fcafe2b5a1bdc776ea_3423170799_20260803,,,,,,,,,,
天猫,中性,咨询,2026-08-03 13:26:32,是发的哪家快递<br>电饭锅不通电是什么原因<br>,小熊电器官方旗舰店,652993501043,小熊电饭煲家用3到4人小型智能电饭锅陶瓷油内胆不粘微压快煮饭,https://detail.tmall.com/item.htm?id=652993501043,a7473edb128f1ab9d983ed4494031a9b432538c21a7ce185e6ca273db5731295_2212837734466_20260803,,,,,,,,,,
天猫,中性,咨询,2026-08-03 13:25:56,我改下地址<br>市区汉威国际广区楼8层<br>不需要<br>应该是,小熊电器官方旗舰店,832406608200,小熊全玻璃恒温养生壶家用多功能办公室小型煮茶壶烧水壶炖煮一体,https://detail.tmall.com/item.htm?id=832406608200,5baa83ce4a18ff3c67a50f0b449bb611a948ddb02a59030d9c0e8920e8b6af43_2217778896413_20260803,,,,,,,,,,
天猫,中性,咨询,2026-08-03 13:25:43,好评有红包吗<br>,小熊电器官方旗舰店,832406608200,小熊全玻璃恒温养生壶家用多功能办公室小型煮茶壶烧水壶炖煮一体,https://detail.tmall.com/item.htm?id=832406608200,32cc909ca858149725491349227c71e6e53d26d0b0b73d0f00cf05c84af52b27_2215107505922_20260803,,,,,,,,,,
天猫,中性,咨询,2026-08-03 13:25:41,电源线有多长,小熊电器官方旗舰店,832406608200,小熊全玻璃恒温养生壶家用多功能办公室小型煮茶壶烧水壶炖煮一体,https://detail.tmall.com/item.htm?id=832406608200,7853cc8dcdf6693dd47032cdcf977f9dac0fab6aa86adb55347aaf8409aa0d4d_2217778896413_20260803,,,,,,,,,,
天猫,中性,咨询,2026-08-03 13:03:01,内裤要洗多久啊,小熊电器官方旗舰店,829752288160,小熊迷你内衣内裤洗衣机专用洗袜子全自动小型迷你小型婴儿清洗机,https://detail.tmall.com/item.htm?id=829752288160,40ccd731d88982f45a956500f7995fc6ae051dd97b0839a4507019e50144caf6_2209570416623_20260803,,,,,,,,,,
天猫,中性,咨询,2026-08-03 13:02:56,怎么安装<br>要预留管道吗,小熊电器官方旗舰店,829752288160,小熊迷你内衣内裤洗衣机专用洗袜子全自动小型迷你小型婴儿清洗机,https://detail.tmall.com/item.htm?id=829752288160,7c6e6661540cf29b2477bb270358e35300239a8bc0113f52469928333fb57ec2_2209570416623_20260803,,,,,,,,,,
天猫,中性,咨询,2026-08-03 13:01:55,使用的视频发给我,小熊电器官方旗舰店,953780186914,小熊桶装水电动抽水器吸水器压水器自吸全自动抽水神器水泵上水器,https://detail.tmall.com/item.htm?id=953780186914,2c529171e187a7bbb112a056550bcba52aecd1b24f62e3e758f2bf86b4314366_2212455992463_20260803,,,,,,,,,,
天猫,中性,咨询,2026-08-03 12:51:11,你好，今天发货吗？,小熊电器官方旗舰店,832406608200,小熊全玻璃恒温养生壶家用多功能办公室小型煮茶壶烧水壶炖煮一体,https://detail.tmall.com/item.htm?id=832406608200,191e7465927d21208c7103d26dae8d66c32a6a9ecd811d4380605796d0703d7f_2209720364600_20260803,,,,,,,,,,
天猫,中性,咨询,2026-08-03 12:49:09,这个只能抽水不能加热是吗？,小熊电器官方旗舰店,953780186914,小熊桶装水电动抽水器吸水器压水器自吸全自动抽水神器水泵上水器,https://detail.tmall.com/item.htm?id=953780186914,459b6af54ea1f9abaf142fac2ff7d39a575d67a64226559655378471056fb27b_2219825717317_20260803,,,,,,,,,,
天猫,中性,咨询,2026-08-03 12:47:42,还能优惠不了<br>本来155.4 你发的这个更贵了<br>晒图返20？<br>,小熊电器官方旗舰店,832406608200,小熊全玻璃恒温养生壶家用多功能办公室小型煮茶壶烧水壶炖煮一体,https://detail.tmall.com/item.htm?id=832406608200,110d2e5c3ba15e9e2d7262b4b5087e6b0d7d3bb7827a9422dea5a9e109db8b11_2217778896413_20260803,,,,,,,,,,
天猫,中性,咨询,2026-08-03 12:47:04,你们这边安装一台洗衣机给师少<br>我看看家里人会不会装<br>平台识别到当前场景适合物流客服服务，已向消费者发送邀请，若消费者同意，平台将接入物流客服和您一起服务消费者<br>我的还没去拿<br>等我联系你哈<br>这个翻盖高度是多少呀<br>我在定做架子<br>我详情页看了很久没看到来着<br>不是，就是那个盖子打开<br>以后的机器高度是多少<br>有60公分嘛,小熊电器官方旗舰店,829752288160,小熊迷你内衣内裤洗衣机专用洗袜子全自动小型迷你小型婴儿清洗机,https://detail.tmall.com/item.htm?id=829752288160,6ae8de20e2c4a75d121e06d08d960844f5ae7afa6e8e01aa993e682ac6312065_2209570416623_20260803,,,,,,,,,,
天猫,中性,咨询,2026-08-03 12:46:45,有运费险吗？<br>刚刚买好了,小熊电器官方旗舰店,652993501043,小熊电饭煲家用3到4人小型智能电饭锅陶瓷油内胆不粘微压快煮饭,https://detail.tmall.com/item.htm?id=652993501043,d4ecec924f2176a16736d9752b72b1bc83a6559a3682cda3e47c7c3bb6ea8db6_2217680629592_20260803,,,,,,,,,,
天猫,中性,咨询,2026-08-03 12:45:47,有使用说明书吗<br>内衣袜子只有一个桶吗,小熊电器官方旗舰店,829752288160,小熊迷你内衣内裤洗衣机专用洗袜子全自动小型迷你小型婴儿清洗机,https://detail.tmall.com/item.htm?id=829752288160,3141d509cfbc2bcbeafb38974dc37e3ece16d7b014cdffff0f5cd9b640da5550_2209570416623_20260803,,,,,,,,,,
天猫,中性,咨询,2026-08-03 12:43:41,座是电吗？<br>那如果用嗯不锈钢的锅或者是锅放上去烧，可以吗？<br>那我的意思说，我另外配这种锅在用，可不可以用？是有危险吗？,小熊电器官方旗舰店,832406608200,小熊全玻璃恒温养生壶家用多功能办公室小型煮茶壶烧水壶炖煮一体,https://detail.tmall.com/item.htm?id=832406608200,8f29005f5ce56036522d9a47d0731601b40f10cdba7210a0db7c65916f960a35_2222430908987_20260803,,,,,,,,,,
天猫,中性,咨询,2026-08-03 12:40:14,这个寄到新疆大概要几天？<br>？<br>哪里发货？,小熊电器官方旗舰店,652993501043,小熊电饭煲家用3到4人小型智能电饭锅陶瓷油内胆不粘微压快煮饭,https://detail.tmall.com/item.htm?id=652993501043,93669dd35ba75615a5b32d5c913b3e71c6b6cb19d9fe1199bdd6f44b09e0a6e5_2222357265163_20260803,,,,,,,,,,
天猫,中性,咨询,2026-08-03 12:37:41,安装条件<br>安装视频,小熊电器官方旗舰店,829752288160,小熊迷你内衣内裤洗衣机专用洗袜子全自动小型迷你小型婴儿清洗机,https://detail.tmall.com/item.htm?id=829752288160,04a1dccefdc05cdcbf5d31d7f678db4122d37be1ec940d26ebdd30f03834035b_2209570416623_20260803,,,,,,,,,,
天猫,负向,咨询,2026-08-03 12:37:16,退货退款加50元心意金<br>尽快<br>尽快<br>嗯嗯地址<br>我给你寄回去<br>官门取件也行吧<br>同意一下<br>我下午给你寄出去<br>运费是你们出是吧,小熊电器官方旗舰店,953780186914,小熊桶装水电动抽水器吸水器压水器自吸全自动抽水神器水泵上水器,https://detail.tmall.com/item.htm?id=953780186914,1496618ac2cb94ea30464e32ffd79c54df05bc5de8feff32a97b1595897b4793_2209671807142_20260803,,,,,,,,,,
天猫,中性,咨询,2026-08-03 12:36:56,煮饭需要多久？,小熊电器官方旗舰店,652993501043,小熊电饭煲家用3到4人小型智能电饭锅陶瓷油内胆不粘微压快煮饭,https://detail.tmall.com/item.htm?id=652993501043,4c1e66d81394fd2b6d484722c0158ed43f73090489e5ee4a06b646cc1d019f16_2212837734466_20260803,,,,,,,,,,
天猫,负向,咨询,2026-08-03 12:30:51,这锅质量也太差了吧<br>涂层都掉了<br>,小熊电器官方旗舰店,652993501043,小熊电饭煲家用3到4人小型智能电饭锅陶瓷油内胆不粘微压快煮饭,https://detail.tmall.com/item.htm?id=652993501043,17fea6a32cfa72ea37ac786dff920c2828a4d4a0edce2b0ba09fd6f1831160df_2217680629592_20260803,,,,,,,,,,
天猫,负向,咨询,2026-08-03 12:30:51,这锅质量也太差了吧<br>涂层都掉了<br>,小熊电器官方旗舰店,652993501043,小熊电饭煲家用3到4人小型智能电饭锅陶瓷油内胆不粘微压快煮饭,https://detail.tmall.com/item.htm?id=652993501043,17fea6a32cfa72ea37ac786dff920c2828a4d4a0edce2b0ba09fd6f1831160df_2217680629592_20260803,,,,,,,,,,
天猫,中性,咨询,2026-08-03 12:27:47,耗电量大不<br>烧一次开水耗多少电<br>水果茶算是花茶吗<br>冬瓜和苹果<br>水开想多煮会，怎么加时长，没看懂<br>烧开了，是不是按功能键<br>然后定时<br>已经好了，整个壶身可以清洗吗<br>除座<br>,小熊电器官方旗舰店,832406608200,小熊全玻璃恒温养生壶家用多功能办公室小型煮茶壶烧水壶炖煮一体,https://detail.tmall.com/item.htm?id=832406608200,34695d0b5aeef5445f9a92e0253abe2e4add2bf6b376af453e9a407ad15fb1f9_2215107505922_20260803,,,,,,,,,,
天猫,中性,咨询,2026-08-03 12:22:29,煮粥煲汤不会溢锅吗,小熊电器官方旗舰店,652993501043,小熊电饭煲家用3到4人小型智能电饭锅陶瓷油内胆不粘微压快煮饭,https://detail.tmall.com/item.htm?id=652993501043,7482329a05ffbdc2afe1ffb62c3beb9851b99d9c0ed3c726be4799dc1920546c_2217680629592_20260803,,,,,,,,,,
天猫,中性,咨询,2026-08-03 12:18:10,如面条？感觉火不够大<br>我用煮汤的键,小熊电器官方旗舰店,652993501043,小熊电饭煲家用3到4人小型智能电饭锅陶瓷油内胆不粘微压快煮饭,https://detail.tmall.com/item.htm?id=652993501043,3c86e23ad59201133c642e2a20d21113c1aa31fa57f06eecd73976fa5498648a_2222234020629_20260803,,,,,,,,,,
天猫,中性,咨询,2026-08-03 12:14:27,可以修改地址吗<br>市<br>电话也帮忙改改哈，,小熊电器官方旗舰店,832406608200,小熊全玻璃恒温养生壶家用多功能办公室小型煮茶壶烧水壶炖煮一体,https://detail.tmall.com/item.htm?id=832406608200,7a5fa5d894ae69664d4f7ed426f7b6e8bb9ec040c3cd08bff99d00e7654f0c32_2217778896413_20260803,,,,,,,,,,
天猫,中性,咨询,2026-08-03 12:14:27,可以修改地址吗<br>市<br>电话也帮忙改改哈，,小熊电器官方旗舰店,832406608200,小熊全玻璃恒温养生壶家用多功能办公室小型煮茶壶烧水壶炖煮一体,https://detail.tmall.com/item.htm?id=832406608200,7a5fa5d894ae69664d4f7ed426f7b6e8bb9ec040c3cd08bff99d00e7654f0c32_2217778896413_20260803,,,,,,,,,,
天猫,负向,咨询,2026-08-03 12:06:55,这个电饭煲能支持 OTA 升级吗？那个取消按钮很容易误触<br>能不能升级一下<br>滴水的上面，正煮着的饭就取消了,小熊电器官方旗舰店,652993501043,小熊电饭煲家用3到4人小型智能电饭锅陶瓷油内胆不粘微压快煮饭,https://detail.tmall.com/item.htm?id=652993501043,3c08c5716178c27867f541380140046e9fd1d0c65c5ae5ea4477579f16ebcc70_2222357265163_20260803,,,,,,,,,,
天猫,负向,咨询,2026-08-03 11:59:39,你好，这个锅内胆掉漆,小熊电器官方旗舰店,652993501043,小熊电饭煲家用3到4人小型智能电饭锅陶瓷油内胆不粘微压快煮饭,https://detail.tmall.com/item.htm?id=652993501043,41a17d1227089d51f7b53720ec925b8e474bd2dc5bed683185e33b14dbfc28ca_2222404047191_20260803,,,,,,,,,,
天猫,正向,咨询,2026-08-03 11:58:29,洗衣机送货上门安装？<br>尺寸给我一个<br>可以洗衬衣？<br>只能洗内裤？<br>太小了,小熊电器官方旗舰店,829752288160,小熊迷你内衣内裤洗衣机专用洗袜子全自动小型迷你小型婴儿清洗机,https://detail.tmall.com/item.htm?id=829752288160,1d5fe0d8060baab6f9593fb61927412b29e7199640e2b01b38d877324968eed7_2212796238773_20260803,,,,,,,,,,
天猫,中性,咨询,2026-08-03 11:56:17,老板这个盖子是什么材质的？<br>没有不锈钢的？<br>这个盖子是什么材质的？<br>我要盖子也是不锈钢的，,小熊电器官方旗舰店,652993501043,小熊电饭煲家用3到4人小型智能电饭锅陶瓷油内胆不粘微压快煮饭,https://detail.tmall.com/item.htm?id=652993501043,9df8b2d5e3b8b5362ee4b39faaa21a13c5b43439bd5792fb28aee5dd10d44dc4_2219418595974_20260803,,,,,,,,,,
天猫,负向,咨询,2026-08-03 11:52:42,这个锅胆有点瑕疵就算了，我只放的水，烧开高消毒一下，怎么是这个声音，质量有问题呢<br>有3升的压力锅吗<br>双胆的<br>,小熊电器官方旗舰店,652993501043,小熊电饭煲家用3到4人小型智能电饭锅陶瓷油内胆不粘微压快煮饭,https://detail.tmall.com/item.htm?id=652993501043,f492c4f801c600f88acfac5d83c856509f81530e7c079e590e5410dacdf03ed6_2222803185856_20260803,,,,,,,,,,
天猫,负向,咨询,2026-08-03 11:52:42,这个锅胆有点瑕疵就算了，我只放的水，烧开高消毒一下，怎么是这个声音，质量有问题呢<br>有3升的压力锅吗<br>双胆的<br>,小熊电器官方旗舰店,652993501043,小熊电饭煲家用3到4人小型智能电饭锅陶瓷油内胆不粘微压快煮饭,https://detail.tmall.com/item.htm?id=652993501043,f492c4f801c600f88acfac5d83c856509f81530e7c079e590e5410dacdf03ed6_2222803185856_20260803,,,,,,,,,,
天猫,中性,咨询,2026-08-03 11:51:58,我已经确评价<br>能退差价了<br>是电饭锅,小熊电器官方旗舰店,652993501043,小熊电饭煲家用3到4人小型智能电饭锅陶瓷油内胆不粘微压快煮饭,https://detail.tmall.com/item.htm?id=652993501043,585d8dc431410551adc016f97ef916d87e9cd15a6dbc3c7cb47cce372b04e9ab_2215247593210_20260803,,,,,,,,,,
天猫,中性,咨询,2026-08-03 11:47:33,修改地址<br>省市区钓路32号市税务局 文俊雅,小熊电器官方旗舰店,832406608200,小熊全玻璃恒温养生壶家用多功能办公室小型煮茶壶烧水壶炖煮一体,https://detail.tmall.com/item.htm?id=832406608200,5edf103814dfdf84e321a8527d3fe6917bb26a2e39c65d8223450490304b64b0_3990073528_20260803,,,,,,,,,,
天猫,负向,咨询,2026-08-03 11:42:31,现在这个电饭锅做出来是夹生米是怎么回事,小熊电器官方旗舰店,652993501043,小熊电饭煲家用3到4人小型智能电饭锅陶瓷油内胆不粘微压快煮饭,https://detail.tmall.com/item.htm?id=652993501043,6525b000514939c9a528ea4b101139324e84bc57b6380bb9f210b5d621ad356e_2215202023835_20260803,,,,,,,,,,
天猫,中性,咨询,2026-08-03 11:42:13,我要咨询这个规格的商品<br>这个能煮杂粮饭吗<br>？！要煮两小时吗<br>杂粮饭,小熊电器官方旗舰店,652993501043,小熊电饭煲家用3到4人小型智能电饭锅陶瓷油内胆不粘微压快煮饭,https://detail.tmall.com/item.htm?id=652993501043,48c57c3cca9a5ac193c8af19586ef2afc3b7ffc3f2cacaf4e54689e3cf8c305d_2221749211942_20260803,,,,,,,,,,
天猫,中性,咨询,2026-08-03 11:42:03,亲这个充电口是什么样子的,小熊电器官方旗舰店,953780186914,小熊桶装水电动抽水器吸水器压水器自吸全自动抽水神器水泵上水器,https://detail.tmall.com/item.htm?id=953780186914,df7004abce958e29fab0cd38d7f59d4b4aa3e0458f43fa6068463c02d4f07e1d_2222166184646_20260803,,,,,,,,,,
天猫,负向,咨询,2026-08-03 11:39:36,达人合作退款<br>包海青,小熊电器官方旗舰店,1066545498108,【新品抢先加购 4号付定】小熊破壁机豆浆机全自动家用多功能新款,https://detail.tmall.com/item.htm?id=1066545498108,19e7eafbbbf1fcc9237097d33a6f2527c52ef8f7c889c45d048522fcd237a4a1_2214693187755_20260803,,,,,,,,,,
天猫,中性,咨询,2026-08-03 11:37:51,充电不进<br>换了充电头还是不行,小熊电器官方旗舰店,953780186914,小熊桶装水电动抽水器吸水器压水器自吸全自动抽水神器水泵上水器,https://detail.tmall.com/item.htm?id=953780186914,a0a285a2896e93e43708b4361bd0cade2ff120d2fac9502d5df08e60589e93e6_2220272649006_20260803,,,,,,,,,,
天猫,中性,咨询,2026-08-03 11:37:50,发票麻烦开一下哈,小熊电器官方旗舰店,953780186914,小熊桶装水电动抽水器吸水器压水器自吸全自动抽水神器水泵上水器,https://detail.tmall.com/item.htm?id=953780186914,e4c952adfccb856e0eb0a5f4e9d49ffa1b1328cd95b2d4c29aa544a15699901e_2219484290050_20260803,,,,,,,,,,
天猫,中性,咨询,2026-08-03 11:35:46,充电时是红光一闪一闪的<br>充满大约多长时间,小熊电器官方旗舰店,953780186914,小熊桶装水电动抽水器吸水器压水器自吸全自动抽水神器水泵上水器,https://detail.tmall.com/item.htm?id=953780186914,f420dfc50b052923295d558d5e85394d243026745f1d738ffe9e73a7e9c49b72_2219484290050_20260803,,,,,,,,,,
天猫,中性,咨询,2026-08-03 11:35:34,请问这款养生壶有优惠吗<br>目前,小熊电器官方旗舰店,832406608200,小熊全玻璃恒温养生壶家用多功能办公室小型煮茶壶烧水壶炖煮一体,https://detail.tmall.com/item.htm?id=832406608200,1651e06648c36aed6d6827c68357bbd20d52b7213b364bbcc47fb6f29e91bdb7_2219625492318_20260803,,,,,,,,,,
天猫,中性,咨询,2026-08-03 11:32:37,我买的这个底盘有多大,小熊电器官方旗舰店,832406608200,小熊全玻璃恒温养生壶家用多功能办公室小型煮茶壶烧水壶炖煮一体,https://detail.tmall.com/item.htm?id=832406608200,0a12aefd0e551af1cb295ed0ce76d46178f3ef92850a447d1590c5fbf998efb5_3990073528_20260803,,,,,,,,,,
天猫,中性,咨询,2026-08-03 11:28:32,您好。这是一个桶吗<br>那这样全家是不是不能一起洗啊<br>只能一个人洗？<br>这个包安装吗,小熊电器官方旗舰店,829752288160,小熊迷你内衣内裤洗衣机专用洗袜子全自动小型迷你小型婴儿清洗机,https://detail.tmall.com/item.htm?id=829752288160,0190d3f9328be445bb2131bed591aea76df0bbf49dba8909ef806990a4525f58_2212775027940_20260803,,,,,,,,,,
天猫,中性,咨询,2026-08-03 11:27:43,这个泵里面怎么清洗呢？<br>那泵里面要洗吗？<br>100度不会烫坏吧？,小熊电器官方旗舰店,953780186914,小熊桶装水电动抽水器吸水器压水器自吸全自动抽水神器水泵上水器,https://detail.tmall.com/item.htm?id=953780186914,72fc71e4723b5714a12bb9e7908bbb1b6b38d64c6837eed2e5738eebfaf4a91b_2220272649006_20260803,,,,,,,,,,
天猫,中性,咨询,2026-08-03 11:26:43,还能优惠吗<br>这个保修多久,小熊电器官方旗舰店,652993501043,小熊电饭煲家用3到4人小型智能电饭锅陶瓷油内胆不粘微压快煮饭,https://detail.tmall.com/item.htm?id=652993501043,e91e8ede0d0520062b6cad0c483549a699c05a811033ea3c983686cfaf2062ed_2212837734466_20260803,,,,,,,,,,
天猫,中性,咨询,2026-08-03 11:26:43,还能优惠吗<br>这个保修多久,小熊电器官方旗舰店,652993501043,小熊电饭煲家用3到4人小型智能电饭锅陶瓷油内胆不粘微压快煮饭,https://detail.tmall.com/item.htm?id=652993501043,e91e8ede0d0520062b6cad0c483549a699c05a811033ea3c983686cfaf2062ed_2212837734466_20260803,,,,,,,,,,
天猫,负向,咨询,2026-08-03 11:25:35,亲，我买的玻璃壶炸了一个,小熊电器官方旗舰店,832406608200,小熊全玻璃恒温养生壶家用多功能办公室小型煮茶壶烧水壶炖煮一体,https://detail.tmall.com/item.htm?id=832406608200,6a4fbbd74bed3aba78c1005f955d585c9eff9be56a1d834bf78cd5721387753d_3990073528_20260803,,,,,,,,,,
天猫,中性,咨询,2026-08-03 11:22:36,这种是要插电接水龙头使用吗？<br>哪里发货，这个是几升的？<br>可以洗几件内衣一次。<br>这款是高洗带烘干是吗？<br>烘干只是轰半杆还是全干，拿出来就可以穿呢。<br>烘干需要这么长时间啊。<br>是全干嘛？<br>,小熊电器官方旗舰店,829752288160,小熊迷你内衣内裤洗衣机专用洗袜子全自动小型迷你小型婴儿清洗机,https://detail.tmall.com/item.htm?id=829752288160,63e2251766175821531030b1a6e1d77b35134ea1428fa7bb037dd9c7b042926d_2212775027940_20260803,,,,,,,,,,
天猫,中性,咨询,2026-08-03 11:22:36,这种是要插电接水龙头使用吗？<br>哪里发货，这个是几升的？<br>可以洗几件内衣一次。<br>这款是高洗带烘干是吗？<br>烘干只是轰半杆还是全干，拿出来就可以穿呢。<br>烘干需要这么长时间啊。<br>是全干嘛？<br>,小熊电器官方旗舰店,829752288160,小熊迷你内衣内裤洗衣机专用洗袜子全自动小型迷你小型婴儿清洗机,https://detail.tmall.com/item.htm?id=829752288160,63e2251766175821531030b1a6e1d77b35134ea1428fa7bb037dd9c7b042926d_2212775027940_20260803,,,,,,,,,,
天猫,中性,咨询,2026-08-03 11:21:34,请问这款能加热其他东西吗？,小熊电器官方旗舰店,832406608200,小熊全玻璃恒温养生壶家用多功能办公室小型煮茶壶烧水壶炖煮一体,https://detail.tmall.com/item.htm?id=832406608200,ad2c7a7815909d7b2a67f54817625835a18166ad7f29cc56de146545f354e35d_3990073528_20260803,,,,,,,,,,
天猫,中性,咨询,2026-08-03 11:18:37,你好，垫圈掉了<br>买什么型号的垫圈,小熊电器官方旗舰店,829752288160,小熊迷你内衣内裤洗衣机专用洗袜子全自动小型迷你小型婴儿清洗机,https://detail.tmall.com/item.htm?id=829752288160,db66634e3fa6241ea69261a6b22235bc84473aaff79614a973a67de30d63bc96_2212775027940_20260803,,,,,,,,,,
天猫,中性,咨询,2026-08-03 11:16:19,盖子是什么材质,小熊电器官方旗舰店,832406608200,小熊全玻璃恒温养生壶家用多功能办公室小型煮茶壶烧水壶炖煮一体,https://detail.tmall.com/item.htm?id=832406608200,13f61ab067674453f4096988ab54fecb37a11cee4534d8e1a3ccc38be0c7a14e_3990073528_20260803,,,,,,,,,,
天猫,中性,咨询,2026-08-03 11:14:31,煮柴火饭大概需要多久呀？<br>煮柴火饭大概需要多久呀？,小熊电器官方旗舰店,652993501043,小熊电饭煲家用3到4人小型智能电饭锅陶瓷油内胆不粘微压快煮饭,https://detail.tmall.com/item.htm?id=652993501043,c223896287899d05921fd0879b5ec4c4ccfd914b41a46978ebf026b1589a3250_2222803185856_20260803,,,,,,,,,,
天猫,中性,咨询,2026-08-03 11:14:31,煮柴火饭大概需要多久呀？<br>煮柴火饭大概需要多久呀？,小熊电器官方旗舰店,652993501043,小熊电饭煲家用3到4人小型智能电饭锅陶瓷油内胆不粘微压快煮饭,https://detail.tmall.com/item.htm?id=652993501043,c223896287899d05921fd0879b5ec4c4ccfd914b41a46978ebf026b1589a3250_2222803185856_20260803,,,,,,,,,,
天猫,中性,咨询,2026-08-03 11:09:19,不用这个不行吗<br>我直接寄回去不行吗<br>审核要多久<br>质量问题能退不<br>质量问题能退款吗<br>,小熊电器官方旗舰店,652993501043,小熊电饭煲家用3到4人小型智能电饭锅陶瓷油内胆不粘微压快煮饭,https://detail.tmall.com/item.htm?id=652993501043,8ef0423f52bf8c6c82448b01b057574551e673c9d9e497e1c5b333a9ab4d2871_2215494213791_20260803,,,,,,,,,,
天猫,中性,咨询,2026-08-03 11:08:37,你这个需要有热水吗<br>洗的时间长不<br>你这个以旧换新怎么用呢<br>,小熊电器官方旗舰店,829752288160,小熊迷你内衣内裤洗衣机专用洗袜子全自动小型迷你小型婴儿清洗机,https://detail.tmall.com/item.htm?id=829752288160,3e462947e1655460590506d2c0b50bc22d3148ff5202a1d478805eb63be509c6_2212796238773_20260803,,,,,,,,,,
天猫,中性,咨询,2026-08-03 11:08:37,你这个需要有热水吗<br>洗的时间长不<br>你这个以旧换新怎么用呢<br>,小熊电器官方旗舰店,829752288160,小熊迷你内衣内裤洗衣机专用洗袜子全自动小型迷你小型婴儿清洗机,https://detail.tmall.com/item.htm?id=829752288160,3e462947e1655460590506d2c0b50bc22d3148ff5202a1d478805eb63be509c6_2212796238773_20260803,,,,,,,,,,
天猫,负向,咨询,2026-08-03 11:07:01,拍了尽快发货<br>消费者有复杂售后问题，已停止辅助接待,小熊电器官方旗舰店,953780186914,小熊桶装水电动抽水器吸水器压水器自吸全自动抽水神器水泵上水器,https://detail.tmall.com/item.htm?id=953780186914,ee90c50f8f4f81b30e81e185bd6b24d17fc5487722ce27f394d30e5376fd5b32_2219418595974_20260803,,,,,,,,,,
天猫,中性,咨询,2026-08-03 11:02:52,这个盖子是什么材质,小熊电器官方旗舰店,832406608200,小熊全玻璃恒温养生壶家用多功能办公室小型煮茶壶烧水壶炖煮一体,https://detail.tmall.com/item.htm?id=832406608200,564a35ee48d10a52a57ff0d9c02556e675246f8ada48bc492e7ca6d63c1389b7_3990073528_20260803,,,,,,,,,,
天猫,中性,咨询,2026-08-03 10:59:00,这个炖煮功能是可以一直煮吗,小熊电器官方旗舰店,832406608200,小熊全玻璃恒温养生壶家用多功能办公室小型煮茶壶烧水壶炖煮一体,https://detail.tmall.com/item.htm?id=832406608200,cac67f96935d1a45ad2a956348843cdd6091b0b3fbf7031106eaeb8c2d66ca10_3990073528_20260803,,,,,,,,,,
天猫,中性,咨询,2026-08-03 10:58:15,你好，这款给宝宝煮粥应该用哪个功能？<br>煮粥功能煮出来不黏糊是为什么？,小熊电器官方旗舰店,652993501043,小熊电饭煲家用3到4人小型智能电饭锅陶瓷油内胆不粘微压快煮饭,https://detail.tmall.com/item.htm?id=652993501043,5536bd2b8b04e690a7fe7b83fe3abdf28ae2294e3ac101d7ab03596203ed7c07_2222803185856_20260803,,,,,,,,,,
天猫,中性,咨询,2026-08-03 10:54:35,这几款有什么不一样,小熊电器官方旗舰店,829752288160,小熊迷你内衣内裤洗衣机专用洗袜子全自动小型迷你小型婴儿清洗机,https://detail.tmall.com/item.htm?id=829752288160,d99cc53fc8181c64c48363b81e4d4ca525967277ca9a99cc9a02b515dd4ad0a1_2212775027940_20260803,,,,,,,,,,
天猫,中性,咨询,2026-08-03 10:52:50,水壶有什么以旧换新的活动吗<br>有钢底的养生壶嘛<br>有好一点的吗,小熊电器官方旗舰店,832406608200,小熊全玻璃恒温养生壶家用多功能办公室小型煮茶壶烧水壶炖煮一体,https://detail.tmall.com/item.htm?id=832406608200,94075c10b0e27dc6c4023009684e5dbb4fbd66ce21e4899ebdc0494aeb492cdd_3990073528_20260803,,,,,,,,,,
天猫,负向,咨询,2026-08-03 10:50:09,发了吗<br>？<br>没有收到，<br>消费者有复杂售后问题，已停止辅助接待<br>又没人问，<br>？<br>又没人打电话<br>这是哪里我也不知道呢<br>你们一直也没给我单子,小熊电器官方旗舰店,832406608200,小熊全玻璃恒温养生壶家用多功能办公室小型煮茶壶烧水壶炖煮一体,https://detail.tmall.com/item.htm?id=832406608200,6cd98b3057ff0e2606093e42287042b8a196f482972a8a01088db8e69a93a948_2214916672660_20260803,,,,,,,,,,
天猫,中性,咨询,2026-08-03 10:47:02,这个电饭锅焖着饭的时候就出现e3的文字 然后就停止工作,小熊电器官方旗舰店,652993501043,小熊电饭煲家用3到4人小型智能电饭锅陶瓷油内胆不粘微压快煮饭,https://detail.tmall.com/item.htm?id=652993501043,7a7c2333417bdcdd9fe8321fb0329805bdd75391d397efd7f664abb61e383a40_2219418595974_20260803,,,,,,,,,,
天猫,中性,咨询,2026-08-03 10:46:38,然后我看明天晚上8点呢就会满480-60，我现在买，然后到时候能和那天晚上的价格退差价吗？,小熊电器官方旗舰店,829752288160,小熊迷你内衣内裤洗衣机专用洗袜子全自动小型迷你小型婴儿清洗机,https://detail.tmall.com/item.htm?id=829752288160,ebcb3049a66a593a6b8c80220f2f8c04114c543a171c3a34fe33df796c976c7b_2212796238773_20260803,,,,,,,,,,
天猫,中性,咨询,2026-08-03 10:46:21,量杯找不到了能补发一个吗<br>收件人: 辰 手机号码: 所区: 省市区镇,小熊电器官方旗舰店,652993501043,小熊电饭煲家用3到4人小型智能电饭锅陶瓷油内胆不粘微压快煮饭,https://detail.tmall.com/item.htm?id=652993501043,60b72b02a975e18d0608d35d54dffedddaa6b81ce09362ffda6732c4af3bf84b_2221749211942_20260803,,,,,,,,,,
天猫,中性,咨询,2026-08-03 10:44:15,能煮绿豆汤吗<br>怎么煮<br>哪个键<br>这个煮的时间太长了<br>煮绿豆汤用那么久吗<br>有其他选择吗,小熊电器官方旗舰店,652993501043,小熊电饭煲家用3到4人小型智能电饭锅陶瓷油内胆不粘微压快煮饭,https://detail.tmall.com/item.htm?id=652993501043,9286ce3cf62534ca649f6499ed595a75fb7531037801140cf67ca9d8e1259c4f_2214729411838_20260803,,,,,,,,,,
天猫,中性,咨询,2026-08-03 10:43:16,12.9升农夫山泉水桶可以用吗<br>质保多久呢<br>哪款比较好用呢<br>今天可以发货吧,小熊电器官方旗舰店,953780186914,小熊桶装水电动抽水器吸水器压水器自吸全自动抽水神器水泵上水器,https://detail.tmall.com/item.htm?id=953780186914,226ba0e99bb163ae17dc56891231e0bb7d42d176206b34994b229e8cd30521e1_2220272649006_20260803,,,,,,,,,,
天猫,中性,咨询,2026-08-03 10:43:16,12.9升农夫山泉水桶可以用吗<br>质保多久呢<br>哪款比较好用呢<br>今天可以发货吧,小熊电器官方旗舰店,953780186914,小熊桶装水电动抽水器吸水器压水器自吸全自动抽水神器水泵上水器,https://detail.tmall.com/item.htm?id=953780186914,226ba0e99bb163ae17dc56891231e0bb7d42d176206b34994b229e8cd30521e1_2220272649006_20260803,,,,,,,,,,
天猫,中性,咨询,2026-08-03 10:43:16,12.9升农夫山泉水桶可以用吗<br>质保多久呢<br>哪款比较好用呢<br>今天可以发货吧,小熊电器官方旗舰店,953780186914,小熊桶装水电动抽水器吸水器压水器自吸全自动抽水神器水泵上水器,https://detail.tmall.com/item.htm?id=953780186914,226ba0e99bb163ae17dc56891231e0bb7d42d176206b34994b229e8cd30521e1_2220272649006_20260803,,,,,,,,,,
天猫,中性,咨询,2026-08-03 10:42:57,煮粥会溢出来吗,小熊电器官方旗舰店,652993501043,小熊电饭煲家用3到4人小型智能电饭锅陶瓷油内胆不粘微压快煮饭,https://detail.tmall.com/item.htm?id=652993501043,9d21bb2b2220cd3121d392548abf9be0a932cae58b293de7b0a0f8ab23ca26ee_2221749211942_20260803,,,,,,,,,,
天猫,中性,咨询,2026-08-03 10:41:07,这豆浆机是不是昨晚上了直播间<br>什么时候搞活动<br>,小熊电器官方旗舰店,1066545498108,【新品抢先加购 4号付定】小熊破壁机豆浆机全自动家用多功能新款,https://detail.tmall.com/item.htm?id=1066545498108,e4a870e1abe80f0c9f26c4285f921d7f88f6c0838c7ff451bc9b200360ecebac_2215543343493_20260803,,,,,,,,,,
天猫,负向,咨询,2026-08-03 10:39:28,太大了，我要退货<br>那就不退了，也麻烦，将就用了,小熊电器官方旗舰店,832406608200,小熊全玻璃恒温养生壶家用多功能办公室小型煮茶壶烧水壶炖煮一体,https://detail.tmall.com/item.htm?id=832406608200,ed9b45000000fa2c8329c9edb34c567864778ffbe6fc5671731a6000f24d2f4c_2207802122733_20260803,,,,,,,,,,
天猫,中性,咨询,2026-08-03 10:35:14,这个质保多久<br>保修是自己要出运费还是<br>,小熊电器官方旗舰店,832406608200,小熊全玻璃恒温养生壶家用多功能办公室小型煮茶壶烧水壶炖煮一体,https://detail.tmall.com/item.htm?id=832406608200,fca7e3522bda6c3981df4ab5a13b9c4a19fe5b6d37caf68b2e3251ff79e4d020_3990073528_20260803,,,,,,,,,,
天猫,中性,咨询,2026-08-03 10:25:57,你好 三个灯同时亮是什么情况<br>抽不出水<br>充电时能不能同时使用,小熊电器官方旗舰店,953780186914,小熊桶装水电动抽水器吸水器压水器自吸全自动抽水神器水泵上水器,https://detail.tmall.com/item.htm?id=953780186914,108a75b17c159448a783a7e24a4564592e719bccf9ae289910137ca1811cdfbc_2220272649006_20260803,,,,,,,,,,
天猫,中性,咨询,2026-08-03 10:25:11,安装标准的桶装水选哪款？<br>我看了一下桶身净含量18.9，能用吧？<br>问一下，47.5这款对些还是52款？<br>问一下，47.5元这款对些还是52元款对些？刚才我没说清楚/:)-(<br>我的意思是它有几个价格，我不知道选哪款,小熊电器官方旗舰店,953780186914,小熊桶装水电动抽水器吸水器压水器自吸全自动抽水神器水泵上水器,https://detail.tmall.com/item.htm?id=953780186914,8b25b8ca81f35aef8b882d7619295340777bd04e1d6f504439b94677e3fea8ec_2220272649006_20260803,,,,,,,,,,
天猫,中性,咨询,2026-08-03 10:22:45,这种声音大不大<br>静音吗,小熊电器官方旗舰店,953780186914,小熊桶装水电动抽水器吸水器压水器自吸全自动抽水神器水泵上水器,https://detail.tmall.com/item.htm?id=953780186914,e21a4b85cd37f965f6ea96cdf4cbc20a2799f7161b68ffeb873363721a3c2271_2219484290050_20260803,,,,,,,,,,
天猫,中性,咨询,2026-08-03 10:17:35,这个保修多久？<br>这个刚过保它就坏了。,小熊电器官方旗舰店,652993501043,小熊电饭煲家用3到4人小型智能电饭锅陶瓷油内胆不粘微压快煮饭,https://detail.tmall.com/item.htm?id=652993501043,0e56c2f1f7e9f92f5ad4d17b3ae201a30fab8530471bc4a5f2feb0db8609405e_2222803185856_20260803,,,,,,,,,,
天猫,中性,咨询,2026-08-03 10:15:21,锅盖怎么清洗<br>怎么拆发个教程,小熊电器官方旗舰店,652993501043,小熊电饭煲家用3到4人小型智能电饭锅陶瓷油内胆不粘微压快煮饭,https://detail.tmall.com/item.htm?id=652993501043,b22a1e46b6b44e716f7b6b7a2deffea46cb7016bb52bfaeea9012808b11b5f55_2222803185856_20260803,,,,,,,,,,
天猫,中性,咨询,2026-08-03 10:15:21,锅盖怎么清洗<br>怎么拆发个教程,小熊电器官方旗舰店,652993501043,小熊电饭煲家用3到4人小型智能电饭锅陶瓷油内胆不粘微压快煮饭,https://detail.tmall.com/item.htm?id=652993501043,b22a1e46b6b44e716f7b6b7a2deffea46cb7016bb52bfaeea9012808b11b5f55_2222803185856_20260803,,,,,,,,,,
天猫,中性,咨询,2026-08-03 10:14:09,有送三通管道吗<br>三通怎么安装,小熊电器官方旗舰店,829752288160,小熊迷你内衣内裤洗衣机专用洗袜子全自动小型迷你小型婴儿清洗机,https://detail.tmall.com/item.htm?id=829752288160,a6207899c0cc947cc7b97413041ec64b6877e9c059f417c6ee34c29b3cea25d1_2212796238773_20260803,,,,,,,,,,
天猫,中性,咨询,2026-08-03 10:10:43,几个模式分别是煮沸多久<br>炖煮模式一个半小时，高么久，玻璃能承受吗<br>酸梅汤20分钟，用花茶模式然后把时间调到20分钟,小熊电器官方旗舰店,832406608200,小熊全玻璃恒温养生壶家用多功能办公室小型煮茶壶烧水壶炖煮一体,https://detail.tmall.com/item.htm?id=832406608200,105e87b308c4d6ee39fcd3e2ef96bc848801e3b56b115cadec315d4bb93ddcf6_3990073528_20260803,,,,,,,,,,
天猫,中性,咨询,2026-08-03 10:10:43,几个模式分别是煮沸多久<br>炖煮模式一个半小时，高么久，玻璃能承受吗<br>酸梅汤20分钟，用花茶模式然后把时间调到20分钟,小熊电器官方旗舰店,832406608200,小熊全玻璃恒温养生壶家用多功能办公室小型煮茶壶烧水壶炖煮一体,https://detail.tmall.com/item.htm?id=832406608200,105e87b308c4d6ee39fcd3e2ef96bc848801e3b56b115cadec315d4bb93ddcf6_3990073528_20260803,,,,,,,,,,
天猫,中性,咨询,2026-08-03 10:02:56,玻璃壶大概烧水多长时间,小熊电器官方旗舰店,832406608200,小熊全玻璃恒温养生壶家用多功能办公室小型煮茶壶烧水壶炖煮一体,https://detail.tmall.com/item.htm?id=832406608200,a71de3a457ee5094419fd4b09881b76a4d14138f7f1a6cb44be151b2c423269f_3990073528_20260803,,,,,,,,,,
天猫,中性,咨询,2026-08-03 10:02:56,玻璃壶大概烧水多长时间,小熊电器官方旗舰店,832406608200,小熊全玻璃恒温养生壶家用多功能办公室小型煮茶壶烧水壶炖煮一体,https://detail.tmall.com/item.htm?id=832406608200,a71de3a457ee5094419fd4b09881b76a4d14138f7f1a6cb44be151b2c423269f_3990073528_20260803,,,,,,,,,,
天猫,负向,咨询,2026-08-03 10:01:34,安装师是没有打电话<br>该怎么联系<br>怎么联系<br>没人联系<br>你们这个客服太差了吧<br>当前机器人回复内容可能影响消费者体验，已停止辅助接待<br>这个地方 有一点点漏水 怎么办<br>今天 刚安装<br>漏不多<br>看不出来啥<br>是不是管子不行 还是漏发啥东西<br>我回去再来一下<br>回家再拍<br>就是放一会会有一点水<br>不是那种滴答滴答的流水<br>,小熊电器官方旗舰店,829752288160,小熊迷你内衣内裤洗衣机专用洗袜子全自动小型迷你小型婴儿清洗机,https://detail.tmall.com/item.htm?id=829752288160,26528ec3ed031807982c21f38b27618d0ab847ff5e27c5ee2ea59cecd2e6f318_2212775027940_20260803,,,,,,,,,,
天猫,负向,咨询,2026-08-03 10:01:34,安装师是没有打电话<br>该怎么联系<br>怎么联系<br>没人联系<br>你们这个客服太差了吧<br>当前机器人回复内容可能影响消费者体验，已停止辅助接待<br>这个地方 有一点点漏水 怎么办<br>今天 刚安装<br>漏不多<br>看不出来啥<br>是不是管子不行 还是漏发啥东西<br>我回去再来一下<br>回家再拍<br>就是放一会会有一点水<br>不是那种滴答滴答的流水<br>,小熊电器官方旗舰店,829752288160,小熊迷你内衣内裤洗衣机专用洗袜子全自动小型迷你小型婴儿清洗机,https://detail.tmall.com/item.htm?id=829752288160,26528ec3ed031807982c21f38b27618d0ab847ff5e27c5ee2ea59cecd2e6f318_2212775027940_20260803,,,,,,,,,,
天猫,负向,咨询,2026-08-03 10:01:34,安装师是没有打电话<br>该怎么联系<br>怎么联系<br>没人联系<br>你们这个客服太差了吧<br>当前机器人回复内容可能影响消费者体验，已停止辅助接待<br>这个地方 有一点点漏水 怎么办<br>今天 刚安装<br>漏不多<br>看不出来啥<br>是不是管子不行 还是漏发啥东西<br>我回去再来一下<br>回家再拍<br>就是放一会会有一点水<br>不是那种滴答滴答的流水<br>,小熊电器官方旗舰店,829752288160,小熊迷你内衣内裤洗衣机专用洗袜子全自动小型迷你小型婴儿清洗机,https://detail.tmall.com/item.htm?id=829752288160,26528ec3ed031807982c21f38b27618d0ab847ff5e27c5ee2ea59cecd2e6f318_2212775027940_20260803,,,,,,,,,,
天猫,中性,咨询,2026-08-03 10:01:34,安装师是没有打电话<br>该怎么联系<br>怎么联系<br>没人联系<br>你们这个客服太差了吧<br>当前机器人回复内容可能影响消费者体验，已停止辅助接待<br>这个地方 有一点点漏水 怎么办<br>今天 刚安装<br>漏不多<br>看不出来啥<br>是不是管子不行 还是漏发啥东西<br>我回去再来一下<br>回家再拍<br>就是放一会会有一点水<br>不是那种滴答滴答的流水<br>,小熊电器官方旗舰店,829752288160,小熊迷你内衣内裤洗衣机专用洗袜子全自动小型迷你小型婴儿清洗机,https://detail.tmall.com/item.htm?id=829752288160,26528ec3ed031807982c21f38b27618d0ab847ff5e27c5ee2ea59cecd2e6f318_2212775027940_20260803,,,,,,,,,,
天猫,中性,咨询,2026-08-03 09:53:36,这种的要配哪种吸水器<br>就是不知道几L<br>就是常规的那种的<br>,小熊电器官方旗舰店,953780186914,小熊桶装水电动抽水器吸水器压水器自吸全自动抽水神器水泵上水器,https://detail.tmall.com/item.htm?id=953780186914,b9da04765f1b658e75d273e498db2a1d386ace7ee76c7d4a82230127b6614223_2222166184646_20260803,,,,,,,,,,
天猫,负向,咨询,2026-08-03 09:47:45,你好，这个机子还是先退了吧,小熊电器官方旗舰店,1066545498108,【新品抢先加购 4号付定】小熊破壁机豆浆机全自动家用多功能新款,https://detail.tmall.com/item.htm?id=1066545498108,af09c76a0588311f4ad76e0c04c80f379a253f5d7e5f6d8bccab9f31a874dde1_2215428970126_20260803,,,,,,,,,,
天猫,中性,咨询,2026-08-03 09:44:49,可以煮粥吗,小熊电器官方旗舰店,832406608200,小熊全玻璃恒温养生壶家用多功能办公室小型煮茶壶烧水壶炖煮一体,https://detail.tmall.com/item.htm?id=832406608200,1852784aae99700770ae5963f66ee1196a14229d4278ca8eb3a2839ef5004cfc_3990073528_20260803,,,,,,,,,,
天猫,负向,咨询,2026-08-03 09:39:00,这能退吗<br>声音太大了<br>脑袋疼,小熊电器官方旗舰店,953780186914,小熊桶装水电动抽水器吸水器压水器自吸全自动抽水神器水泵上水器,https://detail.tmall.com/item.htm?id=953780186914,f01861cd487960b0d5e7d49d0e4d98592a386c1fbbc3688d2100396327ee8497_2212775027940_20260803,,,,,,,,,,
天猫,中性,咨询,2026-08-03 09:39:00,这能退吗<br>声音太大了<br>脑袋疼,小熊电器官方旗舰店,953780186914,小熊桶装水电动抽水器吸水器压水器自吸全自动抽水神器水泵上水器,https://detail.tmall.com/item.htm?id=953780186914,f01861cd487960b0d5e7d49d0e4d98592a386c1fbbc3688d2100396327ee8497_2212775027940_20260803,,,,,,,,,,
天猫,负向,咨询,2026-08-03 09:30:11,你好，我發現不知道為沒有用到折扣，政府補貼<br>我可以退款再重新拍嗎？<br>沒有<br>但我用內地支也是沒有嗎？<br>但我再試再有的<br>是有優惠<br>但因為本來的我是有一個紅包<br>我需要退款才行<br>還是我按退貨退款再下單？<br>那我先申請退款，你們審批之後退咗紅包，我再下單<br>,小熊电器官方旗舰店,832406608200,小熊全玻璃恒温养生壶家用多功能办公室小型煮茶壶烧水壶炖煮一体,https://detail.tmall.com/item.htm?id=832406608200,46a902ca7ed680c09e81ce1dc4eee4dc5153287c0da54f8595ef039ac4a8c08c_2219417355482_20260803,,,,,,,,,,
天猫,中性,咨询,2026-08-03 09:26:51,请问这款壶，药膳定时是多长？<br>我想问，面板上药膳那个功能，定时有多长？<br>默认半个小时<br>考虑下才买<br>,小熊电器官方旗舰店,832406608200,小熊全玻璃恒温养生壶家用多功能办公室小型煮茶壶烧水壶炖煮一体,https://detail.tmall.com/item.htm?id=832406608200,d0da5dec62df3f699d70c0ab3390ba41c55480ebf80a3e6b06bd6aecbfe4d748_3990073528_20260803,,,,,,,,,,
天猫,中性,咨询,2026-08-03 09:23:55,送的蒸笼是什么材质的啊<br>蒸笼放进内胆里面拿来放东西蒸，耐高毒的吧,小熊电器官方旗舰店,652993501043,小熊电饭煲家用3到4人小型智能电饭锅陶瓷油内胆不粘微压快煮饭,https://detail.tmall.com/item.htm?id=652993501043,2fc9c513dc714a966637a0e24f911877e0f08292e6e8702f40dffce9370ccc80_2219418595974_20260803,,,,,,,,,,
天猫,中性,咨询,2026-08-03 09:22:20,这个烧烤需要多少分钟<br>烧开需要多久<br>这个烧水嘴是这样是正常的吗<br>质保多久<br>,小熊电器官方旗舰店,832406608200,小熊全玻璃恒温养生壶家用多功能办公室小型煮茶壶烧水壶炖煮一体,https://detail.tmall.com/item.htm?id=832406608200,2b049fe71d199f1259c26a3731c6cc43fee29ab8a6a79901ef06c3eb5051194c_2219417355482_20260803,,,,,,,,,,
天猫,中性,咨询,2026-08-03 09:22:20,这个烧烤需要多少分钟<br>烧开需要多久<br>这个烧水嘴是这样是正常的吗<br>质保多久<br>,小熊电器官方旗舰店,832406608200,小熊全玻璃恒温养生壶家用多功能办公室小型煮茶壶烧水壶炖煮一体,https://detail.tmall.com/item.htm?id=832406608200,2b049fe71d199f1259c26a3731c6cc43fee29ab8a6a79901ef06c3eb5051194c_2219417355482_20260803,,,,,,,,,,
天猫,中性,咨询,2026-08-03 09:21:05,这款可以换内桶么,小熊电器官方旗舰店,829752288160,小熊迷你内衣内裤洗衣机专用洗袜子全自动小型迷你小型婴儿清洗机,https://detail.tmall.com/item.htm?id=829752288160,3936ea099f76097f77f35f4a709b611c9da9dd1a522913d05ffa853942a105b9_2212775027940_20260803,,,,,,,,,,
天猫,中性,咨询,2026-08-03 09:19:07,这个插头线有多长,小熊电器官方旗舰店,829752288160,小熊迷你内衣内裤洗衣机专用洗袜子全自动小型迷你小型婴儿清洗机,https://detail.tmall.com/item.htm?id=829752288160,6b916c3f099e374476bbab3ed0a99ec5d848c8a8fa3c50bde9620a6ba987f1e0_2212775027940_20260803,,,,,,,,,,
天猫,负向,咨询,2026-08-03 09:17:25,咋老是闻到一股塑料味,小熊电器官方旗舰店,832406608200,小熊全玻璃恒温养生壶家用多功能办公室小型煮茶壶烧水壶炖煮一体,https://detail.tmall.com/item.htm?id=832406608200,e93edd40908466e36bb1d9862fc06573a3bc58480ef7c7f21bc60722a827e1c6_2216503573808_20260803,,,,,,,,,,
天猫,中性,咨询,2026-08-03 09:17:20,怎么安装<br>洗衣机洗衣盆上面能不能用？,小熊电器官方旗舰店,829752288160,小熊迷你内衣内裤洗衣机专用洗袜子全自动小型迷你小型婴儿清洗机,https://detail.tmall.com/item.htm?id=829752288160,f253fa04fd9916b45f929761d495ccbae7d0fc70c39ccbb7e9ec50e450f3738f_2212775027940_20260803,,,,,,,,,,
天猫,中性,咨询,2026-08-03 09:14:08,还能优惠吗,小熊电器官方旗舰店,1066545498108,【新品抢先加购 4号付定】小熊破壁机豆浆机全自动家用多功能新款,https://detail.tmall.com/item.htm?id=1066545498108,80afc1036e665cf1140b98554d7a11eb34794cc34a16f2a02457cb33f7912640_2215543343493_20260803,,,,,,,,,,
天猫,中性,咨询,2026-08-03 09:11:51,这个怎么接上下水呢<br>怎么连接电源<br>那如果安装不了能退吗<br>如果上门安装的人来了发现安装不了，需要支么费用吗,小熊电器官方旗舰店,829752288160,小熊迷你内衣内裤洗衣机专用洗袜子全自动小型迷你小型婴儿清洗机,https://detail.tmall.com/item.htm?id=829752288160,55fcfbebe9c25e9c829820fa2f5dcfad054d78663758e0045add17ac4de8dbab_2212775027940_20260803,,,,,,,,,,
天猫,负向,咨询,2026-08-03 09:10:10,坏了怎么弄<br>时不时就不出水<br>有电<br>晚点回去拍你<br>怎么换,小熊电器官方旗舰店,953780186914,小熊桶装水电动抽水器吸水器压水器自吸全自动抽水神器水泵上水器,https://detail.tmall.com/item.htm?id=953780186914,067b1b9095f9c3e30aeb9dd169523a997be4fe2cd9b494621a0e62155b4d2935_2220272649006_20260803,,,,,,,,,,
天猫,中性,咨询,2026-08-03 09:06:26,帮我改一下地址吧<br>收件人: 滢 手机号码: 所区: 省市区<br>,小熊电器官方旗舰店,832406608200,小熊全玻璃恒温养生壶家用多功能办公室小型煮茶壶烧水壶炖煮一体,https://detail.tmall.com/item.htm?id=832406608200,5469c1639a74dd34256697d65b7519bef2c3f667568089242cd6b99473f86828_3990073528_20260803,,,,,,,,,,
天猫,中性,咨询,2026-08-03 08:59:00,这款玻璃是是哪一种的？<br>底面是不锈钢？<br>可以煮中药吗？<br>这个中药壶是什么材质的？<br>只能煎中药吗？,小熊电器官方旗舰店,832406608200,小熊全玻璃恒温养生壶家用多功能办公室小型煮茶壶烧水壶炖煮一体,https://detail.tmall.com/item.htm?id=832406608200,3aa873f0b1b83c6c928b6254fc798b4187b487747d8306a8c7f1625baeeceb75_3990073528_20260803,,,,,,,,,,
天猫,中性,咨询,2026-08-03 08:59:00,这款玻璃是是哪一种的？<br>底面是不锈钢？<br>可以煮中药吗？<br>这个中药壶是什么材质的？<br>只能煎中药吗？,小熊电器官方旗舰店,832406608200,小熊全玻璃恒温养生壶家用多功能办公室小型煮茶壶烧水壶炖煮一体,https://detail.tmall.com/item.htm?id=832406608200,3aa873f0b1b83c6c928b6254fc798b4187b487747d8306a8c7f1625baeeceb75_3990073528_20260803,,,,,,,,,,
天猫,负向,咨询,2026-08-03 08:57:44,破了一个洞，烧着水呢然后突然炸了<br>,小熊电器官方旗舰店,832406608200,小熊全玻璃恒温养生壶家用多功能办公室小型煮茶壶烧水壶炖煮一体,https://detail.tmall.com/item.htm?id=832406608200,0ba49124cc8c23ca81e666f77b9ccf66d5c671ce124c291c27b7939a8879f8ff_3990073528_20260803,,,,,,,,,,
天猫,中性,咨询,2026-08-03 08:54:54,保态费电吗<br>设置45度,小熊电器官方旗舰店,832406608200,小熊全玻璃恒温养生壶家用多功能办公室小型煮茶壶烧水壶炖煮一体,https://detail.tmall.com/item.htm?id=832406608200,6dd3a12731cb83badc1d730e074b69215911f32e6939eb70305727e8a6a9318c_3990073528_20260803,,,,,,,,,,
天猫,中性,咨询,2026-08-03 08:45:41,盖子有没有配件,小熊电器官方旗舰店,1066545498108,【新品抢先加购 4号付定】小熊破壁机豆浆机全自动家用多功能新款,https://detail.tmall.com/item.htm?id=1066545498108,9d863677288e3d23729f95d3a066e2913040934dacbec96d4eff6141538b55aa_2215428970126_20260803,,,,,,,,,,
天猫,负向,咨询,2026-08-03 08:42:49,充不进去电<br>指示灯不闪烁哈<br>抽水接一点就停了<br>充电灯不亮啊<br>充电的时候灯不亮/:^_^<br>不知道有没有充进去<br>我靠要求这么<br>换了一个<br>充进去了<br>,小熊电器官方旗舰店,953780186914,小熊桶装水电动抽水器吸水器压水器自吸全自动抽水神器水泵上水器,https://detail.tmall.com/item.htm?id=953780186914,2048d5d0429d0d8b8c59e6ec9439c7bb7bb8a7c36a1c5a6decc650d28b262394_2222166184646_20260803,,,,,,,,,,
天猫,中性,咨询,2026-08-03 08:42:49,充不进去电<br>指示灯不闪烁哈<br>抽水接一点就停了<br>充电灯不亮啊<br>充电的时候灯不亮/:^_^<br>不知道有没有充进去<br>我靠要求这么<br>换了一个<br>充进去了<br>,小熊电器官方旗舰店,953780186914,小熊桶装水电动抽水器吸水器压水器自吸全自动抽水神器水泵上水器,https://detail.tmall.com/item.htm?id=953780186914,2048d5d0429d0d8b8c59e6ec9439c7bb7bb8a7c36a1c5a6decc650d28b262394_2222166184646_20260803,,,,,,,,,,
天猫,负向,咨询,2026-08-03 08:42:49,充不进去电<br>指示灯不闪烁哈<br>抽水接一点就停了<br>充电灯不亮啊<br>充电的时候灯不亮/:^_^<br>不知道有没有充进去<br>我靠要求这么<br>换了一个<br>充进去了<br>,小熊电器官方旗舰店,953780186914,小熊桶装水电动抽水器吸水器压水器自吸全自动抽水神器水泵上水器,https://detail.tmall.com/item.htm?id=953780186914,2048d5d0429d0d8b8c59e6ec9439c7bb7bb8a7c36a1c5a6decc650d28b262394_2222166184646_20260803,,,,,,,,,,
天猫,负向,咨询,2026-08-03 08:38:55,你好，玻璃太薄了，申请退货,小熊电器官方旗舰店,832406608200,小熊全玻璃恒温养生壶家用多功能办公室小型煮茶壶烧水壶炖煮一体,https://detail.tmall.com/item.htm?id=832406608200,16fcec5e0d1a9b1527aeea9155530a3779dfccfcc0f8f5a893d3d79bc089bacf_2219417355482_20260803,,,,,,,,,,
天猫,中性,咨询,2026-08-03 08:38:02,我那个可以换吗？那个声音有点大，又忘记选折叠的了。接水好慢，要一只手端在那里接。<br>抽水的。<br>补差价或者是退了重新买。<br>折叠的这一款，那个嘴会长一点吗？放在桌上可不可以不用手拿杯子？<br>前面我买的那个用手拿杯子的话接不到水，,小熊电器官方旗舰店,953780186914,小熊桶装水电动抽水器吸水器压水器自吸全自动抽水神器水泵上水器,https://detail.tmall.com/item.htm?id=953780186914,609d3513041cef806401b023b288fd7c76e2835e6ed5e6fe37f1fb6a468407ab_2220272649006_20260803,,,,,,,,,,
天猫,负向,咨询,2026-08-03 08:38:02,我那个可以换吗？那个声音有点大，又忘记选折叠的了。接水好慢，要一只手端在那里接。<br>抽水的。<br>补差价或者是退了重新买。<br>折叠的这一款，那个嘴会长一点吗？放在桌上可不可以不用手拿杯子？<br>前面我买的那个用手拿杯子的话接不到水，,小熊电器官方旗舰店,953780186914,小熊桶装水电动抽水器吸水器压水器自吸全自动抽水神器水泵上水器,https://detail.tmall.com/item.htm?id=953780186914,609d3513041cef806401b023b288fd7c76e2835e6ed5e6fe37f1fb6a468407ab_2220272649006_20260803,,,,,,,,,,
天猫,中性,咨询,2026-08-03 08:38:02,我那个可以换吗？那个声音有点大，又忘记选折叠的了。接水好慢，要一只手端在那里接。<br>抽水的。<br>补差价或者是退了重新买。<br>折叠的这一款，那个嘴会长一点吗？放在桌上可不可以不用手拿杯子？<br>前面我买的那个用手拿杯子的话接不到水，,小熊电器官方旗舰店,953780186914,小熊桶装水电动抽水器吸水器压水器自吸全自动抽水神器水泵上水器,https://detail.tmall.com/item.htm?id=953780186914,609d3513041cef806401b023b288fd7c76e2835e6ed5e6fe37f1fb6a468407ab_2220272649006_20260803,,,,,,,,,,
天猫,中性,咨询,2026-08-03 08:28:39,会发什么快递？<br>指定韵达可行,小熊电器官方旗舰店,832406608200,小熊全玻璃恒温养生壶家用多功能办公室小型煮茶壶烧水壶炖煮一体,https://detail.tmall.com/item.htm?id=832406608200,02e2e47646a80c49dd554b7ac6c32a26c46c6480168539eebc921310399c630c_3990073528_20260803,,,,,,,,,,
天猫,中性,咨询,2026-08-03 08:28:39,会发什么快递？<br>指定韵达可行,小熊电器官方旗舰店,832406608200,小熊全玻璃恒温养生壶家用多功能办公室小型煮茶壶烧水壶炖煮一体,https://detail.tmall.com/item.htm?id=832406608200,02e2e47646a80c49dd554b7ac6c32a26c46c6480168539eebc921310399c630c_3990073528_20260803,,,,,,,,,,
天猫,中性,咨询,2026-08-03 08:25:05,这个水壶显示E0也按不动是怎么回事<br>省榆县街市场门口 <br>,小熊电器官方旗舰店,832406608200,小熊全玻璃恒温养生壶家用多功能办公室小型煮茶壶烧水壶炖煮一体,https://detail.tmall.com/item.htm?id=832406608200,e01a42259985645a2d43eaf0f0cb52abe47e775f581b2c168c3ce7ef1ad4b847_3990073528_20260803,,,,,,,,,,
天猫,负向,咨询,2026-08-03 08:24:56,有人吗<br>我之前买的电饭煲用不了了<br>通电的情况下。饭煮不熟。烧一会就跳了,小熊电器官方旗舰店,652993501043,小熊电饭煲家用3到4人小型智能电饭锅陶瓷油内胆不粘微压快煮饭,https://detail.tmall.com/item.htm?id=652993501043,0d70df67f10ae3166133daf929e7a775ebc33cb1a69ead07d207d05526d75948_2219418595974_20260803,,,,,,,,,,
天猫,负向,咨询,2026-08-03 08:24:56,有人吗<br>我之前买的电饭煲用不了了<br>通电的情况下。饭煮不熟。烧一会就跳了,小熊电器官方旗舰店,652993501043,小熊电饭煲家用3到4人小型智能电饭锅陶瓷油内胆不粘微压快煮饭,https://detail.tmall.com/item.htm?id=652993501043,0d70df67f10ae3166133daf929e7a775ebc33cb1a69ead07d207d05526d75948_2219418595974_20260803,,,,,,,,,,
天猫,中性,咨询,2026-08-03 08:22:07,这两个是干什么的<br>,小熊电器官方旗舰店,829752288160,小熊迷你内衣内裤洗衣机专用洗袜子全自动小型迷你小型婴儿清洗机,https://detail.tmall.com/item.htm?id=829752288160,c315049c54e952b5ef8dd2a8e06d8d092447a9bf73bb1852f6ff5ed85f09968d_2212775027940_20260803,,,,,,,,,,
天猫,中性,咨询,2026-08-03 08:15:51,保质期多久,小熊电器官方旗舰店,832406608200,小熊全玻璃恒温养生壶家用多功能办公室小型煮茶壶烧水壶炖煮一体,https://detail.tmall.com/item.htm?id=832406608200,d79e194808878024ee110fee335ec691554b0c790871b49734d4d5540132600b_2214916672660_20260803,,,,,,,,,,
天猫,中性,咨询,2026-08-03 08:15:51,保质期多久,小熊电器官方旗舰店,832406608200,小熊全玻璃恒温养生壶家用多功能办公室小型煮茶壶烧水壶炖煮一体,https://detail.tmall.com/item.htm?id=832406608200,d79e194808878024ee110fee335ec691554b0c790871b49734d4d5540132600b_2214916672660_20260803,,,,,,,,,,
天猫,负向,咨询,2026-08-03 08:13:54,显示屏突然坏了怎么办,小熊电器官方旗舰店,832406608200,小熊全玻璃恒温养生壶家用多功能办公室小型煮茶壶烧水壶炖煮一体,https://detail.tmall.com/item.htm?id=832406608200,2118a055ab5a9f90a32c1c4b40aab5a8cf1f5c45793354bb55cc0732e9f2be2b_3990073528_20260803,,,,,,,,,,
天猫,中性,咨询,2026-08-03 08:10:15,水管可以放热水里面煮下消毒杀菌么,小熊电器官方旗舰店,953780186914,小熊桶装水电动抽水器吸水器压水器自吸全自动抽水神器水泵上水器,https://detail.tmall.com/item.htm?id=953780186914,97dfa042fb1b1e43d2ec93c859601135599b0b7dafd61a3c43a39e0c3f5eecc9_2220272649006_20260803,,,,,,,,,,
天猫,中性,咨询,2026-08-03 08:07:01,修改地址<br>小 广西壮族区市区 乡春路联发欣栋1号超市驿站(联发欣悦店),小熊电器官方旗舰店,652993501043,小熊电饭煲家用3到4人小型智能电饭锅陶瓷油内胆不粘微压快煮饭,https://detail.tmall.com/item.htm?id=652993501043,9d822bcff425a76f0ff25e189f58b2addc70340df5c56796b15c717376a148fb_2220272649006_20260803,,,,,,,,,,
天猫,负向,咨询,2026-08-03 08:00:34,烧完水底下黑的，还不好擦<br>,小熊电器官方旗舰店,832406608200,小熊全玻璃恒温养生壶家用多功能办公室小型煮茶壶烧水壶炖煮一体,https://detail.tmall.com/item.htm?id=832406608200,6b5913db327b6e00a96f68fc998cbdb197520944c1dc73091161d00cbf022a33_3031399889_20260803,,,,,,,,,,
天猫,中性,咨询,2026-08-03 08:00:19,我想问一下，这个瓶身是什么材质呀？敲起来不太像玻璃<br>这个在区晒图就可以吗？<br>,小熊电器官方旗舰店,832406608200,小熊全玻璃恒温养生壶家用多功能办公室小型煮茶壶烧水壶炖煮一体,https://detail.tmall.com/item.htm?id=832406608200,caa7674573f8db775e5efd36bb0d30caca689d19b927492b2fce1c0be6f2b3af_2220272649006_20260803,,,,,,,,,,
天猫,中性,咨询,2026-08-03 07:17:26,怎么预约煮饭,小熊电器官方旗舰店,652993501043,小熊电饭煲家用3到4人小型智能电饭锅陶瓷油内胆不粘微压快煮饭,https://detail.tmall.com/item.htm?id=652993501043,391ea729e7c171243ea503cdbac0181364fa1fdcaa3eddb90ff26989d7e10ae3_3031399889_20260803,,,,,,,,,,
天猫,中性,咨询,2026-08-03 05:54:09,地址填错了修改一下,小熊电器官方旗舰店,652993501043,小熊电饭煲家用3到4人小型智能电饭锅陶瓷油内胆不粘微压快煮饭,https://detail.tmall.com/item.htm?id=652993501043,93e1a1e9f25c89856c0f282216f2454d9faa4e8e8defdb08d30a047f99d41c0a_3031399889_20260803,,,,,,,,,,
天猫,负向,咨询,2026-08-03 04:47:22,打浓豆浆时 电机启动一瞬间噪音有点大<br>已经打扰到我了<br>我都被吵醒了<br>启动一瞬间比旋转时声音大,小熊电器官方旗舰店,1066545498108,【新品抢先加购 4号付定】小熊破壁机豆浆机全自动家用多功能新款,https://detail.tmall.com/item.htm?id=1066545498108,c91f40f72ec15763a4b860e7aca9821461beda72d08326f437daca24650553de_3031399889_20260803,,,,,,,,,,
天猫,负向,咨询,2026-08-03 03:48:30,省市区镇碧栋1座605 琳<br>尽快安排发货给我，急用,小熊电器官方旗舰店,953780186914,小熊桶装水电动抽水器吸水器压水器自吸全自动抽水神器水泵上水器,https://detail.tmall.com/item.htm?id=953780186914,d79d34851a5fd6b29c11b4dbc525cf46ba1c697c11650ab6f91476c6f9afa73f_3031399889_20260803,,,,,,,,,,
天猫,中性,咨询,2026-08-03 03:19:12,问，三口之家嗯，选择几升的比较好？<br>我要咨询这个规格的商品,小熊电器官方旗舰店,832406608200,小熊全玻璃恒温养生壶家用多功能办公室小型煮茶壶烧水壶炖煮一体,https://detail.tmall.com/item.htm?id=832406608200,fa321f5f40334f937cf0b5108316cdc553083e35f0ece1ec8e3769ac0df4b7ff_3031399889_20260803,,,,,,,,,,
天猫,中性,咨询,2026-08-03 02:07:49,抽水器抽水太慢了，要用手一直拿着。而且声音好大，我能退或者换吗？,小熊电器官方旗舰店,953780186914,小熊桶装水电动抽水器吸水器压水器自吸全自动抽水神器水泵上水器,https://detail.tmall.com/item.htm?id=953780186914,609d3513041cef806401b023b288fd7c76e2835e6ed5e6fe37f1fb6a468407ab_3031399889_20260803,,,,,,,,,,
天猫,负向,咨询,2026-08-03 01:33:44,多少瓦数？<br>那个1.6升电饭煲上面的盖子是304的吗？<br>宿舍只有600瓦可以用吗？<br>现在买可以一个月之后再发货吗？<br>因为怕现在买了，到时候在宿舍里用不了，所以说麻烦一个月之后再发货。<br>预约九月三号发货,小熊电器官方旗舰店,652993501043,小熊电饭煲家用3到4人小型智能电饭锅陶瓷油内胆不粘微压快煮饭,https://detail.tmall.com/item.htm?id=652993501043,66c1ebcc490249f4c8796a844814640ef364c22015074124f65beca232522f3a_3031399889_20260803,,,,,,,,,,
天猫,中性,咨询,2026-08-03 01:33:44,多少瓦数？<br>那个1.6升电饭煲上面的盖子是304的吗？<br>宿舍只有600瓦可以用吗？<br>现在买可以一个月之后再发货吗？<br>因为怕现在买了，到时候在宿舍里用不了，所以说麻烦一个月之后再发货。<br>预约九月三号发货,小熊电器官方旗舰店,652993501043,小熊电饭煲家用3到4人小型智能电饭锅陶瓷油内胆不粘微压快煮饭,https://detail.tmall.com/item.htm?id=652993501043,66c1ebcc490249f4c8796a844814640ef364c22015074124f65beca232522f3a_3031399889_20260803,,,,,,,,,,
天猫,中性,咨询,2026-08-03 00:29:52,修改地址,小熊电器官方旗舰店,652993501043,小熊电饭煲家用3到4人小型智能电饭锅陶瓷油内胆不粘微压快煮饭,https://detail.tmall.com/item.htm?id=652993501043,9d822bcff425a76f0ff25e189f58b2addc70340df5c56796b15c717376a148fb_3031399889_20260803,,,,,,,,,,
天猫,中性,咨询,2026-08-03 00:24:06,怎么预约,小熊电器官方旗舰店,652993501043,小熊电饭煲家用3到4人小型智能电饭锅陶瓷油内胆不粘微压快煮饭,https://detail.tmall.com/item.htm?id=652993501043,f7244989566cd635271545ada34621d34b5eff6dd7a2c1bba8d5145a0376c27c_3031399889_20260803,,,,,,,,,,
天猫,中性,咨询,2026-08-03 00:17:53,试用多久<br>我现在可以退吗,小熊电器官方旗舰店,832406608200,小熊全玻璃恒温养生壶家用多功能办公室小型煮茶壶烧水壶炖煮一体,https://detail.tmall.com/item.htm?id=832406608200,93277ecee1533d80a3c57caca790f1e75c7feaa7861e21fd616758486f247d30_3031399889_20260803,,,,,,,,,,
天猫,中性,咨询,2026-08-03 00:15:51,这款洗衣机的尺寸是多少,小熊电器官方旗舰店,829752288160,小熊迷你内衣内裤洗衣机专用洗袜子全自动小型迷你小型婴儿清洗机,https://detail.tmall.com/item.htm?id=829752288160,4da5d3744ff0ce4328dd4b81966d18008e59aa349fb2f21d6462bc2c6fbc2d42_3031399889_20260803,,,,,,,,,,
天猫,中性,咨询,2026-08-03 00:11:13,这个壶是什么材质呀，感觉不像玻璃的，好轻呀,小熊电器官方旗舰店,832406608200,小熊全玻璃恒温养生壶家用多功能办公室小型煮茶壶烧水壶炖煮一体,https://detail.tmall.com/item.htm?id=832406608200,03a113e4851f91012c63248e227ad7a29f18cfd17e188114676a823955630c9d_3031399889_20260803,,,,,,,,,,
天猫,中性,咨询,2026-08-03 00:05:38,洗一条内裤烘干要多久<br>托管模式有没有,小熊电器官方旗舰店,829752288160,小熊迷你内衣内裤洗衣机专用洗袜子全自动小型迷你小型婴儿清洗机,https://detail.tmall.com/item.htm?id=829752288160,4d324d7dc2570aca3bd6481c5c7ba29cb818432278e1c13cd4a73f1f75e03fbf_3031399889_20260803,,,,,,,,,,
天猫,中性,咨询,2026-08-03 00:05:38,洗一条内裤烘干要多久<br>托管模式有没有,小熊电器官方旗舰店,829752288160,小熊迷你内衣内裤洗衣机专用洗袜子全自动小型迷你小型婴儿清洗机,https://detail.tmall.com/item.htm?id=829752288160,4d324d7dc2570aca3bd6481c5c7ba29cb818432278e1c13cd4a73f1f75e03fbf_3031399889_20260803,,,,,,,,,,
天猫,中性,咨询,2026-08-03 00:03:44,煮的时间可以调吗,小熊电器官方旗舰店,832406608200,小熊全玻璃恒温养生壶家用多功能办公室小型煮茶壶烧水壶炖煮一体,https://detail.tmall.com/item.htm?id=832406608200,0c9600eb1bb8d8885f5bb061d784ea0535a31d5fc21737f4754b785cc6da0bcf_3031399889_20260803,,,,,,,,,,
天猫,中性,咨询,2026-08-02 23:58:06,烧水快吗<br>这么慢<br>哪款可以快速煮水,小熊电器官方旗舰店,832406608200,小熊全玻璃恒温养生壶家用多功能办公室小型煮茶壶烧水壶炖煮一体,https://detail.tmall.com/item.htm?id=832406608200,dd759a1a32b52571b52e6e0a16b7e4821c211ffd70c90ae4b09ec8342ef97724_2219167311332_20260802,,,,,,,,,,
天猫,中性,咨询,2026-08-02 23:55:25,保修多久<br>是换还是怎么说,小熊电器官方旗舰店,832406608200,小熊全玻璃恒温养生壶家用多功能办公室小型煮茶壶烧水壶炖煮一体,https://detail.tmall.com/item.htm?id=832406608200,2cbebe548d95d9a6e01705edb288fe5ebf5d70b10de4af4c2a9606d0e1cc7e58_2219167311332_20260802,,,,,,,,,,
天猫,中性,咨询,2026-08-02 23:48:54,有没有免安装的带高洗和杀菌的内衣清洗机，小一点没关系，贵一点也没关系，也可以不带烘干，但一定要能杀菌，不能只是简单波轮清洗，洗净比要高,小熊电器官方旗舰店,829752288160,小熊迷你内衣内裤洗衣机专用洗袜子全自动小型迷你小型婴儿清洗机,https://detail.tmall.com/item.htm?id=829752288160,0f19b550795c1099b497bda158979ec0b7cb00664e288f9e6828648d959b0949_2209570416623_20260802,,,,,,,,,,
天猫,中性,咨询,2026-08-02 23:48:04,可以加热吗,小熊电器官方旗舰店,832406608200,小熊全玻璃恒温养生壶家用多功能办公室小型煮茶壶烧水壶炖煮一体,https://detail.tmall.com/item.htm?id=832406608200,0338335dc99e22cf92e9266ce5b9d557d22779ee0781509aacc8f79ca74986f6_2219167311332_20260802,,,,,,,,,,
天猫,中性,咨询,2026-08-02 23:44:17,包安装吗,小熊电器官方旗舰店,829752288160,小熊迷你内衣内裤洗衣机专用洗袜子全自动小型迷你小型婴儿清洗机,https://detail.tmall.com/item.htm?id=829752288160,095c122fefc3e06bdc7c54c9867b1295af3a837ca397fdf079324091b9f1a210_2209570416623_20260802,,,,,,,,,,
天猫,中性,咨询,2026-08-02 23:43:50,3L的内胆直径多大啊,小熊电器官方旗舰店,652993501043,小熊电饭煲家用3到4人小型智能电饭锅陶瓷油内胆不粘微压快煮饭,https://detail.tmall.com/item.htm?id=652993501043,2fc9c513dc714a966637a0e24f911877e0f08292e6e8702f40dffce9370ccc80_2217680629592_20260802,,,,,,,,,,
天猫,中性,咨询,2026-08-02 23:43:50,3L的内胆直径多大啊,小熊电器官方旗舰店,652993501043,小熊电饭煲家用3到4人小型智能电饭锅陶瓷油内胆不粘微压快煮饭,https://detail.tmall.com/item.htm?id=652993501043,2fc9c513dc714a966637a0e24f911877e0f08292e6e8702f40dffce9370ccc80_2217680629592_20260802,,,,,,,,,,
天猫,正向,咨询,2026-08-02 23:39:16,所有款式都可以上门安装。<br>质保几年？,小熊电器官方旗舰店,829752288160,小熊迷你内衣内裤洗衣机专用洗袜子全自动小型迷你小型婴儿清洗机,https://detail.tmall.com/item.htm?id=829752288160,ebcb3049a66a593a6b8c80220f2f8c04114c543a171c3a34fe33df796c976c7b_2209570416623_20260802,,,,,,,,,,
天猫,中性,咨询,2026-08-02 23:39:16,所有款式都可以上门安装。<br>质保几年？,小熊电器官方旗舰店,829752288160,小熊迷你内衣内裤洗衣机专用洗袜子全自动小型迷你小型婴儿清洗机,https://detail.tmall.com/item.htm?id=829752288160,ebcb3049a66a593a6b8c80220f2f8c04114c543a171c3a34fe33df796c976c7b_2209570416623_20260802,,,,,,,,,,
天猫,中性,咨询,2026-08-02 23:36:44,你好，以旧换新能回收这个型号的吗<br>,小熊电器官方旗舰店,829752288160,小熊迷你内衣内裤洗衣机专用洗袜子全自动小型迷你小型婴儿清洗机,https://detail.tmall.com/item.htm?id=829752288160,a8b7337a4785e6e51c46f9daca62b2c3d997e515321e7aa505a0a8c1d0de8307_2209570416623_20260802,,,,,,,,,,
天猫,中性,咨询,2026-08-02 23:35:47,是什么玻璃材质,小熊电器官方旗舰店,832406608200,小熊全玻璃恒温养生壶家用多功能办公室小型煮茶壶烧水壶炖煮一体,https://detail.tmall.com/item.htm?id=832406608200,48b056040e26648b332ca6e6896d2edc810949183275c18a1d29d9e3f0368a49_2219167311332_20260802,,,,,,,,,,
天猫,中性,咨询,2026-08-02 23:33:27,怎么安装,小熊电器官方旗舰店,829752288160,小熊迷你内衣内裤洗衣机专用洗袜子全自动小型迷你小型婴儿清洗机,https://detail.tmall.com/item.htm?id=829752288160,b2c7f8ff4864ab67541c2051d5df83426078b2846edb86237a51fb07e52ed360_2209570416623_20260802,,,,,,,,,,
天猫,负向,咨询,2026-08-02 23:31:06,您好 这个怎么卡桶上啊<br>试了两款水都是松的<br>不能拧紧太不了吧<br>您家这个卖的不便宜 居然不能拧紧<br>问题也不稳啊<br>太鸡肋了<br>开始打开一桶是松的 但以为是水桶不合适<br>换了一个水更糟糕<br>这也不能退了啊<br>选了个贵点的 结果这么大bug<br>那我退了吧<br>没法用 弄不好就到处是水<br>您可采用如下与买家沟通协商：<br>您同意一下,小熊电器官方旗舰店,953780186914,小熊桶装水电动抽水器吸水器压水器自吸全自动抽水神器水泵上水器,https://detail.tmall.com/item.htm?id=953780186914,152cab656717d4d75fcad568316d46543f9a135a2e277e39e9a00889a2b3b8c4_2209671807142_20260802,,,,,,,,,,
天猫,负向,咨询,2026-08-02 23:31:06,您好 这个怎么卡桶上啊<br>试了两款水都是松的<br>不能拧紧太不了吧<br>您家这个卖的不便宜 居然不能拧紧<br>问题也不稳啊<br>太鸡肋了<br>开始打开一桶是松的 但以为是水桶不合适<br>换了一个水更糟糕<br>这也不能退了啊<br>选了个贵点的 结果这么大bug<br>那我退了吧<br>没法用 弄不好就到处是水<br>您可采用如下与买家沟通协商：<br>您同意一下,小熊电器官方旗舰店,953780186914,小熊桶装水电动抽水器吸水器压水器自吸全自动抽水神器水泵上水器,https://detail.tmall.com/item.htm?id=953780186914,152cab656717d4d75fcad568316d46543f9a135a2e277e39e9a00889a2b3b8c4_2209671807142_20260802,,,,,,,,,,
天猫,负向,咨询,2026-08-02 23:31:06,您好 这个怎么卡桶上啊<br>试了两款水都是松的<br>不能拧紧太不了吧<br>您家这个卖的不便宜 居然不能拧紧<br>问题也不稳啊<br>太鸡肋了<br>开始打开一桶是松的 但以为是水桶不合适<br>换了一个水更糟糕<br>这也不能退了啊<br>选了个贵点的 结果这么大bug<br>那我退了吧<br>没法用 弄不好就到处是水<br>您可采用如下与买家沟通协商：<br>您同意一下,小熊电器官方旗舰店,953780186914,小熊桶装水电动抽水器吸水器压水器自吸全自动抽水神器水泵上水器,https://detail.tmall.com/item.htm?id=953780186914,152cab656717d4d75fcad568316d46543f9a135a2e277e39e9a00889a2b3b8c4_2209671807142_20260802,,,,,,,,,,
天猫,中性,咨询,2026-08-02 23:30:35,请问煮饭要多久,小熊电器官方旗舰店,652993501043,小熊电饭煲家用3到4人小型智能电饭锅陶瓷油内胆不粘微压快煮饭,https://detail.tmall.com/item.htm?id=652993501043,127dbcfc05ceeaabbe553920c1fe48b5f157a7118a52f81186e9dd93f68db9cd_2217680629592_20260802,,,,,,,,,,
天猫,中性,咨询,2026-08-02 23:29:29,这个可以保修吗<br>抽不出来水了<br>正常使用 好几次了都是突然不出水<br>我试了一遍充电一边用也不行,小熊电器官方旗舰店,953780186914,小熊桶装水电动抽水器吸水器压水器自吸全自动抽水神器水泵上水器,https://detail.tmall.com/item.htm?id=953780186914,78ec7d40ff60c2154d5883349b931b4f45915066dc85fd15cafc62219268f64d_2209671807142_20260802,,,,,,,,,,
天猫,中性,咨询,2026-08-02 23:29:29,这个可以保修吗<br>抽不出来水了<br>正常使用 好几次了都是突然不出水<br>我试了一遍充电一边用也不行,小熊电器官方旗舰店,953780186914,小熊桶装水电动抽水器吸水器压水器自吸全自动抽水神器水泵上水器,https://detail.tmall.com/item.htm?id=953780186914,78ec7d40ff60c2154d5883349b931b4f45915066dc85fd15cafc62219268f64d_2209671807142_20260802,,,,,,,,,,
天猫,中性,咨询,2026-08-02 23:24:47,无滤网款是不是也自带滤嘴的<br>,小熊电器官方旗舰店,832406608200,小熊全玻璃恒温养生壶家用多功能办公室小型煮茶壶烧水壶炖煮一体,https://detail.tmall.com/item.htm?id=832406608200,f7eaa3a6ea461507584a40f1cdb51398661d7b77903d8b1af287de5f91268c30_2219167311332_20260802,,,,,,,,,,
天猫,中性,咨询,2026-08-02 23:21:27,我要咨询这个规格的商品<br>这个多宽长高,小熊电器官方旗舰店,652993501043,小熊电饭煲家用3到4人小型智能电饭锅陶瓷油内胆不粘微压快煮饭,https://detail.tmall.com/item.htm?id=652993501043,0046a2dcf2276ca15120830c27a570bdc2b8be61c6259bb7d5c5d616936809ed_2217680629592_20260802,,,,,,,,,,
天猫,中性,咨询,2026-08-02 23:12:34,请问出现E0是什么情况<br>我在杀菌和烘干，然后就出现了这个错误<br>,小熊电器官方旗舰店,829752288160,小熊迷你内衣内裤洗衣机专用洗袜子全自动小型迷你小型婴儿清洗机,https://detail.tmall.com/item.htm?id=829752288160,ceefa7d33f737c5e1d307ef7f6b1001f922b94d6d512d7b96073b09fcd008192_2209570416623_20260802,,,,,,,,,,
天猫,中性,咨询,2026-08-02 23:10:59,多久煮熟饭,小熊电器官方旗舰店,652993501043,小熊电饭煲家用3到4人小型智能电饭锅陶瓷油内胆不粘微压快煮饭,https://detail.tmall.com/item.htm?id=652993501043,5e0d9810d6a87ae42115f2f6c48ed9b613e07f4cd46e53c439f67fe8bdc123cb_2217680629592_20260802,,,,,,,,,,
天猫,负向,咨询,2026-08-02 23:10:58,泡奶模式不好使的,小熊电器官方旗舰店,832406608200,小熊全玻璃恒温养生壶家用多功能办公室小型煮茶壶烧水壶炖煮一体,https://detail.tmall.com/item.htm?id=832406608200,4d8a47186bba108bc457e4e2cd0782cb988969a087ceae418618f893dbe38df0_2219167311332_20260802,,,,,,,,,,
天猫,负向,咨询,2026-08-02 23:10:58,泡奶模式不好使的,小熊电器官方旗舰店,832406608200,小熊全玻璃恒温养生壶家用多功能办公室小型煮茶壶烧水壶炖煮一体,https://detail.tmall.com/item.htm?id=832406608200,4d8a47186bba108bc457e4e2cd0782cb988969a087ceae418618f893dbe38df0_2219167311332_20260802,,,,,,,,,,
天猫,中性,咨询,2026-08-02 23:09:12,适配什么样的水桶啊,小熊电器官方旗舰店,953780186914,小熊桶装水电动抽水器吸水器压水器自吸全自动抽水神器水泵上水器,https://detail.tmall.com/item.htm?id=953780186914,66582a1209147569435f2ea8e535f29be91134aef95b1514b1e14b85bfce4a64_2215007019509_20260802,,,,,,,,,,
天猫,中性,咨询,2026-08-02 23:02:55,按键有声音吗,小熊电器官方旗舰店,832406608200,小熊全玻璃恒温养生壶家用多功能办公室小型煮茶壶烧水壶炖煮一体,https://detail.tmall.com/item.htm?id=832406608200,c42a88d5fe1f2ed68d7d1f5fd9aeacd6f44618f5d12b6da709a023e28b1e4a87_2219167311332_20260802,,,,,,,,,,
天猫,中性,咨询,2026-08-02 22:54:24,支持试用吗<br>有运费险吗<br>全额运还是<br>退换货全额运费险,小熊电器官方旗舰店,652993501043,小熊电饭煲家用3到4人小型智能电饭锅陶瓷油内胆不粘微压快煮饭,https://detail.tmall.com/item.htm?id=652993501043,c612a958c7f6235f87a4ec40b265129867022a0dc68714d8aa91b46f435fa0a7_2217680629592_20260802,,,,,,,,,,
天猫,中性,咨询,2026-08-02 22:54:24,支持试用吗<br>有运费险吗<br>全额运还是<br>退换货全额运费险,小熊电器官方旗舰店,652993501043,小熊电饭煲家用3到4人小型智能电饭锅陶瓷油内胆不粘微压快煮饭,https://detail.tmall.com/item.htm?id=652993501043,c612a958c7f6235f87a4ec40b265129867022a0dc68714d8aa91b46f435fa0a7_2217680629592_20260802,,,,,,,,,,
天猫,中性,咨询,2026-08-02 22:52:55,你好，我的软管组件丢了可以补发一个吗<br>好贵我再找找,小熊电器官方旗舰店,953780186914,小熊桶装水电动抽水器吸水器压水器自吸全自动抽水神器水泵上水器,https://detail.tmall.com/item.htm?id=953780186914,efff649bba89de7c9ede8b4cf83ac7fd7b90a0f0dc5abb9483117bd2d5106196_2215007019509_20260802,,,,,,,,,,
天猫,中性,咨询,2026-08-02 22:45:23,你们给我寄快递是默认哪个快递？,小熊电器官方旗舰店,829752288160,小熊迷你内衣内裤洗衣机专用洗袜子全自动小型迷你小型婴儿清洗机,https://detail.tmall.com/item.htm?id=829752288160,257c43e689747988bd81b791d709f4231cb096631ba0760142cbfa9d6ae708e0_2217899964278_20260802,,,,,,,,,,
天猫,中性,咨询,2026-08-02 22:44:28,桶自洁怎么洗啊,小熊电器官方旗舰店,829752288160,小熊迷你内衣内裤洗衣机专用洗袜子全自动小型迷你小型婴儿清洗机,https://detail.tmall.com/item.htm?id=829752288160,3ee584524ecb200c2b207737029095cae20acfd4766616a2f16c64ab4eb6de1c_2209570416623_20260802,,,,,,,,,,
天猫,中性,咨询,2026-08-02 22:44:28,桶自洁怎么洗啊,小熊电器官方旗舰店,829752288160,小熊迷你内衣内裤洗衣机专用洗袜子全自动小型迷你小型婴儿清洗机,https://detail.tmall.com/item.htm?id=829752288160,3ee584524ecb200c2b207737029095cae20acfd4766616a2f16c64ab4eb6de1c_2209570416623_20260802,,,,,,,,,,
天猫,中性,咨询,2026-08-02 22:33:39,有运费险吗,小熊电器官方旗舰店,832406608200,小熊全玻璃恒温养生壶家用多功能办公室小型煮茶壶烧水壶炖煮一体,https://detail.tmall.com/item.htm?id=832406608200,ce4d1ada636b61d89a1ba632b69568f7651b8182d2580b77e29697ce4d83fd2a_2219167311332_20260802,,,,,,,,,,
天猫,中性,咨询,2026-08-02 22:32:36,是316不锈钢吗<br>是什么材质<br>会不会碎<br>那是不锈钢吗<br>那是什么材质,小熊电器官方旗舰店,652993501043,小熊电饭煲家用3到4人小型智能电饭锅陶瓷油内胆不粘微压快煮饭,https://detail.tmall.com/item.htm?id=652993501043,63dde5bc31cb743af5cd2981f03d99b7cf7a6e21ea4e5adaf92f6b8a8fa640cd_2221680438289_20260802,,,,,,,,,,
天猫,中性,咨询,2026-08-02 22:32:21,【淘宝】假一赔四 https://e.tb.cn/h.8VuOUnYLe5juWkX?tk=mKjNgxQpxY1 CZ225 「拷贝链接」 点击链接直接打开 或者 淘宝搜索直接打开<br>这二区别是啥,小熊电器官方旗舰店,832406608200,小熊全玻璃恒温养生壶家用多功能办公室小型煮茶壶烧水壶炖煮一体,https://detail.tmall.com/item.htm?id=832406608200,3068571d3256b0e9fcd092c837e065111f3f33f9f55d749260e3990d878bb11e_2219167311332_20260802,,,,,,,,,,
天猫,中性,咨询,2026-08-02 22:21:53,你好，这座可以用来加热杯子吗,小熊电器官方旗舰店,832406608200,小熊全玻璃恒温养生壶家用多功能办公室小型煮茶壶烧水壶炖煮一体,https://detail.tmall.com/item.htm?id=832406608200,9b584f203226ef452760867ddc0081114b0cba04867e6efb5ba74bc2ef90e910_2219167311332_20260802,,,,,,,,,,
天猫,负向,咨询,2026-08-02 22:20:42,这款壶里面没有条纹吧？<br>里面有纹，不好刷啊<br>总规不好刷<br>画蛇添足了<br>光面的壶嘴不好洗，这些都是细节问题，设计要考虑啊<br>也是全玻璃的？,小熊电器官方旗舰店,832406608200,小熊全玻璃恒温养生壶家用多功能办公室小型煮茶壶烧水壶炖煮一体,https://detail.tmall.com/item.htm?id=832406608200,988f7959314dd07523f45846253a2be700e595e70393e740fd383f49a79fa7b1_2219167311332_20260802,,,,,,,,,,
天猫,负向,咨询,2026-08-02 22:20:42,这款壶里面没有条纹吧？<br>里面有纹，不好刷啊<br>总规不好刷<br>画蛇添足了<br>光面的壶嘴不好洗，这些都是细节问题，设计要考虑啊<br>也是全玻璃的？,小熊电器官方旗舰店,832406608200,小熊全玻璃恒温养生壶家用多功能办公室小型煮茶壶烧水壶炖煮一体,https://detail.tmall.com/item.htm?id=832406608200,988f7959314dd07523f45846253a2be700e595e70393e740fd383f49a79fa7b1_2219167311332_20260802,,,,,,,,,,
天猫,中性,咨询,2026-08-02 22:11:12,这个D1与Q3区别<br>买这个Q3或者D1有优惠吗<br>还有就是Q3与D1玻璃厚区别吗,小熊电器官方旗舰店,832406608200,小熊全玻璃恒温养生壶家用多功能办公室小型煮茶壶烧水壶炖煮一体,https://detail.tmall.com/item.htm?id=832406608200,bde6f90a378c6b79ca1df0d245065a84ba1d10a2e49944276901692b2c5be99d_2219167311332_20260802,,,,,,,,,,
天猫,负向,咨询,2026-08-02 22:10:42,这个洗衣机好像坏了，洗完衣服还是湿透了可以滴水的状态,小熊电器官方旗舰店,829752288160,小熊迷你内衣内裤洗衣机专用洗袜子全自动小型迷你小型婴儿清洗机,https://detail.tmall.com/item.htm?id=829752288160,af736ba728990bfcc0c4a0d8be8d27c454c61fae43cce1237bb05563bb665759_2209570416623_20260802,,,,,,,,,,
天猫,中性,咨询,2026-08-02 22:08:57,这是不是就是预约七个小时完成对吧<br>还是七个小时开始操作<br>可以预约分<br>只能小时吗<br>我要预约7.5小时呢<br>浓豆浆打多久？<br>高怎么操作法<br>里面放满水 让他自动洗吗<br>,小熊电器官方旗舰店,1066545498108,【新品抢先加购 4号付定】小熊破壁机豆浆机全自动家用多功能新款,https://detail.tmall.com/item.htm?id=1066545498108,c91f40f72ec15763a4b860e7aca9821461beda72d08326f437daca24650553de_2216896954959_20260802,,,,,,,,,,
天猫,中性,咨询,2026-08-02 22:08:57,这是不是就是预约七个小时完成对吧<br>还是七个小时开始操作<br>可以预约分<br>只能小时吗<br>我要预约7.5小时呢<br>浓豆浆打多久？<br>高怎么操作法<br>里面放满水 让他自动洗吗<br>,小熊电器官方旗舰店,1066545498108,【新品抢先加购 4号付定】小熊破壁机豆浆机全自动家用多功能新款,https://detail.tmall.com/item.htm?id=1066545498108,c91f40f72ec15763a4b860e7aca9821461beda72d08326f437daca24650553de_2216896954959_20260802,,,,,,,,,,
天猫,中性,咨询,2026-08-02 22:08:57,这是不是就是预约七个小时完成对吧<br>还是七个小时开始操作<br>可以预约分<br>只能小时吗<br>我要预约7.5小时呢<br>浓豆浆打多久？<br>高怎么操作法<br>里面放满水 让他自动洗吗<br>,小熊电器官方旗舰店,1066545498108,【新品抢先加购 4号付定】小熊破壁机豆浆机全自动家用多功能新款,https://detail.tmall.com/item.htm?id=1066545498108,c91f40f72ec15763a4b860e7aca9821461beda72d08326f437daca24650553de_2216896954959_20260802,,,,,,,,,,
天猫,中性,咨询,2026-08-02 22:07:18,突然不能甩干了<br>倒计时在走，但是没动静<br>淘宝不能直接操作吗<br>产品型号是什么<br>能不能直接帮我排查下这个不能甩干的问题<br>订单编号是什么？<br>好像不能上传这个故障的视频<br>只上传订单图片可以吗<br>提交了<br>是上门来取货吗？<br>还是需要自己拿到快递站去<br>运费谁出？<br>我这个是在退换货时效内吗？<br>就是说要出一个寄出的费用<br>大概是多少啊<br>这个洗衣机重量是多少？,小熊电器官方旗舰店,829752288160,小熊迷你内衣内裤洗衣机专用洗袜子全自动小型迷你小型婴儿清洗机,https://detail.tmall.com/item.htm?id=829752288160,3809382be94022b5617edc5eee9fbbe76948b234142a5124dd527a4bbf1256ab_2209570416623_20260802,,,,,,,,,,
天猫,中性,咨询,2026-08-02 22:07:18,突然不能甩干了<br>倒计时在走，但是没动静<br>淘宝不能直接操作吗<br>产品型号是什么<br>能不能直接帮我排查下这个不能甩干的问题<br>订单编号是什么？<br>好像不能上传这个故障的视频<br>只上传订单图片可以吗<br>提交了<br>是上门来取货吗？<br>还是需要自己拿到快递站去<br>运费谁出？<br>我这个是在退换货时效内吗？<br>就是说要出一个寄出的费用<br>大概是多少啊<br>这个洗衣机重量是多少？,小熊电器官方旗舰店,829752288160,小熊迷你内衣内裤洗衣机专用洗袜子全自动小型迷你小型婴儿清洗机,https://detail.tmall.com/item.htm?id=829752288160,3809382be94022b5617edc5eee9fbbe76948b234142a5124dd527a4bbf1256ab_2209570416623_20260802,,,,,,,,,,
天猫,中性,咨询,2026-08-02 22:07:18,突然不能甩干了<br>倒计时在走，但是没动静<br>淘宝不能直接操作吗<br>产品型号是什么<br>能不能直接帮我排查下这个不能甩干的问题<br>订单编号是什么？<br>好像不能上传这个故障的视频<br>只上传订单图片可以吗<br>提交了<br>是上门来取货吗？<br>还是需要自己拿到快递站去<br>运费谁出？<br>我这个是在退换货时效内吗？<br>就是说要出一个寄出的费用<br>大概是多少啊<br>这个洗衣机重量是多少？,小熊电器官方旗舰店,829752288160,小熊迷你内衣内裤洗衣机专用洗袜子全自动小型迷你小型婴儿清洗机,https://detail.tmall.com/item.htm?id=829752288160,3809382be94022b5617edc5eee9fbbe76948b234142a5124dd527a4bbf1256ab_2209570416623_20260802,,,,,,,,,,
天猫,中性,咨询,2026-08-02 22:06:55,这几款都是 type c充电口吧<br>YSJ-F06Q1是第一款吧？<br>,小熊电器官方旗舰店,953780186914,小熊桶装水电动抽水器吸水器压水器自吸全自动抽水神器水泵上水器,https://detail.tmall.com/item.htm?id=953780186914,ee7011f6177440d0c715c3787f6e639af804fc9d91d44220301d9898585ea868_2209498356642_20260802,,,,,,,,,,
天猫,中性,咨询,2026-08-02 22:06:12,你们这个洗衣机为什么在我放了三条内裤的情况下甩干它会有这么响的声音啊，而且它会一直动。<br>运输螺栓是什么<br>那这个不应该呀，你这是这机器容量0.5kg那我这一共就放了三条内裤，应该到不了这个重量吧。,小熊电器官方旗舰店,829752288160,小熊迷你内衣内裤洗衣机专用洗袜子全自动小型迷你小型婴儿清洗机,https://detail.tmall.com/item.htm?id=829752288160,eb6b7d8a778a69a092a123bba3936ad3db7ccd3176d94d67eaeb5dfc96e25fcd_2209570416623_20260802,,,,,,,,,,
天猫,中性,咨询,2026-08-02 22:06:12,你们这个洗衣机为什么在我放了三条内裤的情况下甩干它会有这么响的声音啊，而且它会一直动。<br>运输螺栓是什么<br>那这个不应该呀，你这是这机器容量0.5kg那我这一共就放了三条内裤，应该到不了这个重量吧。,小熊电器官方旗舰店,829752288160,小熊迷你内衣内裤洗衣机专用洗袜子全自动小型迷你小型婴儿清洗机,https://detail.tmall.com/item.htm?id=829752288160,eb6b7d8a778a69a092a123bba3936ad3db7ccd3176d94d67eaeb5dfc96e25fcd_2209570416623_20260802,,,,,,,,,,
天猫,中性,咨询,2026-08-02 22:03:15,可以恒<br>可以用来煮鸡蛋吗,小熊电器官方旗舰店,832406608200,小熊全玻璃恒温养生壶家用多功能办公室小型煮茶壶烧水壶炖煮一体,https://detail.tmall.com/item.htm?id=832406608200,b685933aed4624bee60dc78294c712c458321c134db7f57b5cb9cefde254a3ca_2219167311332_20260802,,,,,,,,,,
天猫,中性,咨询,2026-08-02 22:02:05,这个包安装吗？,小熊电器官方旗舰店,829752288160,小熊迷你内衣内裤洗衣机专用洗袜子全自动小型迷你小型婴儿清洗机,https://detail.tmall.com/item.htm?id=829752288160,792f0b000e16ff68e93cc9d6319650adc99f8c12cefb5317b1cddc8d243f04e8_2209570416623_20260802,,,,,,,,,,
天猫,中性,咨询,2026-08-02 22:01:09,我能单独买这款抽水器的软管吗<br>,小熊电器官方旗舰店,953780186914,小熊桶装水电动抽水器吸水器压水器自吸全自动抽水神器水泵上水器,https://detail.tmall.com/item.htm?id=953780186914,42bcfdfd3f2d1935d675d28ec6bdc302f6d8bcc39abcf557b206a7fb28fb0f19_2209498356642_20260802,,,,,,,,,,
天猫,负向,咨询,2026-08-02 21:57:13,充电充完了也吸不了水,小熊电器官方旗舰店,953780186914,小熊桶装水电动抽水器吸水器压水器自吸全自动抽水神器水泵上水器,https://detail.tmall.com/item.htm?id=953780186914,8df0443744810e5bfccf639a8e202aaa988e8209a1fd4a40f359786ebc9a466a_2221749211942_20260802,,,,,,,,,,
天猫,中性,咨询,2026-08-02 21:57:13,充电充完了也吸不了水,小熊电器官方旗舰店,953780186914,小熊桶装水电动抽水器吸水器压水器自吸全自动抽水神器水泵上水器,https://detail.tmall.com/item.htm?id=953780186914,8df0443744810e5bfccf639a8e202aaa988e8209a1fd4a40f359786ebc9a466a_2221749211942_20260802,,,,,,,,,,
天猫,中性,咨询,2026-08-02 21:55:02,找人工客服<br>烧水不能烧100度以上吗<br>用的是自来水烧的<br>显示最高90度,小熊电器官方旗舰店,832406608200,小熊全玻璃恒温养生壶家用多功能办公室小型煮茶壶烧水壶炖煮一体,https://detail.tmall.com/item.htm?id=832406608200,8e330e28263038b3079552a42108886c1630214647fde9ddbc4188ecceff9f1a_2215107505922_20260802,,,,,,,,,,
天猫,中性,咨询,2026-08-02 21:53:52,这个型号的洗衣机还有吗<br>这个型号发售价多少钱<br>,小熊电器官方旗舰店,829752288160,小熊迷你内衣内裤洗衣机专用洗袜子全自动小型迷你小型婴儿清洗机,https://detail.tmall.com/item.htm?id=829752288160,a0806d01fbf6e3a5b3f6d092dc88a95111546ea0f1acecbb89afcfd96871bd78_2212796238773_20260802,,,,,,,,,,
天猫,中性,咨询,2026-08-02 21:53:52,这个型号的洗衣机还有吗<br>这个型号发售价多少钱<br>,小熊电器官方旗舰店,829752288160,小熊迷你内衣内裤洗衣机专用洗袜子全自动小型迷你小型婴儿清洗机,https://detail.tmall.com/item.htm?id=829752288160,a0806d01fbf6e3a5b3f6d092dc88a95111546ea0f1acecbb89afcfd96871bd78_2212796238773_20260802,,,,,,,,,,
天猫,中性,咨询,2026-08-02 21:52:49,里面水管长度多长,小熊电器官方旗舰店,953780186914,小熊桶装水电动抽水器吸水器压水器自吸全自动抽水神器水泵上水器,https://detail.tmall.com/item.htm?id=953780186914,6798aee967a8d7d52474f5fffa7fa955a40ad47d97813f9dd5cace53fd1b754e_2215007019509_20260802,,,,,,,,,,
天猫,中性,咨询,2026-08-02 21:50:43,能加热吗<br>我想要一个加热快，能热的<br>没有能热的吗<br>那有能热的机器吗<br>我之前买的这个能热吗,小熊电器官方旗舰店,832406608200,小熊全玻璃恒温养生壶家用多功能办公室小型煮茶壶烧水壶炖煮一体,https://detail.tmall.com/item.htm?id=832406608200,3dc1ade7e3be946ba36f2ef9b8cc48220179a9470dd3232801a0a261ba7d4320_2219167311332_20260802,,,,,,,,,,
天猫,中性,咨询,2026-08-02 21:50:43,能加热吗<br>我想要一个加热快，能热的<br>没有能热的吗<br>那有能热的机器吗<br>我之前买的这个能热吗,小熊电器官方旗舰店,832406608200,小熊全玻璃恒温养生壶家用多功能办公室小型煮茶壶烧水壶炖煮一体,https://detail.tmall.com/item.htm?id=832406608200,3dc1ade7e3be946ba36f2ef9b8cc48220179a9470dd3232801a0a261ba7d4320_2219167311332_20260802,,,,,,,,,,
天猫,正向,咨询,2026-08-02 21:50:43,能加热吗<br>我想要一个加热快，能热的<br>没有能热的吗<br>那有能热的机器吗<br>我之前买的这个能热吗,小熊电器官方旗舰店,832406608200,小熊全玻璃恒温养生壶家用多功能办公室小型煮茶壶烧水壶炖煮一体,https://detail.tmall.com/item.htm?id=832406608200,3dc1ade7e3be946ba36f2ef9b8cc48220179a9470dd3232801a0a261ba7d4320_2219167311332_20260802,,,,,,,,,,
天猫,正向,咨询,2026-08-02 21:48:43,店家，已经好评了<br>去哪看猫超卡到账没<br>,小熊电器官方旗舰店,652993501043,小熊电饭煲家用3到4人小型智能电饭锅陶瓷油内胆不粘微压快煮饭,https://detail.tmall.com/item.htm?id=652993501043,c23ce7aa2fde946131ad450a013bff0209b49c274ab932141a9d751dacb162d5_2213283425041_20260802,,,,,,,,,,
天猫,中性,咨询,2026-08-02 21:39:48,有运费险吗,小熊电器官方旗舰店,652993501043,小熊电饭煲家用3到4人小型智能电饭锅陶瓷油内胆不粘微压快煮饭,https://detail.tmall.com/item.htm?id=652993501043,8971484d5cad8cb1025871c2d4247a7f81ee83a06617c91f92fa101e62f021e7_2209498356642_20260802,,,,,,,,,,
天猫,中性,咨询,2026-08-02 21:38:48,我的洗衣机发过去了，洗衣机什么时候能给我发过来？<br>我发顺丰过去的，已经发出两天了，仓库还没收到吗,小熊电器官方旗舰店,829752288160,小熊迷你内衣内裤洗衣机专用洗袜子全自动小型迷你小型婴儿清洗机,https://detail.tmall.com/item.htm?id=829752288160,9e85711416ee5907319e736d362ef7158a4ae8123ec2c4ab82a625fdfb500e11_2212796238773_20260802,,,,,,,,,,
天猫,中性,咨询,2026-08-02 21:21:01,需要有进水口出水口么<br>emmm有可能用的时候连在水龙头上，不用的时候拧下来么<br>附送三通，是可以和现在的洗衣机共用一个接出水口的意思么<br>就是，排水需要我自己装三通？<br>有没有不用进出水口的…<br>这个是双桶分离且洗烘一体？<br>可以一半袜子一半内衣？<br>那需要几个进出口啊<br>但是出租房好像再开进出口管也不现实,小熊电器官方旗舰店,829752288160,小熊迷你内衣内裤洗衣机专用洗袜子全自动小型迷你小型婴儿清洗机,https://detail.tmall.com/item.htm?id=829752288160,c4b6a203c9237110c8ac9d11862cb6b603a93911ab36897688ec1d9aea87a733_2212796238773_20260802,,,,,,,,,,
天猫,负向,咨询,2026-08-02 21:17:41,今天买了一个1.6升的，感觉太小了，我想退了拍款大的,小熊电器官方旗舰店,652993501043,小熊电饭煲家用3到4人小型智能电饭锅陶瓷油内胆不粘微压快煮饭,https://detail.tmall.com/item.htm?id=652993501043,c5e3ff696800b375590ade23acc13c7e0e7dcc273d7bbf67bceca5a44963c1f0_2209498356642_20260802,,,,,,,,,,
天猫,负向,咨询,2026-08-02 21:17:31,如果我插上去就一直不拔插头会怎么样<br>待机模式是不工作的吧<br>他会像电热水壶那样，只要我不放上去开开关，他就没什么事吗<br>行，非常好，满意了,小熊电器官方旗舰店,832406608200,小熊全玻璃恒温养生壶家用多功能办公室小型煮茶壶烧水壶炖煮一体,https://detail.tmall.com/item.htm?id=832406608200,c5ec614c4bc930b878ac7c87df62c2488b6312ac92742a075630ecd2b5eb9947_2219417115816_20260802,,,,,,,,,,
天猫,正向,咨询,2026-08-02 21:17:31,如果我插上去就一直不拔插头会怎么样<br>待机模式是不工作的吧<br>他会像电热水壶那样，只要我不放上去开开关，他就没什么事吗<br>行，非常好，满意了,小熊电器官方旗舰店,832406608200,小熊全玻璃恒温养生壶家用多功能办公室小型煮茶壶烧水壶炖煮一体,https://detail.tmall.com/item.htm?id=832406608200,c5ec614c4bc930b878ac7c87df62c2488b6312ac92742a075630ecd2b5eb9947_2219417115816_20260802,,,,,,,,,,
天猫,中性,咨询,2026-08-02 21:10:16,收件人: 士 手机号码: 所区: 省市区上道 <br>修改地址,小熊电器官方旗舰店,832406608200,小熊全玻璃恒温养生壶家用多功能办公室小型煮茶壶烧水壶炖煮一体,https://detail.tmall.com/item.htm?id=832406608200,277a08aa3451e3fd02ed162f003709699cbcc417c0077d083fe5f0c63b83e7be_2219167311332_20260802,,,,,,,,,,
天猫,中性,咨询,2026-08-02 21:09:34,包安装吗<br>容易坏吗<br>质保多久？<br>这种水阀可以用吗？<br>这个是浴室洗手盆下的水阀<br>能不能安装？<br>换这种卡扣，洗手盆就用不了了<br>,小熊电器官方旗舰店,829752288160,小熊迷你内衣内裤洗衣机专用洗袜子全自动小型迷你小型婴儿清洗机,https://detail.tmall.com/item.htm?id=829752288160,1abbe681182733d4e12ead945bf24f8f644340edd6ee160199999fff90888206_2209570416623_20260802,,,,,,,,,,
天猫,负向,咨询,2026-08-02 21:09:34,包安装吗<br>容易坏吗<br>质保多久？<br>这种水阀可以用吗？<br>这个是浴室洗手盆下的水阀<br>能不能安装？<br>换这种卡扣，洗手盆就用不了了<br>,小熊电器官方旗舰店,829752288160,小熊迷你内衣内裤洗衣机专用洗袜子全自动小型迷你小型婴儿清洗机,https://detail.tmall.com/item.htm?id=829752288160,1abbe681182733d4e12ead945bf24f8f644340edd6ee160199999fff90888206_2209570416623_20260802,,,,,,,,,,
天猫,中性,咨询,2026-08-02 21:09:34,包安装吗<br>容易坏吗<br>质保多久？<br>这种水阀可以用吗？<br>这个是浴室洗手盆下的水阀<br>能不能安装？<br>换这种卡扣，洗手盆就用不了了<br>,小熊电器官方旗舰店,829752288160,小熊迷你内衣内裤洗衣机专用洗袜子全自动小型迷你小型婴儿清洗机,https://detail.tmall.com/item.htm?id=829752288160,1abbe681182733d4e12ead945bf24f8f644340edd6ee160199999fff90888206_2209570416623_20260802,,,,,,,,,,
天猫,中性,咨询,2026-08-02 21:09:10,没有预留位置怎么安装<br>安装需要什么条件<br>跟正常家用洗衣机放一起能分水是不,小熊电器官方旗舰店,829752288160,小熊迷你内衣内裤洗衣机专用洗袜子全自动小型迷你小型婴儿清洗机,https://detail.tmall.com/item.htm?id=829752288160,c0e7902d22c7b58919eed0a6f7ebed5c0770cd72995414caec3d30e113e1ee8c_2209570416623_20260802,,,,,,,,,,
天猫,负向,咨询,2026-08-02 21:07:41,退回来了。<br>我这是退货退款吧<br>,小熊电器官方旗舰店,953780186914,小熊桶装水电动抽水器吸水器压水器自吸全自动抽水神器水泵上水器,https://detail.tmall.com/item.htm?id=953780186914,67ec11bc2ab8eb5d1eef8c5e171852a19fb6fd12c48d947182847030577b213e_2213217770587_20260802,,,,,,,,,,
天猫,负向,咨询,2026-08-02 21:04:56,刚才试用了一下，有股烧着塑料的味道。<br>底座冒烟<br>底座发热也是正常的吗<br>整座<br>发热,小熊电器官方旗舰店,832406608200,小熊全玻璃恒温养生壶家用多功能办公室小型煮茶壶烧水壶炖煮一体,https://detail.tmall.com/item.htm?id=832406608200,b38181437ec18821fbb694c54d6ecb2f930ae828bef0c375b8b3c0f2df3062a7_2215107505922_20260802,,,,,,,,,,
天猫,中性,咨询,2026-08-02 21:03:18,怎么和现有洗衣机接一起<br>咋装,小熊电器官方旗舰店,829752288160,小熊迷你内衣内裤洗衣机专用洗袜子全自动小型迷你小型婴儿清洗机,https://detail.tmall.com/item.htm?id=829752288160,414fe18bcc5bb5a79da305a80a6d8b37323999012636537c9f2378a356ff06f4_2209570416623_20260802,,,,,,,,,,
天猫,负向,咨询,2026-08-02 20:51:27,屏幕怎么没有反应？,小熊电器官方旗舰店,832406608200,小熊全玻璃恒温养生壶家用多功能办公室小型煮茶壶烧水壶炖煮一体,https://detail.tmall.com/item.htm?id=832406608200,088bfdd8c39e3170634b93726dc64849e8b6baccbc52d849359a61e8dfcfaacd_2219167311332_20260802,,,,,,,,,,
天猫,中性,咨询,2026-08-02 20:51:16,我要咨询这个规格的商品<br>壶盖什么材质，几层的<br>炖盅有专门的盖子么<br>炖盅的盖子是什么材质的<br>可以用到壶上么<br>壶盖里的固定螺栓是什么材质的,小熊电器官方旗舰店,832406608200,小熊全玻璃恒温养生壶家用多功能办公室小型煮茶壶烧水壶炖煮一体,https://detail.tmall.com/item.htm?id=832406608200,0a80c3810b9d29ded64dd4363ad17ffc90184c00cd792b19485cc3a5696bef42_2219167311332_20260802,,,,,,,,,,
天猫,中性,咨询,2026-08-02 20:51:00,这个怎么固定啊<br>不能固定在矿水泉桶盖上呢<br>不匹配,小熊电器官方旗舰店,953780186914,小熊桶装水电动抽水器吸水器压水器自吸全自动抽水神器水泵上水器,https://detail.tmall.com/item.htm?id=953780186914,38752fbb77bac33bc530e3467497cc96ff2b9484b21e674648c0f040ce92ebf8_2215007019509_20260802,,,,,,,,,,
天猫,中性,咨询,2026-08-02 20:41:29,货收到了<br>晒图有返吗<br>直播间下的<br>说有20<br>,小熊电器官方旗舰店,832406608200,小熊全玻璃恒温养生壶家用多功能办公室小型煮茶壶烧水壶炖煮一体,https://detail.tmall.com/item.htm?id=832406608200,53ae7a9e5e3e1cbc9299c7dbac050bc1d770b70138192c93ca3171e9ad4ab438_2219417115816_20260802,,,,,,,,,,
天猫,中性,咨询,2026-08-02 20:39:02,你好，烧水烧多久,小熊电器官方旗舰店,832406608200,小熊全玻璃恒温养生壶家用多功能办公室小型煮茶壶烧水壶炖煮一体,https://detail.tmall.com/item.htm?id=832406608200,13de3bfbfbef65c75d5dd0f0966a379c43a9df425449072f959a82ea9c400d31_2219167311332_20260802,,,,,,,,,,
天猫,中性,咨询,2026-08-02 20:35:37,可以洗袜子，洗内裤吗？<br>有除菌效果吗？<br>售后保多久？,小熊电器官方旗舰店,829752288160,小熊迷你内衣内裤洗衣机专用洗袜子全自动小型迷你小型婴儿清洗机,https://detail.tmall.com/item.htm?id=829752288160,87cd3bc605dd4b553f110e2fa0c9d30060a4d3586b90f8a8c2124d33211184ef_2212796238773_20260802,,,,,,,,,,
天猫,负向,咨询,2026-08-02 20:35:07,一烧这个养生壶 就霹雳吧啦<br>爆米花<br>还有烧焦的味道<br>我用了十天<br>要用湿纸巾擦吗<br>我试一下,小熊电器官方旗舰店,832406608200,小熊全玻璃恒温养生壶家用多功能办公室小型煮茶壶烧水壶炖煮一体,https://detail.tmall.com/item.htm?id=832406608200,934fef0e58c40b625c1c5a189498ca1032050df884330fd2002acb02bf3390cd_2215107505922_20260802,,,,,,,,,,
天猫,中性,咨询,2026-08-02 20:22:00,洗一下要多久<br>安装需要接水管吗,小熊电器官方旗舰店,829752288160,小熊迷你内衣内裤洗衣机专用洗袜子全自动小型迷你小型婴儿清洗机,https://detail.tmall.com/item.htm?id=829752288160,3831a689f348443f3359e55160a63946f6aa35817012b37aba1de242ddfdb015_2209570416623_20260802,,,,,,,,,,
天猫,负向,咨询,2026-08-02 20:15:28,你好，我是去年买的这款洗衣机，这两天突然不会脱水了<br>正常洗完，内裤拿出来还在滴水,小熊电器官方旗舰店,829752288160,小熊迷你内衣内裤洗衣机专用洗袜子全自动小型迷你小型婴儿清洗机,https://detail.tmall.com/item.htm?id=829752288160,6512f2aba650f26c5a2922e04a7fa53ddde1e9301c423895439f4746a2316fb7_2212796238773_20260802,,,,,,,,,,
天猫,负向,咨询,2026-08-02 20:08:40,这个养生壶没有煮中药功能的<br>我主要是想煲中药的<br>还是退了吧,小熊电器官方旗舰店,832406608200,小熊全玻璃恒温养生壶家用多功能办公室小型煮茶壶烧水壶炖煮一体,https://detail.tmall.com/item.htm?id=832406608200,ced194dc684c1063e61c2af6570af8b154089ce78f56b07a17e25c4b4a45d51d_2215107505922_20260802,,,,,,,,,,
天猫,负向,咨询,2026-08-02 20:08:40,这个养生壶没有煮中药功能的<br>我主要是想煲中药的<br>还是退了吧,小熊电器官方旗舰店,832406608200,小熊全玻璃恒温养生壶家用多功能办公室小型煮茶壶烧水壶炖煮一体,https://detail.tmall.com/item.htm?id=832406608200,ced194dc684c1063e61c2af6570af8b154089ce78f56b07a17e25c4b4a45d51d_2215107505922_20260802,,,,,,,,,,
天猫,中性,咨询,2026-08-02 20:08:38,使用视频,小熊电器官方旗舰店,1066545498108,【新品抢先加购 4号付定】小熊破壁机豆浆机全自动家用多功能新款,https://detail.tmall.com/item.htm?id=1066545498108,21a0bf5c26761c3f45d21439cd8ede47f0338da2a0f97429cc384d7bc5d5be5f_2215139000693_20260802,,,,,,,,,,
天猫,中性,咨询,2026-08-02 20:08:18,请问新锅 可以直接煮饭吗？<br>还是需要煮个粥之类的<br>不足半小时 可以提前取消吗？<br>两人份 需要放多少米 多少水呀,小熊电器官方旗舰店,652993501043,小熊电饭煲家用3到4人小型智能电饭锅陶瓷油内胆不粘微压快煮饭,https://detail.tmall.com/item.htm?id=652993501043,2e9e9e12a78a9b1b46620807208d9afd9ee9b1508ec6b8d78764450cfccf290e_2208914208902_20260802,,,,,,,,,,
天猫,中性,咨询,2026-08-02 20:06:31,你们这个需要清洗吗<br>机器里面的管道会不会很脏,小熊电器官方旗舰店,953780186914,小熊桶装水电动抽水器吸水器压水器自吸全自动抽水神器水泵上水器,https://detail.tmall.com/item.htm?id=953780186914,9036ddee962a24a91b5ce391aae17fa76be443218282c219bf60fa0d27478cf1_2215007019509_20260802,,,,,,,,,,
天猫,中性,咨询,2026-08-02 20:04:42,这个是可以直接闪购买的吗？<br>明天到达？<br>我页面有闪购,小熊电器官方旗舰店,652993501043,小熊电饭煲家用3到4人小型智能电饭锅陶瓷油内胆不粘微压快煮饭,https://detail.tmall.com/item.htm?id=652993501043,23a5ae7f2ad41603b11756c39018f6b7dc8b1e6c1e947cfbdccba71fd35e903a_2221749211942_20260802,,,,,,,,,,
天猫,中性,咨询,2026-08-02 19:56:40,怎么安装,小熊电器官方旗舰店,829752288160,小熊迷你内衣内裤洗衣机专用洗袜子全自动小型迷你小型婴儿清洗机,https://detail.tmall.com/item.htm?id=829752288160,9d0244dad3a24c6c5a0c49ab726be9c461002da445ac6f97a8b68079b93d0315_2212796238773_20260802,,,,,,,,,,
天猫,中性,咨询,2026-08-02 19:51:14,电子版说明书有吗<br>浓豆浆可以直接干豆打的吧<br>如果我之前打过玉米汁了呢<br>煮开就可以了？<br>还是要等这个功能完成？,小熊电器官方旗舰店,1066545498108,【新品抢先加购 4号付定】小熊破壁机豆浆机全自动家用多功能新款,https://detail.tmall.com/item.htm?id=1066545498108,d08cfa2a1b17e413517b671c99feca1e54395f590fd93c0ada3fccb0f9716a43_2216896954959_20260802,,,,,,,,,,
天猫,中性,咨询,2026-08-02 19:41:09,充电大约多长时间,小熊电器官方旗舰店,953780186914,小熊桶装水电动抽水器吸水器压水器自吸全自动抽水神器水泵上水器,https://detail.tmall.com/item.htm?id=953780186914,92a2205b68caf66cafc301c45c067cd7b36ee7b55bdad376f913aac78c034fd3_2215007019509_20260802,,,,,,,,,,
天猫,中性,咨询,2026-08-02 19:20:46,你好，想快速煮粥或者煮别的的话，可以点快煮然后开盖煮吗？,小熊电器官方旗舰店,652993501043,小熊电饭煲家用3到4人小型智能电饭锅陶瓷油内胆不粘微压快煮饭,https://detail.tmall.com/item.htm?id=652993501043,9888060871a9fcd9fb0435603817aef72509835fa8e0ec7e775f06ad1383ee6c_2210386265297_20260802,,,,,,,,,,
天猫,中性,咨询,2026-08-02 19:19:34,好评返现<br>是不是有好评返现活动<br>好了 打钱,小熊电器官方旗舰店,829752288160,小熊迷你内衣内裤洗衣机专用洗袜子全自动小型迷你小型婴儿清洗机,https://detail.tmall.com/item.htm?id=829752288160,6a60aa646ff081e9932c348f9e4e11dd571c0d28bfd9a38ae8339fb875eeb1b9_2209570416623_20260802,,,,,,,,,,
天猫,中性,咨询,2026-08-02 19:19:12,能直接放茶包煮吗,小熊电器官方旗舰店,832406608200,小熊全玻璃恒温养生壶家用多功能办公室小型煮茶壶烧水壶炖煮一体,https://detail.tmall.com/item.htm?id=832406608200,a9eed65aba8dcb8f9e4f43e5893792450484b860a68b971182b484e7fbd5286a_2219167311332_20260802,,,,,,,,,,
天猫,中性,咨询,2026-08-02 19:14:05,亲 发下你们家几款对比图<br>洗烘一体那个链接看看<br>找到了吗<br>分别每个功能是洗多久了 有时间表吗<br>能放多少衣物<br>亲没有更优惠了吗,小熊电器官方旗舰店,829752288160,小熊迷你内衣内裤洗衣机专用洗袜子全自动小型迷你小型婴儿清洗机,https://detail.tmall.com/item.htm?id=829752288160,7e944033b60d8bebe6b9022c3c13414f1ba73c0bbc585ac6747d0504fbdf4eb0_2209570416623_20260802,,,,,,,,,,
天猫,中性,咨询,2026-08-02 19:14:05,亲 发下你们家几款对比图<br>洗烘一体那个链接看看<br>找到了吗<br>分别每个功能是洗多久了 有时间表吗<br>能放多少衣物<br>亲没有更优惠了吗,小熊电器官方旗舰店,829752288160,小熊迷你内衣内裤洗衣机专用洗袜子全自动小型迷你小型婴儿清洗机,https://detail.tmall.com/item.htm?id=829752288160,7e944033b60d8bebe6b9022c3c13414f1ba73c0bbc585ac6747d0504fbdf4eb0_2209570416623_20260802,,,,,,,,,,
天猫,中性,咨询,2026-08-02 19:14:05,亲 发下你们家几款对比图<br>洗烘一体那个链接看看<br>找到了吗<br>分别每个功能是洗多久了 有时间表吗<br>能放多少衣物<br>亲没有更优惠了吗,小熊电器官方旗舰店,829752288160,小熊迷你内衣内裤洗衣机专用洗袜子全自动小型迷你小型婴儿清洗机,https://detail.tmall.com/item.htm?id=829752288160,7e944033b60d8bebe6b9022c3c13414f1ba73c0bbc585ac6747d0504fbdf4eb0_2209570416623_20260802,,,,,,,,,,
天猫,负向,咨询,2026-08-02 19:12:16,这个是？加水管吗？<br>怎么加水的？<br>那学生宿舍用不了。,小熊电器官方旗舰店,829752288160,小熊迷你内衣内裤洗衣机专用洗袜子全自动小型迷你小型婴儿清洗机,https://detail.tmall.com/item.htm?id=829752288160,926ca5421293b6055cae4be5d6f990930ebe4762910e37bf1dca80ad77a9f94c_2209570416623_20260802,,,,,,,,,,
天猫,中性,咨询,2026-08-02 19:12:16,我要咨询这个规格的商品<br>这一款有没有蒸架配件这些的,小熊电器官方旗舰店,652993501043,小熊电饭煲家用3到4人小型智能电饭锅陶瓷油内胆不粘微压快煮饭,https://detail.tmall.com/item.htm?id=652993501043,aabc4c3908f8b3dfebc8f8da7321c29a388d9e1d1529cac0c631b6fd1cfaef67_2209498356642_20260802,,,,,,,,,,
天猫,中性,咨询,2026-08-02 19:06:56,这款怎么用啊<br>怎么出水啊<br>打不开视频<br>再次单机不行啊<br>水根本停不了,小熊电器官方旗舰店,953780186914,小熊桶装水电动抽水器吸水器压水器自吸全自动抽水神器水泵上水器,https://detail.tmall.com/item.htm?id=953780186914,7c006d3134f5272580d35917e242ee73766ba1cd7c917665a68f4e582b68ebee_2215007019509_20260802,,,,,,,,,,
天猫,负向,咨询,2026-08-02 18:50:36,你好，电饭锅不好用了<br>请做好用户接待，及时解决问题，2分系统会发送买家评价卡片。<br>开盖后就煮不了<br>消费者点踩机器人消息，已停止辅助接待,小熊电器官方旗舰店,652993501043,小熊电饭煲家用3到4人小型智能电饭锅陶瓷油内胆不粘微压快煮饭,https://detail.tmall.com/item.htm?id=652993501043,98d4f33b8f3555b236f2dc70c753837b2ceaa7ce212ac82f1710111c8f15e878_2209498356642_20260802,,,,,,,,,,
天猫,中性,咨询,2026-08-02 18:50:36,你好，电饭锅不好用了<br>请做好用户接待，及时解决问题，2分系统会发送买家评价卡片。<br>开盖后就煮不了<br>消费者点踩机器人消息，已停止辅助接待,小熊电器官方旗舰店,652993501043,小熊电饭煲家用3到4人小型智能电饭锅陶瓷油内胆不粘微压快煮饭,https://detail.tmall.com/item.htm?id=652993501043,98d4f33b8f3555b236f2dc70c753837b2ceaa7ce212ac82f1710111c8f15e878_2209498356642_20260802,,,,,,,,,,
天猫,负向,咨询,2026-08-02 18:50:36,你好，电饭锅不好用了<br>请做好用户接待，及时解决问题，2分系统会发送买家评价卡片。<br>开盖后就煮不了<br>消费者点踩机器人消息，已停止辅助接待,小熊电器官方旗舰店,652993501043,小熊电饭煲家用3到4人小型智能电饭锅陶瓷油内胆不粘微压快煮饭,https://detail.tmall.com/item.htm?id=652993501043,98d4f33b8f3555b236f2dc70c753837b2ceaa7ce212ac82f1710111c8f15e878_2209498356642_20260802,,,,,,,,,,
天猫,正向,咨询,2026-08-02 18:50:36,你好，电饭锅不好用了<br>请做好用户接待，及时解决问题，2分系统会发送买家评价卡片。<br>开盖后就煮不了<br>消费者点踩机器人消息，已停止辅助接待,小熊电器官方旗舰店,652993501043,小熊电饭煲家用3到4人小型智能电饭锅陶瓷油内胆不粘微压快煮饭,https://detail.tmall.com/item.htm?id=652993501043,98d4f33b8f3555b236f2dc70c753837b2ceaa7ce212ac82f1710111c8f15e878_2209498356642_20260802,,,,,,,,,,
天猫,中性,咨询,2026-08-02 18:48:03,烧开一壶水大概多久,小熊电器官方旗舰店,832406608200,小熊全玻璃恒温养生壶家用多功能办公室小型煮茶壶烧水壶炖煮一体,https://detail.tmall.com/item.htm?id=832406608200,3dc34b7bb6d8d5bf57ebbb15d8a91c6255eece829df02d8304152629d746f7f5_2219167311332_20260802,,,,,,,,,,
天猫,中性,咨询,2026-08-02 18:48:03,烧开一壶水大概多久,小熊电器官方旗舰店,832406608200,小熊全玻璃恒温养生壶家用多功能办公室小型煮茶壶烧水壶炖煮一体,https://detail.tmall.com/item.htm?id=832406608200,3dc34b7bb6d8d5bf57ebbb15d8a91c6255eece829df02d8304152629d746f7f5_2219167311332_20260802,,,,,,,,,,
天猫,中性,咨询,2026-08-02 18:47:47,转换头需要变成3个<br>保修多久呀<br>,小熊电器官方旗舰店,829752288160,小熊迷你内衣内裤洗衣机专用洗袜子全自动小型迷你小型婴儿清洗机,https://detail.tmall.com/item.htm?id=829752288160,96ca7e6b66fc1f2a3bfc588387d9d2c0cc7a4a67621fa1c315d4048463c8871e_2209570416623_20260802,,,,,,,,,,
天猫,中性,咨询,2026-08-02 18:45:09,请问壶身今天寄了吗<br>单号能发我吗<br>您可采用如下与买家沟通协商：,小熊电器官方旗舰店,832406608200,小熊全玻璃恒温养生壶家用多功能办公室小型煮茶壶烧水壶炖煮一体,https://detail.tmall.com/item.htm?id=832406608200,c5fcabab25964f506eea48209cb65141819f9117bc0c9c14ec01be17f4fbe9f2_2219417115816_20260802,,,,,,,,,,
天猫,中性,咨询,2026-08-02 18:43:56,多少毫升<br>六个人喝<br>是不是全玻璃的,小熊电器官方旗舰店,832406608200,小熊全玻璃恒温养生壶家用多功能办公室小型煮茶壶烧水壶炖煮一体,https://detail.tmall.com/item.htm?id=832406608200,758bd51c903996dce40f0ae2a00d5388b28757733ae4fa0d90ae4b356b1833b1_2219167311332_20260802,,,,,,,,,,
天猫,中性,咨询,2026-08-02 18:41:02,你们发邮政快递啊？<br>那要几天才会到哇<br>我急着用 结果一天了快递还没走出省,小熊电器官方旗舰店,953780186914,小熊桶装水电动抽水器吸水器压水器自吸全自动抽水神器水泵上水器,https://detail.tmall.com/item.htm?id=953780186914,33f4827773b0291c7363ff99622f605a23157ac44c24ece5419db3e568583f3f_2209671807142_20260802,,,,,,,,,,
天猫,中性,咨询,2026-08-02 18:39:43,你好 我记得这个订单晒图评价后返十元猫超卡吧<br>那是返二十元猫超卡么<br>等下我晒图评价<br>还有这款电饭锅在使用快煮饭功能可以随时打开锅盖么<br>知道在煮饭中的<br>可以随时打开锅盖吧<br>,小熊电器官方旗舰店,652993501043,小熊电饭煲家用3到4人小型智能电饭锅陶瓷油内胆不粘微压快煮饭,https://detail.tmall.com/item.htm?id=652993501043,7c142c6b4d8dc3881dee2697de7cfb7d9ff004c1f31033fb22bf0a9485ba665f_2208914208902_20260802,,,,,,,,,,
天猫,中性,咨询,2026-08-02 18:39:43,你好 我记得这个订单晒图评价后返十元猫超卡吧<br>那是返二十元猫超卡么<br>等下我晒图评价<br>还有这款电饭锅在使用快煮饭功能可以随时打开锅盖么<br>知道在煮饭中的<br>可以随时打开锅盖吧<br>,小熊电器官方旗舰店,652993501043,小熊电饭煲家用3到4人小型智能电饭锅陶瓷油内胆不粘微压快煮饭,https://detail.tmall.com/item.htm?id=652993501043,7c142c6b4d8dc3881dee2697de7cfb7d9ff004c1f31033fb22bf0a9485ba665f_2208914208902_20260802,,,,,,,,,,
天猫,正向,咨询,2026-08-02 18:37:59,这个电饭煲煮了两次 每一次都好多饭焦<br>一个浪费米饭 一个吃着牙疼<br>米饭都很湿<br>饭焦还是有<br>不是缺水的问题<br>不是水少<br>米饭都湿答答了<br>用的是快速煮<br>就是按照刻度来放米水的<br>跟模式有关吗<br>行 明天试试,小熊电器官方旗舰店,652993501043,小熊电饭煲家用3到4人小型智能电饭锅陶瓷油内胆不粘微压快煮饭,https://detail.tmall.com/item.htm?id=652993501043,cd00379145f33cd2d7a5f63bff60fdf6dae6658648ba89931fa913901007f0bd_2221680438289_20260802,,,,,,,,,,
天猫,中性,咨询,2026-08-02 18:32:13,我想知道这个电饭煲的功率<br>多大<br>,小熊电器官方旗舰店,652993501043,小熊电饭煲家用3到4人小型智能电饭锅陶瓷油内胆不粘微压快煮饭,https://detail.tmall.com/item.htm?id=652993501043,eb30eb89885dc9071f7fdd1fff492f96907e25b8ef70e544596891ad9a4abe66_2209498356642_20260802,,,,,,,,,,
天猫,中性,咨询,2026-08-02 18:30:13,突然想起来<br>还没退运费<br>,小熊电器官方旗舰店,652993501043,小熊电饭煲家用3到4人小型智能电饭锅陶瓷油内胆不粘微压快煮饭,https://detail.tmall.com/item.htm?id=652993501043,795a366589b6df281394702ff0bb27f9c39c2616ffe4f0bf88ca35fbfb86f881_2209498356642_20260802,,,,,,,,,,
天猫,正向,咨询,2026-08-02 18:30:06,没有自助保修啊<br>请做好用户接待，及时解决问题，2分系统会发送买家评价卡片。,小熊电器官方旗舰店,829752288160,小熊迷你内衣内裤洗衣机专用洗袜子全自动小型迷你小型婴儿清洗机,https://detail.tmall.com/item.htm?id=829752288160,ec6581f9fdb1c770ec4eed3dd8571468a0ecfc8f6c4e05df62178f9d0b65ca9a_2209570416623_20260802,,,,,,,,,,
天猫,正向,咨询,2026-08-02 18:23:40,浙环，现在拍下真的明天能送到？<br>订单页面显示明天可能送到<br>那好，以前买的同款主板烧了，感觉小饭煲还是靠谱，希望质量和以前一样好<br>,小熊电器官方旗舰店,652993501043,小熊电饭煲家用3到4人小型智能电饭锅陶瓷油内胆不粘微压快煮饭,https://detail.tmall.com/item.htm?id=652993501043,226267f63356e8c19a7830861fd6f64916d02e06fad8655a5a2c7d521baa5f96_2209498356642_20260802,,,,,,,,,,
天猫,中性,咨询,2026-08-02 18:16:31,你好，这个加水后可以完成整套西内衣的流<br>只用加一次水?<br>这个上下水是怎么安装的，有没有机器接管子的整体照片,小熊电器官方旗舰店,829752288160,小熊迷你内衣内裤洗衣机专用洗袜子全自动小型迷你小型婴儿清洗机,https://detail.tmall.com/item.htm?id=829752288160,64f4014a56db9095a5575d5b41871ea27c74cee1f6d52401c83b41b4d3fb13fa_2209570416623_20260802,,,,,,,,,,
天猫,中性,咨询,2026-08-02 18:15:55,請問全玻璃養生壺， 1.5lit座可以配不同size的玻璃壺嗎？,小熊电器官方旗舰店,832406608200,小熊全玻璃恒温养生壶家用多功能办公室小型煮茶壶烧水壶炖煮一体,https://detail.tmall.com/item.htm?id=832406608200,59d235e17b7dc15cf5665f75d0bcb500dcfc61d2dc5c8b31a15dab0f40c5506b_2209638517281_20260802,,,,,,,,,,
天猫,中性,咨询,2026-08-02 18:15:55,請問全玻璃養生壺， 1.5lit座可以配不同size的玻璃壺嗎？,小熊电器官方旗舰店,832406608200,小熊全玻璃恒温养生壶家用多功能办公室小型煮茶壶烧水壶炖煮一体,https://detail.tmall.com/item.htm?id=832406608200,59d235e17b7dc15cf5665f75d0bcb500dcfc61d2dc5c8b31a15dab0f40c5506b_2209638517281_20260802,,,,,,,,,,
天猫,中性,咨询,2026-08-02 18:11:28,保质期多久,小熊电器官方旗舰店,832406608200,小熊全玻璃恒温养生壶家用多功能办公室小型煮茶壶烧水壶炖煮一体,https://detail.tmall.com/item.htm?id=832406608200,c9e846df1f526a06f1e0683130d963314092b5bfab738037516c69affa7e4ec7_2219167311332_20260802,,,,,,,,,,
天猫,中性,咨询,2026-08-02 18:11:28,保质期多久,小熊电器官方旗舰店,832406608200,小熊全玻璃恒温养生壶家用多功能办公室小型煮茶壶烧水壶炖煮一体,https://detail.tmall.com/item.htm?id=832406608200,c9e846df1f526a06f1e0683130d963314092b5bfab738037516c69affa7e4ec7_2219167311332_20260802,,,,,,,,,,
天猫,中性,咨询,2026-08-02 18:10:20,发什么快递？,小熊电器官方旗舰店,953780186914,小熊桶装水电动抽水器吸水器压水器自吸全自动抽水神器水泵上水器,https://detail.tmall.com/item.htm?id=953780186914,88bd3a6b2c56cb54b089a3cfc137eca8bd8ccfb471b04f17e80cc5f6d2347317_2215007019509_20260802,,,,,,,,,,
天猫,中性,咨询,2026-08-02 18:09:36,发热盘是什么材质的？,小熊电器官方旗舰店,832406608200,小熊全玻璃恒温养生壶家用多功能办公室小型煮茶壶烧水壶炖煮一体,https://detail.tmall.com/item.htm?id=832406608200,592f2b3adc79ea1febce1f76e71cdab1c70a3be62ebfc616ec89b59fde34215d_2219167311332_20260802,,,,,,,,,,
天猫,中性,咨询,2026-08-02 18:08:37,怎么样知道自己家能不能安装？<br>那我拍给你看下<br>那这个没有耶<br>,小熊电器官方旗舰店,829752288160,小熊迷你内衣内裤洗衣机专用洗袜子全自动小型迷你小型婴儿清洗机,https://detail.tmall.com/item.htm?id=829752288160,19f618d2ffd5aabc7837321f4c35f59f9dafc3ea9ae3124035314e8b26f6aa0c_2212796238773_20260802,,,,,,,,,,
天猫,中性,咨询,2026-08-02 18:08:17,能不能定时,小熊电器官方旗舰店,832406608200,小熊全玻璃恒温养生壶家用多功能办公室小型煮茶壶烧水壶炖煮一体,https://detail.tmall.com/item.htm?id=832406608200,c2378f33e5fba8158bd3089685f4a12b7d7c49d23cbb31939daca1e01c5d0b87_2219167311332_20260802,,,,,,,,,,
天猫,中性,咨询,2026-08-02 18:07:07,确认收货了<br>之前说的瑕疵问题<br>怎么操作看下记录吧你,小熊电器官方旗舰店,829752288160,小熊迷你内衣内裤洗衣机专用洗袜子全自动小型迷你小型婴儿清洗机,https://detail.tmall.com/item.htm?id=829752288160,bf922dd7aac20334d9072ede81673bcae6795a355483d43ce91b242d34b7d8c4_2212796238773_20260802,,,,,,,,,,
天猫,中性,咨询,2026-08-02 18:01:05,内胆白色和黑色是区别呀<br>图片看一下<br>这是老款是吗<br>有些店还在卖 是你们的官吗 也是小熊 头像也一样,小熊电器官方旗舰店,652993501043,小熊电饭煲家用3到4人小型智能电饭锅陶瓷油内胆不粘微压快煮饭,https://detail.tmall.com/item.htm?id=652993501043,43f0f6105ce8f38ca6b0f8229ca9eb5391704ecb0e0f95b5633d18dac420d17b_2209498356642_20260802,,,,,,,,,,
天猫,中性,咨询,2026-08-02 17:58:53,你好，一个桶可以同时洗几双袜子？<br>这一款呢<br>你好，这个的尺寸是多少,小熊电器官方旗舰店,829752288160,小熊迷你内衣内裤洗衣机专用洗袜子全自动小型迷你小型婴儿清洗机,https://detail.tmall.com/item.htm?id=829752288160,d6102d37cdcc79c5f4e9e1dfa4a7e6528206e255c6bb0cb192328a0fe5e3fe6b_2212796238773_20260802,,,,,,,,,,
天猫,中性,咨询,2026-08-02 17:58:49,这个能煮茶吗<br>滤网是干啥的,小熊电器官方旗舰店,832406608200,小熊全玻璃恒温养生壶家用多功能办公室小型煮茶壶烧水壶炖煮一体,https://detail.tmall.com/item.htm?id=832406608200,c9e846df1f526a06f1e0683130d963314092b5bfab738037516c69affa7e4ec7_2222430908987_20260802,,,,,,,,,,
天猫,中性,咨询,2026-08-02 17:58:49,这个能煮茶吗<br>滤网是干啥的,小熊电器官方旗舰店,832406608200,小熊全玻璃恒温养生壶家用多功能办公室小型煮茶壶烧水壶炖煮一体,https://detail.tmall.com/item.htm?id=832406608200,c9e846df1f526a06f1e0683130d963314092b5bfab738037516c69affa7e4ec7_2222430908987_20260802,,,,,,,,,,
天猫,负向,咨询,2026-08-02 17:57:57,不好使<br>？<br>刚充满的<br>摁着都不亮啊,小熊电器官方旗舰店,953780186914,小熊桶装水电动抽水器吸水器压水器自吸全自动抽水神器水泵上水器,https://detail.tmall.com/item.htm?id=953780186914,fb816702c4d13e906fbf46efd1b415d9ef17ea29b01849bda58b269eed49886a_2212455992463_20260802,,,,,,,,,,
天猫,负向,咨询,2026-08-02 17:57:57,不好使<br>？<br>刚充满的<br>摁着都不亮啊,小熊电器官方旗舰店,953780186914,小熊桶装水电动抽水器吸水器压水器自吸全自动抽水神器水泵上水器,https://detail.tmall.com/item.htm?id=953780186914,fb816702c4d13e906fbf46efd1b415d9ef17ea29b01849bda58b269eed49886a_2212455992463_20260802,,,,,,,,,,
天猫,中性,咨询,2026-08-02 17:57:12,如装<br>这是我现在的洗衣机<br>如果购买这个小熊 能一起用吗<br>,小熊电器官方旗舰店,829752288160,小熊迷你内衣内裤洗衣机专用洗袜子全自动小型迷你小型婴儿清洗机,https://detail.tmall.com/item.htm?id=829752288160,eb22f6fb06d8718ef48cd30c005cee1eed4b2c09ed9cdd2f64cc0411d7b8252c_2212796238773_20260802,,,,,,,,,,
天猫,中性,咨询,2026-08-02 17:54:16,你好 我问一下 电饭煲上还没煮好饭跳e3 是什么意思,小熊电器官方旗舰店,652993501043,小熊电饭煲家用3到4人小型智能电饭锅陶瓷油内胆不粘微压快煮饭,https://detail.tmall.com/item.htm?id=652993501043,3d150374951b68c68a4795feded17351ecc61e4cfca8095c37ed5bf0d13724af_2219418595974_20260802,,,,,,,,,,
天猫,正向,咨询,2026-08-02 17:54:16,你好 我问一下 电饭煲上还没煮好饭跳e3 是什么意思,小熊电器官方旗舰店,652993501043,小熊电饭煲家用3到4人小型智能电饭锅陶瓷油内胆不粘微压快煮饭,https://detail.tmall.com/item.htm?id=652993501043,3d150374951b68c68a4795feded17351ecc61e4cfca8095c37ed5bf0d13724af_2219418595974_20260802,,,,,,,,,,
天猫,中性,咨询,2026-08-02 17:54:04,啥时候给我发货<br>售后,小熊电器官方旗舰店,832406608200,小熊全玻璃恒温养生壶家用多功能办公室小型煮茶壶烧水壶炖煮一体,https://detail.tmall.com/item.htm?id=832406608200,524e67364eed3f0cb5cd9e2c423347e48d29f4590f6e6bc8340d15faae4a85ec_2214916672660_20260802,,,,,,,,,,
天猫,中性,咨询,2026-08-02 17:51:19,你好 可以推荐一下养生壶莫 想功能多一点 然后容量不需要太大 一个人够用就行,小熊电器官方旗舰店,832406608200,小熊全玻璃恒温养生壶家用多功能办公室小型煮茶壶烧水壶炖煮一体,https://detail.tmall.com/item.htm?id=832406608200,9b33f0a571d3e9df418487e700c495e633475db22a887b0665b3b1b8cbbbb4c1_3990073528_20260802,,,,,,,,,,
天猫,中性,咨询,2026-08-02 17:45:08,你们有没有这个胶圈配件卖？<br>这个胶圈被老鼠咬烂了<br>哪个小器配件店<br>你推荐一下<br>,小熊电器官方旗舰店,652993501043,小熊电饭煲家用3到4人小型智能电饭锅陶瓷油内胆不粘微压快煮饭,https://detail.tmall.com/item.htm?id=652993501043,bbe90b54e8bebed57ef96ea8a7588e8f19c98bbbc00ba32bc1c4df918dfdff66_2222357265163_20260802,,,,,,,,,,
天猫,中性,咨询,2026-08-02 17:45:08,你们有没有这个胶圈配件卖？<br>这个胶圈被老鼠咬烂了<br>哪个小器配件店<br>你推荐一下<br>,小熊电器官方旗舰店,652993501043,小熊电饭煲家用3到4人小型智能电饭锅陶瓷油内胆不粘微压快煮饭,https://detail.tmall.com/item.htm?id=652993501043,bbe90b54e8bebed57ef96ea8a7588e8f19c98bbbc00ba32bc1c4df918dfdff66_2222357265163_20260802,,,,,,,,,,
天猫,中性,咨询,2026-08-02 17:41:01,这个充一次电能用多久<br>怎么以这个价格买<br>我加入结算不是这个价是<br>,小熊电器官方旗舰店,953780186914,小熊桶装水电动抽水器吸水器压水器自吸全自动抽水神器水泵上水器,https://detail.tmall.com/item.htm?id=953780186914,a5e82631ec2adac62d4d153258812643b3feba6ff30e4ea584e986cfd899c132_2221749211942_20260802,,,,,,,,,,
天猫,中性,咨询,2026-08-02 17:40:39,呵呵，娃哈哈的5.5升装的水匹配吗？<br>有没有安装视频？我怎么装不上？<br>只能放置在上面，没有办法安装牢固吗？,小熊电器官方旗舰店,953780186914,小熊桶装水电动抽水器吸水器压水器自吸全自动抽水神器水泵上水器,https://detail.tmall.com/item.htm?id=953780186914,42f5876f96ef9f730f382dbd92ff50167bfe100296d9b79a82775a0715e310d3_2219484290050_20260802,,,,,,,,,,
天猫,中性,咨询,2026-08-02 17:39:57,购买的电饭煲出现E3故障代码？,小熊电器官方旗舰店,652993501043,小熊电饭煲家用3到4人小型智能电饭锅陶瓷油内胆不粘微压快煮饭,https://detail.tmall.com/item.htm?id=652993501043,ec32bb3affec3db398f8f35ba33c54fe6bf2826d3868b9a0b04dcb313da6477f_2215202023835_20260802,,,,,,,,,,
天猫,中性,咨询,2026-08-02 17:37:58,那个安装师天打电话<br>？<br>我想明天安装,小熊电器官方旗舰店,829752288160,小熊迷你内衣内裤洗衣机专用洗袜子全自动小型迷你小型婴儿清洗机,https://detail.tmall.com/item.htm?id=829752288160,26528ec3ed031807982c21f38b27618d0ab847ff5e27c5ee2ea59cecd2e6f318_2212775027940_20260802,,,,,,,,,,
天猫,中性,咨询,2026-08-02 17:36:04,能烧到100度吗<br>这玻璃是什么材质<br>这是老家地址，能不能改<br>我现在不在老家,小熊电器官方旗舰店,832406608200,小熊全玻璃恒温养生壶家用多功能办公室小型煮茶壶烧水壶炖煮一体,https://detail.tmall.com/item.htm?id=832406608200,e50f705c5109211128c7f2a7535a5fcc1667f6b43e1f0691de4efa77f9e77b1e_2222430908987_20260802,,,,,,,,,,
天猫,正向,咨询,2026-08-02 17:33:31,这个保置45度，反而越来越高，往上升呢？<br>这个保置45度，反而越来越高，往上升呢？<br>你看到视频最后，他是往上升空间的<br>你看到视频最后，他是往上升的<br>我特意等了五分钟，都没有往下降<br>设置的是45度<br>现在停留在56度不动<br>设置45度，当前显示55度，我过十几分一下会不会降<br>右边旧款还是好用，烧水快，降快<br>就是手柄塑料的裂了<br>,小熊电器官方旗舰店,832406608200,小熊全玻璃恒温养生壶家用多功能办公室小型煮茶壶烧水壶炖煮一体,https://detail.tmall.com/item.htm?id=832406608200,810ce9ae459e2f25925dc59aed037299de52e6aeb22b0b160420ddd9cf1c7abd_2214916672660_20260802,,,,,,,,,,
天猫,正向,咨询,2026-08-02 17:33:31,这个保置45度，反而越来越高，往上升呢？<br>这个保置45度，反而越来越高，往上升呢？<br>你看到视频最后，他是往上升空间的<br>你看到视频最后，他是往上升的<br>我特意等了五分钟，都没有往下降<br>设置的是45度<br>现在停留在56度不动<br>设置45度，当前显示55度，我过十几分一下会不会降<br>右边旧款还是好用，烧水快，降快<br>就是手柄塑料的裂了<br>,小熊电器官方旗舰店,832406608200,小熊全玻璃恒温养生壶家用多功能办公室小型煮茶壶烧水壶炖煮一体,https://detail.tmall.com/item.htm?id=832406608200,810ce9ae459e2f25925dc59aed037299de52e6aeb22b0b160420ddd9cf1c7abd_2214916672660_20260802,,,,,,,,,,
天猫,中性,咨询,2026-08-02 17:33:28,这个预约定时两小时，是两小时后煮好，还是两小时后开始煮,小熊电器官方旗舰店,652993501043,小熊电饭煲家用3到4人小型智能电饭锅陶瓷油内胆不粘微压快煮饭,https://detail.tmall.com/item.htm?id=652993501043,08629d302760e209617f3c8059904988d0810ed85283d73ff14eea1f9e44a811_2207802122733_20260802,,,,,,,,,,
天猫,正向,咨询,2026-08-02 17:33:28,这个预约定时两小时，是两小时后煮好，还是两小时后开始煮,小熊电器官方旗舰店,652993501043,小熊电饭煲家用3到4人小型智能电饭锅陶瓷油内胆不粘微压快煮饭,https://detail.tmall.com/item.htm?id=652993501043,08629d302760e209617f3c8059904988d0810ed85283d73ff14eea1f9e44a811_2207802122733_20260802,,,,,,,,,,
天猫,负向,咨询,2026-08-02 17:32:48,寄过来的水壶还是坏的<br>请做好用户接待，及时解决问题，2分系统会发送买家评价卡片。<br>54度，已经烧了好几分<br>一直在沸腾,小熊电器官方旗舰店,832406608200,小熊全玻璃恒温养生壶家用多功能办公室小型煮茶壶烧水壶炖煮一体,https://detail.tmall.com/item.htm?id=832406608200,41cc7e87ec49bd8d148cec19d64b5c89bf9fdec66997c7329a94679e8d6541fd_3990073528_20260802,,,,,,,,,,
天猫,正向,咨询,2026-08-02 17:32:48,寄过来的水壶还是坏的<br>请做好用户接待，及时解决问题，2分系统会发送买家评价卡片。<br>54度，已经烧了好几分<br>一直在沸腾,小熊电器官方旗舰店,832406608200,小熊全玻璃恒温养生壶家用多功能办公室小型煮茶壶烧水壶炖煮一体,https://detail.tmall.com/item.htm?id=832406608200,41cc7e87ec49bd8d148cec19d64b5c89bf9fdec66997c7329a94679e8d6541fd_3990073528_20260802,,,,,,,,,,
天猫,中性,咨询,2026-08-02 17:28:52,柴火饭要多久<br>煲仔饭是不是好吃些,小熊电器官方旗舰店,652993501043,小熊电饭煲家用3到4人小型智能电饭锅陶瓷油内胆不粘微压快煮饭,https://detail.tmall.com/item.htm?id=652993501043,c8ae07bd0d79667bf6b9853625c7cb503e2a4781c2cbffacf62083cb30e615c8_2207802122733_20260802,,,,,,,,,,
天猫,中性,咨询,2026-08-02 17:28:52,柴火饭要多久<br>煲仔饭是不是好吃些,小熊电器官方旗舰店,652993501043,小熊电饭煲家用3到4人小型智能电饭锅陶瓷油内胆不粘微压快煮饭,https://detail.tmall.com/item.htm?id=652993501043,c8ae07bd0d79667bf6b9853625c7cb503e2a4781c2cbffacf62083cb30e615c8_2207802122733_20260802,,,,,,,,,,
天猫,负向,咨询,2026-08-02 17:25:05,洗衣机总是漏水<br>不知道哪里漏水<br>一用就漏水<br>排水口<br>中间这里漏水<br>,小熊电器官方旗舰店,829752288160,小熊迷你内衣内裤洗衣机专用洗袜子全自动小型迷你小型婴儿清洗机,https://detail.tmall.com/item.htm?id=829752288160,f24748f7719fdfb13384d599dccbb45421c3f5a30c0b8f1af939d336246b707e_2212775027940_20260802,,,,,,,,,,
天猫,中性,咨询,2026-08-02 17:24:25,你好，今天发货吗,小熊电器官方旗舰店,832406608200,小熊全玻璃恒温养生壶家用多功能办公室小型煮茶壶烧水壶炖煮一体,https://detail.tmall.com/item.htm?id=832406608200,bdb2386da63c532771a2c7b6d9a359f7dcfb7c34b6a3bb1e08968fc15b9ba96a_3990073528_20260802,,,,,,,,,,
天猫,中性,咨询,2026-08-02 17:16:23,这个要煮多久<br>基本养生茶就30分,小熊电器官方旗舰店,832406608200,小熊全玻璃恒温养生壶家用多功能办公室小型煮茶壶烧水壶炖煮一体,https://detail.tmall.com/item.htm?id=832406608200,3466e3c62dbbc5c990152c632fd789ca6b40ca856fb0f3230a8c047b25edf854_2219417355482_20260802,,,,,,,,,,
天猫,中性,咨询,2026-08-02 17:15:46,给一个安装视频,小熊电器官方旗舰店,829752288160,小熊迷你内衣内裤洗衣机专用洗袜子全自动小型迷你小型婴儿清洗机,https://detail.tmall.com/item.htm?id=829752288160,4e80730a40f0d90f61e8a6e83232c36a1f2b6a9a45e38773e581ff84a414f3d3_2212796238773_20260802,,,,,,,,,,
天猫,中性,咨询,2026-08-02 17:11:06,实用教程,小熊电器官方旗舰店,953780186914,小熊桶装水电动抽水器吸水器压水器自吸全自动抽水神器水泵上水器,https://detail.tmall.com/item.htm?id=953780186914,38784fadd62f92c621ec9c2a7276e3ccc94cba37532e648d7c6e8ed7bdc5ae97_2212455992463_20260802,,,,,,,,,,
天猫,中性,咨询,2026-08-02 17:10:53,这个声音这么大的吗,小熊电器官方旗舰店,953780186914,小熊桶装水电动抽水器吸水器压水器自吸全自动抽水神器水泵上水器,https://detail.tmall.com/item.htm?id=953780186914,f01861cd487960b0d5e7d49d0e4d98592a386c1fbbc3688d2100396327ee8497_2222430908987_20260802,,,,,,,,,,
天猫,中性,咨询,2026-08-02 17:05:25,以后别发圆通，我不收圆通，时效性太差,小熊电器官方旗舰店,832406608200,小熊全玻璃恒温养生壶家用多功能办公室小型煮茶壶烧水壶炖煮一体,https://detail.tmall.com/item.htm?id=832406608200,d17aeb30fdd77782bcdd4f719bb9199f0f8e2f9493bfd9e1ec8cebd85a3e590c_3990073528_20260802,,,,,,,,,,
天猫,负向,咨询,2026-08-02 17:05:25,以后别发圆通，我不收圆通，时效性太差,小熊电器官方旗舰店,832406608200,小熊全玻璃恒温养生壶家用多功能办公室小型煮茶壶烧水壶炖煮一体,https://detail.tmall.com/item.htm?id=832406608200,d17aeb30fdd77782bcdd4f719bb9199f0f8e2f9493bfd9e1ec8cebd85a3e590c_3990073528_20260802,,,,,,,,,,
天猫,中性,咨询,2026-08-02 17:04:43,你好，这个可以煮银耳汤吗,小熊电器官方旗舰店,832406608200,小熊全玻璃恒温养生壶家用多功能办公室小型煮茶壶烧水壶炖煮一体,https://detail.tmall.com/item.htm?id=832406608200,1429ffe13eeff95d702de10b05bf574d7c8447f15e6d86b211ee3802ee498116_3990073528_20260802,,,,,,,,,,
天猫,中性,咨询,2026-08-02 16:44:20,这个可以和共用一个水龙头吗<br>和洗脸面盆共用一个可以吗,小熊电器官方旗舰店,829752288160,小熊迷你内衣内裤洗衣机专用洗袜子全自动小型迷你小型婴儿清洗机,https://detail.tmall.com/item.htm?id=829752288160,52b3a6f8c195dbfc04095699d73c32a9ba2dd5da12e703cf5c4eaff63003ed17_2212775027940_20260802,,,,,,,,,,
天猫,正向,咨询,2026-08-02 16:43:15,是五星带图好评？？,小熊电器官方旗舰店,832406608200,小熊全玻璃恒温养生壶家用多功能办公室小型煮茶壶烧水壶炖煮一体,https://detail.tmall.com/item.htm?id=832406608200,12e17f9b3d3500e616bb84038fc660de014aeb271c93dc4b8c28828561811273_2219417355482_20260802,,,,,,,,,,
天猫,中性,咨询,2026-08-02 16:43:14,这款有吗<br>质保是多久<br>,小熊电器官方旗舰店,652993501043,小熊电饭煲家用3到4人小型智能电饭锅陶瓷油内胆不粘微压快煮饭,https://detail.tmall.com/item.htm?id=652993501043,d4e0a1e1339eba3912808c8f42a434f02e923b8e93d434d7e64671ee7e62c941_2222357265163_20260802,,,,,,,,,,
天猫,中性,咨询,2026-08-02 16:43:14,这款有吗<br>质保是多久<br>,小熊电器官方旗舰店,652993501043,小熊电饭煲家用3到4人小型智能电饭锅陶瓷油内胆不粘微压快煮饭,https://detail.tmall.com/item.htm?id=652993501043,d4e0a1e1339eba3912808c8f42a434f02e923b8e93d434d7e64671ee7e62c941_2222357265163_20260802,,,,,,,,,,
天猫,中性,咨询,2026-08-02 16:41:52,这个跟不锈钢内胆重量相差多少<br>同样容量的是不是油的最轻<br>请把油的1.6的重量那些发一下<br>怎么的比不锈钢的整理重量重<br>你这是答非所问啊,小熊电器官方旗舰店,652993501043,小熊电饭煲家用3到4人小型智能电饭锅陶瓷油内胆不粘微压快煮饭,https://detail.tmall.com/item.htm?id=652993501043,c55b41fd65bfb3e6fd8ebbbfec111cf274c7425bde6437be188dc20b16c9abd3_2219418595974_20260802,,,,,,,,,,
天猫,中性,咨询,2026-08-02 16:41:52,这个跟不锈钢内胆重量相差多少<br>同样容量的是不是油的最轻<br>请把油的1.6的重量那些发一下<br>怎么的比不锈钢的整理重量重<br>你这是答非所问啊,小熊电器官方旗舰店,652993501043,小熊电饭煲家用3到4人小型智能电饭锅陶瓷油内胆不粘微压快煮饭,https://detail.tmall.com/item.htm?id=652993501043,c55b41fd65bfb3e6fd8ebbbfec111cf274c7425bde6437be188dc20b16c9abd3_2219418595974_20260802,,,,,,,,,,
天猫,中性,咨询,2026-08-02 16:41:52,这个跟不锈钢内胆重量相差多少<br>同样容量的是不是油的最轻<br>请把油的1.6的重量那些发一下<br>怎么的比不锈钢的整理重量重<br>你这是答非所问啊,小熊电器官方旗舰店,652993501043,小熊电饭煲家用3到4人小型智能电饭锅陶瓷油内胆不粘微压快煮饭,https://detail.tmall.com/item.htm?id=652993501043,c55b41fd65bfb3e6fd8ebbbfec111cf274c7425bde6437be188dc20b16c9abd3_2219418595974_20260802,,,,,,,,,,
天猫,中性,咨询,2026-08-02 16:41:52,不好意思，我发现我这边安装不上，可能需要退货，还能把快递拦截不<br>平台识别到当前场景适合物流客服服务，已向消费者发送邀请，若消费者同意，平台将接入物流客服和您一起服务消费者<br>售后订单咨询,小熊电器官方旗舰店,829752288160,小熊迷你内衣内裤洗衣机专用洗袜子全自动小型迷你小型婴儿清洗机,https://detail.tmall.com/item.htm?id=829752288160,af55de6f1c72b05e6b548747258a927be6bf97da04492ed7b340df2fbcda226d_2212775027940_20260802,,,,,,,,,,
天猫,中性,咨询,2026-08-02 16:35:36,请问洗衣机显示E0是什么意思<br>,小熊电器官方旗舰店,829752288160,小熊迷你内衣内裤洗衣机专用洗袜子全自动小型迷你小型婴儿清洗机,https://detail.tmall.com/item.htm?id=829752288160,29148df0834f4fb84fa67c1cbae817bad572f88da1e1d1811ca1f18cd87dc044_2212775027940_20260802,,,,,,,,,,
天猫,中性,咨询,2026-08-02 16:34:03,你好，请问这款配滤网，那个滤网是不是随时可以拿掉，不用滤网也能煮<br>哦，就是拿掉也可以煮茶<br>1.5升的怎么没有长壶嘴,小熊电器官方旗舰店,832406608200,小熊全玻璃恒温养生壶家用多功能办公室小型煮茶壶烧水壶炖煮一体,https://detail.tmall.com/item.htm?id=832406608200,63e9631588775bf818641c98e1ce560b21a48d188db0e991526066ed73ee2126_3990073528_20260802,,,,,,,,,,
天猫,负向,咨询,2026-08-02 16:24:34,这个是需要压强的么<br>就是它需要和水桶口密封住么<br>直接放在上面可以出水么<br>我刚试了下好像不行<br>拧下瓶盖不能用的原因是<br>漏气么<br>？,小熊电器官方旗舰店,953780186914,小熊桶装水电动抽水器吸水器压水器自吸全自动抽水神器水泵上水器,https://detail.tmall.com/item.htm?id=953780186914,f0ee4928eb09655b7ef8deb28ff6a5c1c058b23b43877f407d9b3366a9d3d4ec_2212455992463_20260802,,,,,,,,,,
天猫,中性,咨询,2026-08-02 16:24:15,小熊IH珐琅铁釜 DFB-Q30G5<br>这个还有在售吗,小熊电器官方旗舰店,652993501043,小熊电饭煲家用3到4人小型智能电饭锅陶瓷油内胆不粘微压快煮饭,https://detail.tmall.com/item.htm?id=652993501043,a309bdeb7ce31c4266e803418bc711cee82fcff90408ba39ce19aa896577f035_2222357265163_20260802,,,,,,,,,,
天猫,中性,咨询,2026-08-02 16:22:33,尺寸,小熊电器官方旗舰店,829752288160,小熊迷你内衣内裤洗衣机专用洗袜子全自动小型迷你小型婴儿清洗机,https://detail.tmall.com/item.htm?id=829752288160,48a6eca271ec412257fa25c567cd6591fd1480346dccc0023094f48518933af9_2212775027940_20260802,,,,,,,,,,
天猫,负向,咨询,2026-08-02 16:20:55,你这个充电都充不进去<br>用一次就没用了,小熊电器官方旗舰店,953780186914,小熊桶装水电动抽水器吸水器压水器自吸全自动抽水神器水泵上水器,https://detail.tmall.com/item.htm?id=953780186914,8fe41f66e21e1dbb37d8582b5393d62813f41fbd6017756c5378f1589c412dcc_2212455992463_20260802,,,,,,,,,,
天猫,中性,咨询,2026-08-02 16:20:55,你这个充电都充不进去<br>用一次就没用了,小熊电器官方旗舰店,953780186914,小熊桶装水电动抽水器吸水器压水器自吸全自动抽水神器水泵上水器,https://detail.tmall.com/item.htm?id=953780186914,8fe41f66e21e1dbb37d8582b5393d62813f41fbd6017756c5378f1589c412dcc_2212455992463_20260802,,,,,,,,,,
天猫,中性,咨询,2026-08-02 16:18:46,能煮泡面吗,小熊电器官方旗舰店,832406608200,小熊全玻璃恒温养生壶家用多功能办公室小型煮茶壶烧水壶炖煮一体,https://detail.tmall.com/item.htm?id=832406608200,cbdd6b99ffebd64558bd4de24b563cca2810492c80115f196f7b8ea6054b8940_2222430908987_20260802,,,,,,,,,,
天猫,中性,咨询,2026-08-02 16:15:20,这款硅胶软管在哪里补买啊<br>家里人不小心剪短了<br>现在长度不够用了<br>好滴,小熊电器官方旗舰店,953780186914,小熊桶装水电动抽水器吸水器压水器自吸全自动抽水神器水泵上水器,https://detail.tmall.com/item.htm?id=953780186914,701f80b1eede5f3f41fdc5f906d96fc07b789c0369c0e0075dbf5cdb85d06614_2219484290050_20260802,,,,,,,,,,
天猫,负向,咨询,2026-08-02 16:15:08,快递没收到<br>消费者有复杂售后问题，已停止辅助接待<br>是一个怎么样子的盒子,小熊电器官方旗舰店,953780186914,小熊桶装水电动抽水器吸水器压水器自吸全自动抽水神器水泵上水器,https://detail.tmall.com/item.htm?id=953780186914,6daf9377499bf1bdeab6ffc75350d0c8a217dc1d0d065186077e351c8df2b5ef_2212455992463_20260802,,,,,,,,,,
天猫,中性,咨询,2026-08-02 16:10:52,上门安装吗,小熊电器官方旗舰店,829752288160,小熊迷你内衣内裤洗衣机专用洗袜子全自动小型迷你小型婴儿清洗机,https://detail.tmall.com/item.htm?id=829752288160,22060e512574f5aede291e9a73091d588783ece38bd5eb28dc30d56210802497_2212775027940_20260802,,,,,,,,,,
天猫,中性,咨询,2026-08-02 16:10:32,请问包安装嘛？,小熊电器官方旗舰店,829752288160,小熊迷你内衣内裤洗衣机专用洗袜子全自动小型迷你小型婴儿清洗机,https://detail.tmall.com/item.htm?id=829752288160,c2ffb906cdb00c1dd29b3ef6c4761aed02b4d2661e510385bd62d5248aae2fd5_2212775027940_20260802,,,,,,,,,,
天猫,中性,咨询,2026-08-02 16:06:47,收到了吧？什么时候发货给我,小熊电器官方旗舰店,832406608200,小熊全玻璃恒温养生壶家用多功能办公室小型煮茶壶烧水壶炖煮一体,https://detail.tmall.com/item.htm?id=832406608200,1832a171879ddaddfd74c203adfd6de75a496be76c0b1f17b2210644dcadbe23_2222430908987_20260802,,,,,,,,,,
天猫,中性,咨询,2026-08-02 16:03:34,你好这个可以开发票吗<br>公司普票<br>这个国补的可以开吗,小熊电器官方旗舰店,652993501043,小熊电饭煲家用3到4人小型智能电饭锅陶瓷油内胆不粘微压快煮饭,https://detail.tmall.com/item.htm?id=652993501043,f5c947b24c3bec12b8e021557c40f0a4630861c4ea9d7ec89f647fce880882b6_2215202023835_20260802,,,,,,,,,,
天猫,中性,咨询,2026-08-02 16:01:29,你好，洗衣机下水管怎么拆下来,小熊电器官方旗舰店,829752288160,小熊迷你内衣内裤洗衣机专用洗袜子全自动小型迷你小型婴儿清洗机,https://detail.tmall.com/item.htm?id=829752288160,13bf81a1b3794c0810b53c01da255cbac20f4121e18c567f88a451bd617e1e15_2217558974735_20260802,,,,,,,,,,
天猫,中性,咨询,2026-08-02 15:58:33,这个会同意摔碎吗<br>容易<br>会有更大一点的吗？<br>滤网有什么用呢,小熊电器官方旗舰店,832406608200,小熊全玻璃恒温养生壶家用多功能办公室小型煮茶壶烧水壶炖煮一体,https://detail.tmall.com/item.htm?id=832406608200,cbdd6b99ffebd64558bd4de24b563cca2810492c80115f196f7b8ea6054b8940_3990073528_20260802,,,,,,,,,,
天猫,中性,咨询,2026-08-02 15:54:10,拍错了，只要1L的,小熊电器官方旗舰店,832406608200,小熊全玻璃恒温养生壶家用多功能办公室小型煮茶壶烧水壶炖煮一体,https://detail.tmall.com/item.htm?id=832406608200,58c596994a6aea0dd78e5698133749b5ea89abc64e9fe0f6f5aeef7344d2e46e_3990073528_20260802,,,,,,,,,,
天猫,中性,咨询,2026-08-02 15:50:50,请问多少升,小熊电器官方旗舰店,829752288160,小熊迷你内衣内裤洗衣机专用洗袜子全自动小型迷你小型婴儿清洗机,https://detail.tmall.com/item.htm?id=829752288160,cf87ec97466d5c8a81768e886ccf9408f72757d1872567fe76408c88207b180e_2212775027940_20260802,,,,,,,,,,
天猫,中性,咨询,2026-08-02 15:49:49,这款尺寸多少,小熊电器官方旗舰店,953780186914,小熊桶装水电动抽水器吸水器压水器自吸全自动抽水神器水泵上水器,https://detail.tmall.com/item.htm?id=953780186914,64fa907d73744e1d5614dcd39d6f1d954fdfebc64ae8ae3b65af91c2c3a1a8d2_2212455992463_20260802,,,,,,,,,,
天猫,负向,咨询,2026-08-02 15:41:58,你好，这款电饭锅是带微压的吗？<br>煮饭口感软糯吗？<br>你说的好，若煮饭口感不行，退货要证运费吗？,小熊电器官方旗舰店,652993501043,小熊电饭煲家用3到4人小型智能电饭锅陶瓷油内胆不粘微压快煮饭,https://detail.tmall.com/item.htm?id=652993501043,7c4c2176becb6fe8fdebd5ee07917bc0024e73f4b768c20a46f3ea1aa9c31360_2215202023835_20260802,,,,,,,,,,
天猫,中性,咨询,2026-08-02 15:41:58,你好，这款电饭锅是带微压的吗？<br>煮饭口感软糯吗？<br>你说的好，若煮饭口感不行，退货要证运费吗？,小熊电器官方旗舰店,652993501043,小熊电饭煲家用3到4人小型智能电饭锅陶瓷油内胆不粘微压快煮饭,https://detail.tmall.com/item.htm?id=652993501043,7c4c2176becb6fe8fdebd5ee07917bc0024e73f4b768c20a46f3ea1aa9c31360_2215202023835_20260802,,,,,,,,,,
天猫,中性,咨询,2026-08-02 15:36:19,长宽高分别是多少,小熊电器官方旗舰店,829752288160,小熊迷你内衣内裤洗衣机专用洗袜子全自动小型迷你小型婴儿清洗机,https://detail.tmall.com/item.htm?id=829752288160,4cbf38295f21a57aad9f82cee85e6b0f28a5cd59983aab0a8b24212205a8bea8_2212775027940_20260802,,,,,,,,,,
天猫,负向,咨询,2026-08-02 15:34:59,它坏了应该怎么修呢？触摸屏不灵，可用模式不能正常甩干,小熊电器官方旗舰店,829752288160,小熊迷你内衣内裤洗衣机专用洗袜子全自动小型迷你小型婴儿清洗机,https://detail.tmall.com/item.htm?id=829752288160,236fe89ae2836140b2b8e62d9e84693042803d9a1bf37f2c709d554221fb78f5_2212775027940_20260802,,,,,,,,,,
天猫,中性,咨询,2026-08-02 15:34:59,它坏了应该怎么修呢？触摸屏不灵，可用模式不能正常甩干,小熊电器官方旗舰店,829752288160,小熊迷你内衣内裤洗衣机专用洗袜子全自动小型迷你小型婴儿清洗机,https://detail.tmall.com/item.htm?id=829752288160,236fe89ae2836140b2b8e62d9e84693042803d9a1bf37f2c709d554221fb78f5_2212775027940_20260802,,,,,,,,,,
天猫,中性,咨询,2026-08-02 15:29:30,这个有优惠吗,小熊电器官方旗舰店,832406608200,小熊全玻璃恒温养生壶家用多功能办公室小型煮茶壶烧水壶炖煮一体,https://detail.tmall.com/item.htm?id=832406608200,9375c33d85797496aee7c1ddd1b2f817a2a7eaa80d01c3165962ae932c39df29_3990073528_20260802,,,,,,,,,,
天猫,中性,咨询,2026-08-02 15:27:57,尺寸多少？,小熊电器官方旗舰店,829752288160,小熊迷你内衣内裤洗衣机专用洗袜子全自动小型迷你小型婴儿清洗机,https://detail.tmall.com/item.htm?id=829752288160,105dec489d7e61b7db68be062a35930b09625008d52ada685edb45b69a2a65a3_2212775027940_20260802,,,,,,,,,,
天猫,中性,咨询,2026-08-02 15:21:30,请问有运费险吗<br>有优惠吗<br>你的优惠好像比我看到的价格更高哦,小熊电器官方旗舰店,832406608200,小熊全玻璃恒温养生壶家用多功能办公室小型煮茶壶烧水壶炖煮一体,https://detail.tmall.com/item.htm?id=832406608200,2cf952e31cf2b20c02eb879ea93a8de86e18b3893d9e3fc3388549a24989c420_3990073528_20260802,,,,,,,,,,
天猫,中性,咨询,2026-08-02 15:21:30,请问有运费险吗<br>有优惠吗<br>你的优惠好像比我看到的价格更高哦,小熊电器官方旗舰店,832406608200,小熊全玻璃恒温养生壶家用多功能办公室小型煮茶壶烧水壶炖煮一体,https://detail.tmall.com/item.htm?id=832406608200,2cf952e31cf2b20c02eb879ea93a8de86e18b3893d9e3fc3388549a24989c420_3990073528_20260802,,,,,,,,,,
天猫,正向,咨询,2026-08-02 15:20:17,好评了<br>返20元<br>,小熊电器官方旗舰店,832406608200,小熊全玻璃恒温养生壶家用多功能办公室小型煮茶壶烧水壶炖煮一体,https://detail.tmall.com/item.htm?id=832406608200,f73ff220c4c381377d0bb3bc95a891c931db0844006016166b9d25f810d4207e_2214916672660_20260802,,,,,,,,,,
天猫,中性,咨询,2026-08-02 15:17:57,您好，这个包安装嘛<br>我看下买洗烘的还是单的<br>这个里面的接水的有哪些配件呀,小熊电器官方旗舰店,829752288160,小熊迷你内衣内裤洗衣机专用洗袜子全自动小型迷你小型婴儿清洗机,https://detail.tmall.com/item.htm?id=829752288160,8fca42804413d30696f06f0d7cd1ec4310da24ba59b569c4a8827c09e71942e7_2212775027940_20260802,,,,,,,,,,
天猫,中性,咨询,2026-08-02 15:10:36,安装视频<br>口大小不合适 这个是要多大的水桶适用的,小熊电器官方旗舰店,953780186914,小熊桶装水电动抽水器吸水器压水器自吸全自动抽水神器水泵上水器,https://detail.tmall.com/item.htm?id=953780186914,a44fd20686bc59acf83109aa7c89e07405b5e9894cf0ee2236682e1c3a50cd61_2219484290050_20260802,,,,,,,,,,
天猫,中性,咨询,2026-08-02 15:10:36,安装视频<br>口大小不合适 这个是要多大的水桶适用的,小熊电器官方旗舰店,953780186914,小熊桶装水电动抽水器吸水器压水器自吸全自动抽水神器水泵上水器,https://detail.tmall.com/item.htm?id=953780186914,a44fd20686bc59acf83109aa7c89e07405b5e9894cf0ee2236682e1c3a50cd61_2219484290050_20260802,,,,,,,,,,
天猫,中性,咨询,2026-08-02 15:09:55,容量多少<br>四五个人,小熊电器官方旗舰店,832406608200,小熊全玻璃恒温养生壶家用多功能办公室小型煮茶壶烧水壶炖煮一体,https://detail.tmall.com/item.htm?id=832406608200,5b0beabe2847e7a29548862485dad089d9ff841567b0b51bc056ac43d968d955_3990073528_20260802,,,,,,,,,,
天猫,中性,咨询,2026-08-02 15:05:27,改下地址：乌道村路92号103茶室前门,小熊电器官方旗舰店,652993501043,小熊电饭煲家用3到4人小型智能电饭锅陶瓷油内胆不粘微压快煮饭,https://detail.tmall.com/item.htm?id=652993501043,3cc3da2128a22bcff6801f18916b330aebfe0e13887aa81aad64357b6065de16_2212837734466_20260802,,,,,,,,,,
天猫,中性,咨询,2026-08-02 15:05:22,有紫外线烘干吗,小熊电器官方旗舰店,829752288160,小熊迷你内衣内裤洗衣机专用洗袜子全自动小型迷你小型婴儿清洗机,https://detail.tmall.com/item.htm?id=829752288160,a21197a5bb04aeb5165e84aebac1d11f7497a27d36a36b92b3f920a29dba120b_2212775027940_20260802,,,,,,,,,,
天猫,中性,咨询,2026-08-02 15:04:28,我想咨询一下这个抽水泵能不能接那种大的热水壶,小熊电器官方旗舰店,953780186914,小熊桶装水电动抽水器吸水器压水器自吸全自动抽水神器水泵上水器,https://detail.tmall.com/item.htm?id=953780186914,439adeb2219fd39afc9d3b4d4325f134b2b167b01dcbc0686901f779f3434154_2219418595974_20260802,,,,,,,,,,
天猫,中性,咨询,2026-08-02 15:03:04,这款可以防止溢出来么,小熊电器官方旗舰店,832406608200,小熊全玻璃恒温养生壶家用多功能办公室小型煮茶壶烧水壶炖煮一体,https://detail.tmall.com/item.htm?id=832406608200,60557018177b28dcf010996884f52e50f85813859c9c34513a553f6f84bd77f9_3990073528_20260802,,,,,,,,,,
天猫,中性,咨询,2026-08-02 15:02:36,有30s1的操作视频不<br>煮杂粮饭需不需要泡,小熊电器官方旗舰店,652993501043,小熊电饭煲家用3到4人小型智能电饭锅陶瓷油内胆不粘微压快煮饭,https://detail.tmall.com/item.htm?id=652993501043,ace030d3d9538b7bc975fdb0e83673714de76dc47589c421b98f7d30089cdeda_2222156041569_20260802,,,,,,,,,,
天猫,中性,咨询,2026-08-02 15:02:25,以旧换新要怎么操作？<br>那我点以旧换新的价格便宜些<br>购机时有选项,小熊电器官方旗舰店,652993501043,小熊电饭煲家用3到4人小型智能电饭锅陶瓷油内胆不粘微压快煮饭,https://detail.tmall.com/item.htm?id=652993501043,3e27bc855de29dc41b608c2cff72fa81438e2f35745e9b35ab83d1d52a3ed6c1_2222357265163_20260802,,,,,,,,,,
天猫,中性,咨询,2026-08-02 15:02:25,以旧换新要怎么操作？<br>那我点以旧换新的价格便宜些<br>购机时有选项,小熊电器官方旗舰店,652993501043,小熊电饭煲家用3到4人小型智能电饭锅陶瓷油内胆不粘微压快煮饭,https://detail.tmall.com/item.htm?id=652993501043,3e27bc855de29dc41b608c2cff72fa81438e2f35745e9b35ab83d1d52a3ed6c1_2222357265163_20260802,,,,,,,,,,
天猫,中性,咨询,2026-08-02 15:00:08,玻璃壶嘴这边有裂缝，可以补发吗？<br>夕瑶，，北京 市 区 永定<br>,小熊电器官方旗舰店,832406608200,小熊全玻璃恒温养生壶家用多功能办公室小型煮茶壶烧水壶炖煮一体,https://detail.tmall.com/item.htm?id=832406608200,95cd9072745c76a7ca239555864a0941c3e3a05d36ee66b9bc2072302adedf45_2214916672660_20260802,,,,,,,,,,
天猫,正向,咨询,2026-08-02 14:55:50,有钛内胆不粘锅米饭？<br>有涂层不行是普通锅,小熊电器官方旗舰店,652993501043,小熊电饭煲家用3到4人小型智能电饭锅陶瓷油内胆不粘微压快煮饭,https://detail.tmall.com/item.htm?id=652993501043,79aa3fa8d09367e7d7c756eee6c71885e19fa58c257d4d7ce0e4e770dcae29c4_2219418595974_20260802,,,,,,,,,,
天猫,中性,咨询,2026-08-02 14:55:50,有钛内胆不粘锅米饭？<br>有涂层不行是普通锅,小熊电器官方旗舰店,652993501043,小熊电饭煲家用3到4人小型智能电饭锅陶瓷油内胆不粘微压快煮饭,https://detail.tmall.com/item.htm?id=652993501043,79aa3fa8d09367e7d7c756eee6c71885e19fa58c257d4d7ce0e4e770dcae29c4_2219418595974_20260802,,,,,,,,,,
天猫,中性,咨询,2026-08-02 14:55:40,请问下这个玻璃如果坏了，可以配吗<br>10元券,小熊电器官方旗舰店,832406608200,小熊全玻璃恒温养生壶家用多功能办公室小型煮茶壶烧水壶炖煮一体,https://detail.tmall.com/item.htm?id=832406608200,e14d25a3141d9be2b04e1e7377fdba3da02ceaa199b2a643be5d94b3cef3c804_3990073528_20260802,,,,,,,,,,
天猫,中性,咨询,2026-08-02 14:55:05,你好 洗衣服+烘干要多久,小熊电器官方旗舰店,829752288160,小熊迷你内衣内裤洗衣机专用洗袜子全自动小型迷你小型婴儿清洗机,https://detail.tmall.com/item.htm?id=829752288160,fad2a27b1c7eb2c8702ace53e64c46ff0805228e58126141c50919164b1c827e_2212796238773_20260802,,,,,,,,,,
天猫,中性,咨询,2026-08-02 14:55:05,你好 洗衣服+烘干要多久,小熊电器官方旗舰店,829752288160,小熊迷你内衣内裤洗衣机专用洗袜子全自动小型迷你小型婴儿清洗机,https://detail.tmall.com/item.htm?id=829752288160,fad2a27b1c7eb2c8702ace53e64c46ff0805228e58126141c50919164b1c827e_2212796238773_20260802,,,,,,,,,,
天猫,中性,咨询,2026-08-02 14:44:23,你好！我这确认收货了，你把差价退一下<br>,小熊电器官方旗舰店,1066545498108,【新品抢先加购 4号付定】小熊破壁机豆浆机全自动家用多功能新款,https://detail.tmall.com/item.htm?id=1066545498108,74017a320ab51a7520b82fb82f5a4807ee1c440e1fd5f3a2ad86efd19976a6e2_2215550880788_20260802,,,,,,,,,,
天猫,中性,咨询,2026-08-02 14:41:12,电源线多长？<br>进水管长度呢？,小熊电器官方旗舰店,829752288160,小熊迷你内衣内裤洗衣机专用洗袜子全自动小型迷你小型婴儿清洗机,https://detail.tmall.com/item.htm?id=829752288160,f91e57806138d2105670dc6d3725a1d858966d52460f6cfaba143cd3ebd88dcc_2212775027940_20260802,,,,,,,,,,
天猫,中性,咨询,2026-08-02 14:37:12,这款有菜单吗<br>这款可以煮绿豆汤吗<br>这种模式需要提前泡豆子吗？还是直接放就可以,小熊电器官方旗舰店,832406608200,小熊全玻璃恒温养生壶家用多功能办公室小型煮茶壶烧水壶炖煮一体,https://detail.tmall.com/item.htm?id=832406608200,fd7c0d75b798dae388c31ead61be719619ebe28e83a8877f1e91bca2c3ce287d_3990073528_20260802,,,,,,,,,,
天猫,中性,咨询,2026-08-02 14:36:41,这个怎么以旧换新,小熊电器官方旗舰店,832406608200,小熊全玻璃恒温养生壶家用多功能办公室小型煮茶壶烧水壶炖煮一体,https://detail.tmall.com/item.htm?id=832406608200,4655a52360b98bd8bca2618b0af1d8d2a4aad7ed1694f1424f765b08aba5051c_3990073528_20260802,,,,,,,,,,
天猫,中性,咨询,2026-08-02 14:36:19,改地址,小熊电器官方旗舰店,652993501043,小熊电饭煲家用3到4人小型智能电饭锅陶瓷油内胆不粘微压快煮饭,https://detail.tmall.com/item.htm?id=652993501043,4acbd0635d192eaac710021d6b844f6207b79ab81c9b9fb1a1877d14c9d4cbb7_2212837734466_20260802,,,,,,,,,,
天猫,中性,咨询,2026-08-02 14:35:00,上下水要怎么接<br>进水口管子有多长,小熊电器官方旗舰店,829752288160,小熊迷你内衣内裤洗衣机专用洗袜子全自动小型迷你小型婴儿清洗机,https://detail.tmall.com/item.htm?id=829752288160,0d81dfa639427eef65e09496a00bd5b9037a92217019e91106e8ec8becc0c45e_2212775027940_20260802,,,,,,,,,,
天猫,中性,咨询,2026-08-02 14:34:29,硅胶水管多长<br>短了<br>我抽地下水用，起码要一米以上的管子<br>有没有单独的长软管配,小熊电器官方旗舰店,953780186914,小熊桶装水电动抽水器吸水器压水器自吸全自动抽水神器水泵上水器,https://detail.tmall.com/item.htm?id=953780186914,8a4e1acf0c5af6818512002305a2fe38efb47a3e6aafa1b4e99edeea42465190_2212837734466_20260802,,,,,,,,,,
天猫,中性,咨询,2026-08-02 14:34:01,超大桶的纯净水怎么安装呀<br>有视频吗<br>我这个头需要弄掉吗<br>还是中间孔弄开就可以了<br>整个盖子拿掉是吧<br>,小熊电器官方旗舰店,953780186914,小熊桶装水电动抽水器吸水器压水器自吸全自动抽水神器水泵上水器,https://detail.tmall.com/item.htm?id=953780186914,a4c27169cec6c7b52c89ce851e0f41f93c204537a47ddbf3294cfdd1d0b50484_2212455992463_20260802,,,,,,,,,,
天猫,中性,咨询,2026-08-02 14:31:27,今天发货吗<br>什么快递,小熊电器官方旗舰店,652993501043,小熊电饭煲家用3到4人小型智能电饭锅陶瓷油内胆不粘微压快煮饭,https://detail.tmall.com/item.htm?id=652993501043,fcb0a08650465f5de7622d900fe384683e41f7dc1fe72523c8b61ef59be1ea9c_2222357265163_20260802,,,,,,,,,,
天猫,中性,咨询,2026-08-02 14:31:27,今天发货吗<br>什么快递,小熊电器官方旗舰店,652993501043,小熊电饭煲家用3到4人小型智能电饭锅陶瓷油内胆不粘微压快煮饭,https://detail.tmall.com/item.htm?id=652993501043,fcb0a08650465f5de7622d900fe384683e41f7dc1fe72523c8b61ef59be1ea9c_2222357265163_20260802,,,,,,,,,,
天猫,中性,咨询,2026-08-02 14:29:32,那个蒸笼有多深呀,小熊电器官方旗舰店,652993501043,小熊电饭煲家用3到4人小型智能电饭锅陶瓷油内胆不粘微压快煮饭,https://detail.tmall.com/item.htm?id=652993501043,66ea8882938da2913181a06f4e9ec8f2ed47e0ca051c676de005833d8ce9eaf7_2215202023835_20260802,,,,,,,,,,
天猫,中性,咨询,2026-08-02 14:26:48,里面不锈钢过滤网是304的吗,小熊电器官方旗舰店,832406608200,小熊全玻璃恒温养生壶家用多功能办公室小型煮茶壶烧水壶炖煮一体,https://detail.tmall.com/item.htm?id=832406608200,bcb15a72139bd533d7dfb204f4d4c7db33857e0d27e068ad99323c81d21b2448_3990073528_20260802,,,,,,,,,,
天猫,中性,咨询,2026-08-02 14:24:55,怎么用视频发给我<br>五粮用纯煮键<br>？,小熊电器官方旗舰店,832406608200,小熊全玻璃恒温养生壶家用多功能办公室小型煮茶壶烧水壶炖煮一体,https://detail.tmall.com/item.htm?id=832406608200,70378858cd3872df97597b38baeedde6daf9a08fcf578008b6c5ee37e7fef833_2214916672660_20260802,,,,,,,,,,
天猫,中性,咨询,2026-08-02 14:24:22,这个能甩干吗？<br>这个是甩干几分钟，完了质保几年呢？<br>几级能效<br>费不费电呢？<br>多大这个<br>小孩的衣服甩干快不,小熊电器官方旗舰店,829752288160,小熊迷你内衣内裤洗衣机专用洗袜子全自动小型迷你小型婴儿清洗机,https://detail.tmall.com/item.htm?id=829752288160,20db93be45dd1e00dcccce1681033c4280c9c5ee249877f54e52b77c33508d0b_2212775027940_20260802,,,,,,,,,,
天猫,中性,咨询,2026-08-02 14:24:22,这个能甩干吗？<br>这个是甩干几分钟，完了质保几年呢？<br>几级能效<br>费不费电呢？<br>多大这个<br>小孩的衣服甩干快不,小熊电器官方旗舰店,829752288160,小熊迷你内衣内裤洗衣机专用洗袜子全自动小型迷你小型婴儿清洗机,https://detail.tmall.com/item.htm?id=829752288160,20db93be45dd1e00dcccce1681033c4280c9c5ee249877f54e52b77c33508d0b_2212775027940_20260802,,,,,,,,,,
天猫,中性,咨询,2026-08-02 14:24:22,这个能甩干吗？<br>这个是甩干几分钟，完了质保几年呢？<br>几级能效<br>费不费电呢？<br>多大这个<br>小孩的衣服甩干快不,小熊电器官方旗舰店,829752288160,小熊迷你内衣内裤洗衣机专用洗袜子全自动小型迷你小型婴儿清洗机,https://detail.tmall.com/item.htm?id=829752288160,20db93be45dd1e00dcccce1681033c4280c9c5ee249877f54e52b77c33508d0b_2212775027940_20260802,,,,,,,,,,
天猫,中性,咨询,2026-08-02 14:21:19,这个4L的锅能煮多少杯米？,小熊电器官方旗舰店,652993501043,小熊电饭煲家用3到4人小型智能电饭锅陶瓷油内胆不粘微压快煮饭,https://detail.tmall.com/item.htm?id=652993501043,9a06985ecb919360cb58794f06f5078a699a2db8dbf42a21b44ce6e3048aa467_2222357265163_20260802,,,,,,,,,,
天猫,中性,咨询,2026-08-02 14:21:11,D1和q3外观上大小是不是差不多<br>壶盖分别啥材质,小熊电器官方旗舰店,832406608200,小熊全玻璃恒温养生壶家用多功能办公室小型煮茶壶烧水壶炖煮一体,https://detail.tmall.com/item.htm?id=832406608200,cae7a3b8c6c903b9b871e611c871946f22f1e1b5ba84a155643e2fec7a0c6b7f_3990073528_20260802,,,,,,,,,,
天猫,中性,咨询,2026-08-02 14:21:11,D1和q3外观上大小是不是差不多<br>壶盖分别啥材质,小熊电器官方旗舰店,832406608200,小熊全玻璃恒温养生壶家用多功能办公室小型煮茶壶烧水壶炖煮一体,https://detail.tmall.com/item.htm?id=832406608200,cae7a3b8c6c903b9b871e611c871946f22f1e1b5ba84a155643e2fec7a0c6b7f_3990073528_20260802,,,,,,,,,,
天猫,正向,咨询,2026-08-02 14:06:13,已好评<br>,小熊电器官方旗舰店,832406608200,小熊全玻璃恒温养生壶家用多功能办公室小型煮茶壶烧水壶炖煮一体,https://detail.tmall.com/item.htm?id=832406608200,71c4a42672c4d0d75509859056fa976ba27c1de361bcadfc3fb151117b746cbb_3990073528_20260802,,,,,,,,,,
天猫,中性,咨询,2026-08-02 14:05:01,花茶显示0：02是什么意思呢<br>2分<br>烧开要多久呢,小熊电器官方旗舰店,832406608200,小熊全玻璃恒温养生壶家用多功能办公室小型煮茶壶烧水壶炖煮一体,https://detail.tmall.com/item.htm?id=832406608200,63951f20e2ba25beb2737d46a9403f75ab10bdeaadf7546cc2b19a3efddd5f9d_2214916672660_20260802,,,,,,,,,,
天猫,中性,咨询,2026-08-02 14:05:01,花茶显示0：02是什么意思呢<br>2分<br>烧开要多久呢,小熊电器官方旗舰店,832406608200,小熊全玻璃恒温养生壶家用多功能办公室小型煮茶壶烧水壶炖煮一体,https://detail.tmall.com/item.htm?id=832406608200,63951f20e2ba25beb2737d46a9403f75ab10bdeaadf7546cc2b19a3efddd5f9d_2214916672660_20260802,,,,,,,,,,
天猫,中性,咨询,2026-08-02 14:04:02,这个可以炖吗？,小熊电器官方旗舰店,832406608200,小熊全玻璃恒温养生壶家用多功能办公室小型煮茶壶烧水壶炖煮一体,https://detail.tmall.com/item.htm?id=832406608200,8e38e9cc681d9f523d032a93cd86d572d67021d668e2b0bdefff47998570dc90_3990073528_20260802,,,,,,,,,,
天猫,中性,咨询,2026-08-02 14:03:22,有没有单独卖里面的玻璃炖盅啊？,小熊电器官方旗舰店,832406608200,小熊全玻璃恒温养生壶家用多功能办公室小型煮茶壶烧水壶炖煮一体,https://detail.tmall.com/item.htm?id=832406608200,af4be355031e2ce14e5cd4dd6906bc11d771a90eaa149e2d35e6f3e1cd7987da_3990073528_20260802,,,,,,,,,,
天猫,中性,咨询,2026-08-02 14:03:09,那个，你帮我联系一下上门安装的人吧<br>请你帮我联系一下上门安装的人吧,小熊电器官方旗舰店,829752288160,小熊迷你内衣内裤洗衣机专用洗袜子全自动小型迷你小型婴儿清洗机,https://detail.tmall.com/item.htm?id=829752288160,fe7263dd1e23818e688a23a68df6790ce8b548be147085d069791fc542052e2c_2219484290050_20260802,,,,,,,,,,
天猫,负向,咨询,2026-08-02 14:02:07,今天发货吗 急用,小熊电器官方旗舰店,832406608200,小熊全玻璃恒温养生壶家用多功能办公室小型煮茶壶烧水壶炖煮一体,https://detail.tmall.com/item.htm?id=832406608200,f547f5999507cae75386691896803970414aa2125ae08f74e039738272037de4_2212775027940_20260802,,,,,,,,,,
天猫,中性,咨询,2026-08-02 14:02:07,今天发货吗 急用,小熊电器官方旗舰店,832406608200,小熊全玻璃恒温养生壶家用多功能办公室小型煮茶壶烧水壶炖煮一体,https://detail.tmall.com/item.htm?id=832406608200,f547f5999507cae75386691896803970414aa2125ae08f74e039738272037de4_2212775027940_20260802,,,,,,,,,,
天猫,中性,咨询,2026-08-02 14:01:31,请问有单独的壶配吗？<br>哦，我只不过是问一下我妈以后壶摔了，可不可以配。<br>请问一家三口用多少升的？,小熊电器官方旗舰店,832406608200,小熊全玻璃恒温养生壶家用多功能办公室小型煮茶壶烧水壶炖煮一体,https://detail.tmall.com/item.htm?id=832406608200,20bb7d732c932fdce725b97ba172f01266bafeee57fbed1d4c88d7fd76003960_2214916672660_20260802,,,,,,,,,,
天猫,中性,咨询,2026-08-02 14:01:31,请问有单独的壶配吗？<br>哦，我只不过是问一下我妈以后壶摔了，可不可以配。<br>请问一家三口用多少升的？,小熊电器官方旗舰店,832406608200,小熊全玻璃恒温养生壶家用多功能办公室小型煮茶壶烧水壶炖煮一体,https://detail.tmall.com/item.htm?id=832406608200,20bb7d732c932fdce725b97ba172f01266bafeee57fbed1d4c88d7fd76003960_2214916672660_20260802,,,,,,,,,,
天猫,中性,咨询,2026-08-02 14:01:31,请问有单独的壶配吗？<br>哦，我只不过是问一下我妈以后壶摔了，可不可以配。<br>请问一家三口用多少升的？,小熊电器官方旗舰店,832406608200,小熊全玻璃恒温养生壶家用多功能办公室小型煮茶壶烧水壶炖煮一体,https://detail.tmall.com/item.htm?id=832406608200,20bb7d732c932fdce725b97ba172f01266bafeee57fbed1d4c88d7fd76003960_2214916672660_20260802,,,,,,,,,,
天猫,负向,咨询,2026-08-02 14:00:42,没有 我都拔下来了排气了甚至 再插上也不好用<br>请做好用户接待，及时解决问题，2分系统会发送买家评价卡片。,小熊电器官方旗舰店,953780186914,小熊桶装水电动抽水器吸水器压水器自吸全自动抽水神器水泵上水器,https://detail.tmall.com/item.htm?id=953780186914,6f370f4dae995beef260c6d63b504b6724b9519667934a1d86d7fef6a98aa09d_2213217770587_20260802,,,,,,,,,,
天猫,正向,咨询,2026-08-02 14:00:42,没有 我都拔下来了排气了甚至 再插上也不好用<br>请做好用户接待，及时解决问题，2分系统会发送买家评价卡片。,小熊电器官方旗舰店,953780186914,小熊桶装水电动抽水器吸水器压水器自吸全自动抽水神器水泵上水器,https://detail.tmall.com/item.htm?id=953780186914,6f370f4dae995beef260c6d63b504b6724b9519667934a1d86d7fef6a98aa09d_2213217770587_20260802,,,,,,,,,,
天猫,中性,咨询,2026-08-02 13:50:21,下水怎么安装,小熊电器官方旗舰店,829752288160,小熊迷你内衣内裤洗衣机专用洗袜子全自动小型迷你小型婴儿清洗机,https://detail.tmall.com/item.htm?id=829752288160,ed53837a4b38fdd6f723791bc11dbda70df1b692f6a77d5304f55a531f129e47_2209570416623_20260802,,,,,,,,,,
天猫,中性,咨询,2026-08-02 13:45:23,通用的吗<br>家里既有蓝色的15L的，也有农夫山泉的桶<br>能介绍一下第1款和第2款吗。<br>这个第1个选项是路食品级材质的吗。<br>这个能折叠吗<br>,小熊电器官方旗舰店,953780186914,小熊桶装水电动抽水器吸水器压水器自吸全自动抽水神器水泵上水器,https://detail.tmall.com/item.htm?id=953780186914,df9d3530298617ed5325cbec0de3880894722ac65c53077bf87c394962224467_2217680629592_20260802,,,,,,,,,,
天猫,中性,咨询,2026-08-02 13:45:23,通用的吗<br>家里既有蓝色的15L的，也有农夫山泉的桶<br>能介绍一下第1款和第2款吗。<br>这个第1个选项是路食品级材质的吗。<br>这个能折叠吗<br>,小熊电器官方旗舰店,953780186914,小熊桶装水电动抽水器吸水器压水器自吸全自动抽水神器水泵上水器,https://detail.tmall.com/item.htm?id=953780186914,df9d3530298617ed5325cbec0de3880894722ac65c53077bf87c394962224467_2217680629592_20260802,,,,,,,,,,
天猫,中性,咨询,2026-08-02 13:44:47,内胆是什么材质,小熊电器官方旗舰店,652993501043,小熊电饭煲家用3到4人小型智能电饭锅陶瓷油内胆不粘微压快煮饭,https://detail.tmall.com/item.htm?id=652993501043,385dc274425b6aa3f734525feb109fabd7027d550503441ea4d30866b95eadef_2222357265163_20260802,,,,,,,,,,
天猫,中性,咨询,2026-08-02 13:41:37,我家目前是这样的 需要婴儿洗衣机和我自己洗内衣内裤的洗衣机 两台<br>我想放一个在大洗衣机上面<br>再放一个在旁边<br>额外买那种配件呢？<br>那我就在你这里买内衣内裤的<br>婴儿的我就去别家买<br>好的 是包安装的对吧 和我原本大洗衣机共用进出水口<br>能安装不？<br>地漏的地搬不动<br>人呢？<br>,小熊电器官方旗舰店,829752288160,小熊迷你内衣内裤洗衣机专用洗袜子全自动小型迷你小型婴儿清洗机,https://detail.tmall.com/item.htm?id=829752288160,4ddfe8d1a6311e0657a270a616fa85487a85b934179eab7113c32fdd5f1aa5eb_2212796238773_20260802,,,,,,,,,,
天猫,中性,咨询,2026-08-02 13:39:46,这个什么型号<br>我想买3升的，C30L3,小熊电器官方旗舰店,652993501043,小熊电饭煲家用3到4人小型智能电饭锅陶瓷油内胆不粘微压快煮饭,https://detail.tmall.com/item.htm?id=652993501043,e176c9b1439bcb4ae9cf69be344a7d1e66beccedc0a843b98aebb9b699fee84f_2217680629592_20260802,,,,,,,,,,
天猫,中性,咨询,2026-08-02 13:37:55,这个需要自己换水吗<br>这种小型的可以换筒的有吗？,小熊电器官方旗舰店,829752288160,小熊迷你内衣内裤洗衣机专用洗袜子全自动小型迷你小型婴儿清洗机,https://detail.tmall.com/item.htm?id=829752288160,31b601c57091b862d0e0bad9d93e2d6df42819f47e9553ea8a1f1d193d90b0ff_2209570416623_20260802,,,,,,,,,,
天猫,中性,咨询,2026-08-02 13:37:16,今天能发货吗<br>大約几天到<br>哪几发货<br>哪里发货,小熊电器官方旗舰店,832406608200,小熊全玻璃恒温养生壶家用多功能办公室小型煮茶壶烧水壶炖煮一体,https://detail.tmall.com/item.htm?id=832406608200,e284db48f6cc61f036aa6c7db2bc33faa6945cec6ada5171cc82a6de30763344_2219167311332_20260802,,,,,,,,,,
天猫,中性,咨询,2026-08-02 13:37:16,今天能发货吗<br>大約几天到<br>哪几发货<br>哪里发货,小熊电器官方旗舰店,832406608200,小熊全玻璃恒温养生壶家用多功能办公室小型煮茶壶烧水壶炖煮一体,https://detail.tmall.com/item.htm?id=832406608200,e284db48f6cc61f036aa6c7db2bc33faa6945cec6ada5171cc82a6de30763344_2219167311332_20260802,,,,,,,,,,
天猫,中性,咨询,2026-08-02 13:35:18,配件有吗？,小熊电器官方旗舰店,953780186914,小熊桶装水电动抽水器吸水器压水器自吸全自动抽水神器水泵上水器,https://detail.tmall.com/item.htm?id=953780186914,29f8d2ca915c6e5c40d05b0f0fa77ea762a82f166eab830349c08ac55cf51d3c_2215007019509_20260802,,,,,,,,,,
天猫,中性,咨询,2026-08-02 13:31:46,我要咨询这个规格的商品<br>我要咨询这个规格的商品<br>这俩区别<br>？<br>现在下单有什么优惠呀？<br>收货后好评是吗？,小熊电器官方旗舰店,832406608200,小熊全玻璃恒温养生壶家用多功能办公室小型煮茶壶烧水壶炖煮一体,https://detail.tmall.com/item.htm?id=832406608200,bc196b0c0b916a8035447ed68aac9d3178d9e37b66205f9ca595885886b2fb93_2219167311332_20260802,,,,,,,,,,
天猫,负向,咨询,2026-08-02 13:25:54,亲 抽水器充不了电了<br>充电没有指示灯也没有闪烁<br>现在使用不了了,小熊电器官方旗舰店,953780186914,小熊桶装水电动抽水器吸水器压水器自吸全自动抽水神器水泵上水器,https://detail.tmall.com/item.htm?id=953780186914,d167c0851b495b188b4d269f43190c93bbb78ee85379f50713ccc552ff98205a_2215007019509_20260802,,,,,,,,,,
天猫,负向,咨询,2026-08-02 13:25:54,亲 抽水器充不了电了<br>充电没有指示灯也没有闪烁<br>现在使用不了了,小熊电器官方旗舰店,953780186914,小熊桶装水电动抽水器吸水器压水器自吸全自动抽水神器水泵上水器,https://detail.tmall.com/item.htm?id=953780186914,d167c0851b495b188b4d269f43190c93bbb78ee85379f50713ccc552ff98205a_2215007019509_20260802,,,,,,,,,,
天猫,正向,咨询,2026-08-02 13:25:32,想买款养生壶<br>烧水快，噪音小，材质安全<br>会不会炸<br>忽冷忽热的话,小熊电器官方旗舰店,832406608200,小熊全玻璃恒温养生壶家用多功能办公室小型煮茶壶烧水壶炖煮一体,https://detail.tmall.com/item.htm?id=832406608200,2569414c69d64edf3b7839c5511b74a66222e60faf0c1d14f3496b8672e505c7_2219167311332_20260802,,,,,,,,,,
天猫,中性,咨询,2026-08-02 13:18:37,这个是怎么安装的？<br>,小熊电器官方旗舰店,652993501043,小熊电饭煲家用3到4人小型智能电饭锅陶瓷油内胆不粘微压快煮饭,https://detail.tmall.com/item.htm?id=652993501043,f3252caab08a6eb0c41ced37cfc1bb97860f475edee29abfd362e30a319a8fb0_2215202023835_20260802,,,,,,,,,,
天猫,中性,咨询,2026-08-02 13:17:45,我需要把桶口的那圈胶皮质地的口子拆了，才能按上咱们的饮水器吗？<br>还是不需要拆<br>不是这种桶，是饮水机那种桶<br>也不需要拆哈<br>就戳中间就行哈<br>那我去下单了<br>充电一次能用多久哇？<br>,小熊电器官方旗舰店,953780186914,小熊桶装水电动抽水器吸水器压水器自吸全自动抽水神器水泵上水器,https://detail.tmall.com/item.htm?id=953780186914,7e307d4c2b005cff21388ef2643eb1c21a74a96bb7e1ed0eb8e235895eeb6e1b_2215007019509_20260802,,,,,,,,,,
天猫,中性,咨询,2026-08-02 13:17:00,你好 你们这个快煮饭是煮多久,小熊电器官方旗舰店,652993501043,小熊电饭煲家用3到4人小型智能电饭锅陶瓷油内胆不粘微压快煮饭,https://detail.tmall.com/item.htm?id=652993501043,9e3ca6b8823453b611cc419e9e20168f66f5daefa9426e5e41c160b41b0d951c_2222234020629_20260802,,,,,,,,,,
天猫,中性,咨询,2026-08-02 13:17:00,你好 你们这个快煮饭是煮多久,小熊电器官方旗舰店,652993501043,小熊电饭煲家用3到4人小型智能电饭锅陶瓷油内胆不粘微压快煮饭,https://detail.tmall.com/item.htm?id=652993501043,9e3ca6b8823453b611cc419e9e20168f66f5daefa9426e5e41c160b41b0d951c_2222234020629_20260802,,,,,,,,,,
天猫,中性,咨询,2026-08-02 13:09:33,评价好了<br>退下差价<br>无差<br>彤<br>,小熊电器官方旗舰店,1066545498108,【新品抢先加购 4号付定】小熊破壁机豆浆机全自动家用多功能新款,https://detail.tmall.com/item.htm?id=1066545498108,78b4724632f76b3f66198320645af27d6dcb0b5c46ee4b614685c6b10f58431a_2216896954959_20260802,,,,,,,,,,
天猫,负向,咨询,2026-08-02 13:08:13,全钢的有没有小一点溶积的<br>价格贵<br>有无涂层？,小熊电器官方旗舰店,1066545498108,【新品抢先加购 4号付定】小熊破壁机豆浆机全自动家用多功能新款,https://detail.tmall.com/item.htm?id=1066545498108,8265d2da865226364e169b0ac879493c4958739e3e529a1b4c181124900c385c_2213341635166_20260802,,,,,,,,,,
天猫,中性,咨询,2026-08-02 13:04:31,好评有返现？<br>,小熊电器官方旗舰店,832406608200,小熊全玻璃恒温养生壶家用多功能办公室小型煮茶壶烧水壶炖煮一体,https://detail.tmall.com/item.htm?id=832406608200,adc6cfb2667bf3eee8ff210e923f0dbbb5686614320102fc6e503bb8b8f2bd7c_2215107505922_20260802,,,,,,,,,,
天猫,中性,咨询,2026-08-02 13:02:22,你好，这个直径多少？,小熊电器官方旗舰店,953780186914,小熊桶装水电动抽水器吸水器压水器自吸全自动抽水神器水泵上水器,https://detail.tmall.com/item.htm?id=953780186914,64fa907d73744e1d5614dcd39d6f1d954fdfebc64ae8ae3b65af91c2c3a1a8d2_2209671807142_20260802,,,,,,,,,,
天猫,中性,咨询,2026-08-02 13:02:04,买错了，小桶用不了<br>有没有小桶能用的,小熊电器官方旗舰店,953780186914,小熊桶装水电动抽水器吸水器压水器自吸全自动抽水神器水泵上水器,https://detail.tmall.com/item.htm?id=953780186914,d36e337a7c104fc8b2e41c81b9559052a6c9f0dae4991510fa231c1ee217d620_2215007019509_20260802,,,,,,,,,,
天猫,负向,咨询,2026-08-02 13:02:04,买错了，小桶用不了<br>有没有小桶能用的,小熊电器官方旗舰店,953780186914,小熊桶装水电动抽水器吸水器压水器自吸全自动抽水神器水泵上水器,https://detail.tmall.com/item.htm?id=953780186914,d36e337a7c104fc8b2e41c81b9559052a6c9f0dae4991510fa231c1ee217d620_2215007019509_20260802,,,,,,,,,,
天猫,中性,咨询,2026-08-02 12:53:17,这个可以以旧换新吗,小熊电器官方旗舰店,832406608200,小熊全玻璃恒温养生壶家用多功能办公室小型煮茶壶烧水壶炖煮一体,https://detail.tmall.com/item.htm?id=832406608200,68d6c6019611b3531c4f2d219628b323f62774e4b16198d20b2e6672aaaa9eb7_2222430908987_20260802,,,,,,,,,,
天猫,中性,咨询,2026-08-02 12:51:55,这款产品水烧沸腾之后，它会自动切换到保式吗？<br>这款产品的主体玻璃杯，这个玻璃是什么材质？什么玻璃啊？<br>。给你很满意的好评了,小熊电器官方旗舰店,832406608200,小熊全玻璃恒温养生壶家用多功能办公室小型煮茶壶烧水壶炖煮一体,https://detail.tmall.com/item.htm?id=832406608200,2e0f004b90288c80b4e3960e281cf9fac7770124bb77a2d5c7da59de377ddc9d_2219167311332_20260802,,,,,,,,,,
天猫,正向,咨询,2026-08-02 12:51:55,这款产品水烧沸腾之后，它会自动切换到保式吗？<br>这款产品的主体玻璃杯，这个玻璃是什么材质？什么玻璃啊？<br>。给你很满意的好评了,小熊电器官方旗舰店,832406608200,小熊全玻璃恒温养生壶家用多功能办公室小型煮茶壶烧水壶炖煮一体,https://detail.tmall.com/item.htm?id=832406608200,2e0f004b90288c80b4e3960e281cf9fac7770124bb77a2d5c7da59de377ddc9d_2219167311332_20260802,,,,,,,,,,
天猫,中性,咨询,2026-08-02 12:49:38,玻璃大概多厚？,小熊电器官方旗舰店,832406608200,小熊全玻璃恒温养生壶家用多功能办公室小型煮茶壶烧水壶炖煮一体,https://detail.tmall.com/item.htm?id=832406608200,c969931be1bfa3fcf0a4b2083f66c10f598ee56d66fb47666911810bd0c09c9e_2219167311332_20260802,,,,,,,,,,
天猫,负向,咨询,2026-08-02 12:48:09,这个使用就出现E1<br>不工作<br>杯盖已经盖好<br>质量堪忧啊<br>那就退了吧<br>,小熊电器官方旗舰店,1066545498108,【新品抢先加购 4号付定】小熊破壁机豆浆机全自动家用多功能新款,https://detail.tmall.com/item.htm?id=1066545498108,0f09cdfd40671cde1e9696e457b56627a443f7e2a862027baabed0ecf95c8e26_2216831480938_20260802,,,,,,,,,,
天猫,中性,咨询,2026-08-02 12:48:09,这个使用就出现E1<br>不工作<br>杯盖已经盖好<br>质量堪忧啊<br>那就退了吧<br>,小熊电器官方旗舰店,1066545498108,【新品抢先加购 4号付定】小熊破壁机豆浆机全自动家用多功能新款,https://detail.tmall.com/item.htm?id=1066545498108,0f09cdfd40671cde1e9696e457b56627a443f7e2a862027baabed0ecf95c8e26_2216831480938_20260802,,,,,,,,,,
天猫,负向,咨询,2026-08-02 12:48:09,这个使用就出现E1<br>不工作<br>杯盖已经盖好<br>质量堪忧啊<br>那就退了吧<br>,小熊电器官方旗舰店,1066545498108,【新品抢先加购 4号付定】小熊破壁机豆浆机全自动家用多功能新款,https://detail.tmall.com/item.htm?id=1066545498108,0f09cdfd40671cde1e9696e457b56627a443f7e2a862027baabed0ecf95c8e26_2216831480938_20260802,,,,,,,,,,
天猫,负向,咨询,2026-08-02 12:48:09,这个使用就出现E1<br>不工作<br>杯盖已经盖好<br>质量堪忧啊<br>那就退了吧<br>,小熊电器官方旗舰店,1066545498108,【新品抢先加购 4号付定】小熊破壁机豆浆机全自动家用多功能新款,https://detail.tmall.com/item.htm?id=1066545498108,0f09cdfd40671cde1e9696e457b56627a443f7e2a862027baabed0ecf95c8e26_2216831480938_20260802,,,,,,,,,,
天猫,负向,咨询,2026-08-02 12:47:55,请尽快发货,小熊电器官方旗舰店,832406608200,小熊全玻璃恒温养生壶家用多功能办公室小型煮茶壶烧水壶炖煮一体,https://detail.tmall.com/item.htm?id=832406608200,931242fbeb5271103cec1750290fe2f1f02e3ec9093ed66c06eff171e808eb73_2219167311332_20260802,,,,,,,,,,
天猫,中性,咨询,2026-08-02 12:41:40,这个上翻盖尺寸多少,小熊电器官方旗舰店,829752288160,小熊迷你内衣内裤洗衣机专用洗袜子全自动小型迷你小型婴儿清洗机,https://detail.tmall.com/item.htm?id=829752288160,4afa50dbfc296ba57954af0c889c7936a2999dbf9d29c80ddd95f7678c767987_2209570416623_20260802,,,,,,,,,,
天猫,中性,咨询,2026-08-02 12:41:40,什么快递<br>优惠券啊<br>这个不用接下水吧,小熊电器官方旗舰店,829752288160,小熊迷你内衣内裤洗衣机专用洗袜子全自动小型迷你小型婴儿清洗机,https://detail.tmall.com/item.htm?id=829752288160,76fb896c3efee849d529e63d63253af0bd6d346f1d928961b523b98fd71c4d2c_2209570416623_20260802,,,,,,,,,,
天猫,正向,咨询,2026-08-02 12:36:43,盖什么材质<br>还有推荐更好玻璃材质<br>主要家用烧水和儿童泡奶用,小熊电器官方旗舰店,832406608200,小熊全玻璃恒温养生壶家用多功能办公室小型煮茶壶烧水壶炖煮一体,https://detail.tmall.com/item.htm?id=832406608200,d96ae828ef2118417e08203592e694aed33aa6c7b58d9657023e2768897d287f_2222430908987_20260802,,,,,,,,,,
天猫,中性,咨询,2026-08-02 12:36:43,盖什么材质<br>还有推荐更好玻璃材质<br>主要家用烧水和儿童泡奶用,小熊电器官方旗舰店,832406608200,小熊全玻璃恒温养生壶家用多功能办公室小型煮茶壶烧水壶炖煮一体,https://detail.tmall.com/item.htm?id=832406608200,d96ae828ef2118417e08203592e694aed33aa6c7b58d9657023e2768897d287f_2222430908987_20260802,,,,,,,,,,
天猫,中性,咨询,2026-08-02 12:32:04,这款电饭煲怎么用呢<br>,小熊电器官方旗舰店,652993501043,小熊电饭煲家用3到4人小型智能电饭锅陶瓷油内胆不粘微压快煮饭,https://detail.tmall.com/item.htm?id=652993501043,1fe7b50dd37aa06cb0043a45803e923c153467606d297841f8a6e92adf350ca9_2209498356642_20260802,,,,,,,,,,
天猫,中性,咨询,2026-08-02 12:22:44,我想问一下，这一款高洗是什么意思,小熊电器官方旗舰店,829752288160,小熊迷你内衣内裤洗衣机专用洗袜子全自动小型迷你小型婴儿清洗机,https://detail.tmall.com/item.htm?id=829752288160,40127cd90cdc314d8f6e37b50309e703fade98eab66a0cf742abcbf8aff11adf_2209638517281_20260802,,,,,,,,,,
天猫,中性,咨询,2026-08-02 12:22:44,我想问一下，这一款高洗是什么意思,小熊电器官方旗舰店,829752288160,小熊迷你内衣内裤洗衣机专用洗袜子全自动小型迷你小型婴儿清洗机,https://detail.tmall.com/item.htm?id=829752288160,40127cd90cdc314d8f6e37b50309e703fade98eab66a0cf742abcbf8aff11adf_2209638517281_20260802,,,,,,,,,,
天猫,中性,咨询,2026-08-02 12:15:32,亲！我家蒸笼坏了，可以配一个吗？<br>,小熊电器官方旗舰店,652993501043,小熊电饭煲家用3到4人小型智能电饭锅陶瓷油内胆不粘微压快煮饭,https://detail.tmall.com/item.htm?id=652993501043,2810ecb21ace4dabbf2eea4debb2a0000e437362782cf9cb2f53ccc9dca484f8_2217680629592_20260802,,,,,,,,,,
天猫,中性,咨询,2026-08-02 12:15:18,质保多久,小熊电器官方旗舰店,832406608200,小熊全玻璃恒温养生壶家用多功能办公室小型煮茶壶烧水壶炖煮一体,https://detail.tmall.com/item.htm?id=832406608200,977bd982e6ce066f2a72afca77070c2bce7de67dc18c4494df1dcfd979430617_2219167311332_20260802,,,,,,,,,,
天猫,中性,咨询,2026-08-02 12:12:52,这款内衣洗衣机需要接水吗？<br>我们没有预留进水<br>有没有不用预留进水的？<br>推荐下<br>这个加了洗衣液不用中途换水吗,小熊电器官方旗舰店,829752288160,小熊迷你内衣内裤洗衣机专用洗袜子全自动小型迷你小型婴儿清洗机,https://detail.tmall.com/item.htm?id=829752288160,27e701f2824f210cd9a6e1af562f76652d1ddd791359f149abef853f3728a6ce_2209570416623_20260802,,,,,,,,,,
天猫,负向,咨询,2026-08-02 12:07:39,回来才拆快递<br>你们只有上下有泡沫，前后没有<br>看过了没<br>没有换货<br>我直接退货吧<br>地址不路返回的？<br>之前有说过了<br>,小熊电器官方旗舰店,652993501043,小熊电饭煲家用3到4人小型智能电饭锅陶瓷油内胆不粘微压快煮饭,https://detail.tmall.com/item.htm?id=652993501043,6b97087c481d86e5bd7f90f42733733db971e809d99bec13a8f629d2b1c54aef_2213283425041_20260802,,,,,,,,,,
天猫,中性,咨询,2026-08-02 12:06:14,你好，之前在你们家买的这个壶坏了，能寄回来修修吗<br>,小熊电器官方旗舰店,832406608200,小熊全玻璃恒温养生壶家用多功能办公室小型煮茶壶烧水壶炖煮一体,https://detail.tmall.com/item.htm?id=832406608200,bd5dfd5d45a87348e10b21afee604c61e4df3721e2e2f6a6b9cdc89b700308a0_2219167311332_20260802,,,,,,,,,,
天猫,负向,咨询,2026-08-02 12:03:21,到现在还没收到货<br>还能不能收到,小熊电器官方旗舰店,832406608200,小熊全玻璃恒温养生壶家用多功能办公室小型煮茶壶烧水壶炖煮一体,https://detail.tmall.com/item.htm?id=832406608200,9d20d080891181f8861525ec9003d4b5ddbb08d94604d55d9e62dfdef27293a9_2219417355482_20260802,,,,,,,,,,
天猫,中性,咨询,2026-08-02 12:02:43,这个桌桶2用大户怎么用的<br>你这又不是2用的教程<br>YSJ-D05M1这个能连续出水吗？一定要按照定量？<br>定量三档外不能一直不间断出水吗？,小熊电器官方旗舰店,953780186914,小熊桶装水电动抽水器吸水器压水器自吸全自动抽水神器水泵上水器,https://detail.tmall.com/item.htm?id=953780186914,550cc91976b0febd89f56d4c07348ac552fa5e2dc94d8c46b76b8ddfaf963752_2209671807142_20260802,,,,,,,,,,
天猫,中性,咨询,2026-08-02 12:01:31,这款快煮饭是多久,小熊电器官方旗舰店,652993501043,小熊电饭煲家用3到4人小型智能电饭锅陶瓷油内胆不粘微压快煮饭,https://detail.tmall.com/item.htm?id=652993501043,e97366f59d8cca49b817fb8b7e0b718dbcfb02a1f0632bce0fad63d22358f7d7_2208914208902_20260802,,,,,,,,,,
天猫,中性,咨询,2026-08-02 12:01:31,这款快煮饭是多久,小熊电器官方旗舰店,652993501043,小熊电饭煲家用3到4人小型智能电饭锅陶瓷油内胆不粘微压快煮饭,https://detail.tmall.com/item.htm?id=652993501043,e97366f59d8cca49b817fb8b7e0b718dbcfb02a1f0632bce0fad63d22358f7d7_2208914208902_20260802,,,,,,,,,,
天猫,负向,咨询,2026-08-02 12:00:50,洗衣机下面一直漏水，怎么回事,小熊电器官方旗舰店,829752288160,小熊迷你内衣内裤洗衣机专用洗袜子全自动小型迷你小型婴儿清洗机,https://detail.tmall.com/item.htm?id=829752288160,4479b1a62348dcdfd8cfc6005cd6e8cdbcf10c3fe3c7d457e6bf8a3f62bd18ea_2218061366895_20260802,,,,,,,,,,
天猫,中性,咨询,2026-08-02 11:53:11,充完电能用多久<br>充电要充多久,小熊电器官方旗舰店,953780186914,小熊桶装水电动抽水器吸水器压水器自吸全自动抽水神器水泵上水器,https://detail.tmall.com/item.htm?id=953780186914,1c757b02e610cd6c754aea286e75c9e6d8b6e2a4c44bd02b588c9bbaeb5ca6d8_2212455992463_20260802,,,,,,,,,,
天猫,负向,咨询,2026-08-02 11:48:36,你好，我想买这款有优惠券吗？<br>10元优惠券用不了呀。,小熊电器官方旗舰店,832406608200,小熊全玻璃恒温养生壶家用多功能办公室小型煮茶壶烧水壶炖煮一体,https://detail.tmall.com/item.htm?id=832406608200,7b790cd646c90703ef2595f5a9c7fe96b9804623d909c1df99218b032d51d812_2222430908987_20260802,,,,,,,,,,
天猫,中性,咨询,2026-08-02 11:47:46,我想买这个电饭锅有没有什么优惠！<br>你这显示领国补178，我这下单显示190<br>,小熊电器官方旗舰店,652993501043,小熊电饭煲家用3到4人小型智能电饭锅陶瓷油内胆不粘微压快煮饭,https://detail.tmall.com/item.htm?id=652993501043,89b529c3a54591f5247c659777f399e80d20c79be02c6ed215025a528eb1b9e8_2219418595974_20260802,,,,,,,,,,
天猫,中性,咨询,2026-08-02 11:44:58,我这次洗了两件内衣，下次能洗两条内裤吗？<br>再下次洗袜子<br>洗衣时间多久,小熊电器官方旗舰店,829752288160,小熊迷你内衣内裤洗衣机专用洗袜子全自动小型迷你小型婴儿清洗机,https://detail.tmall.com/item.htm?id=829752288160,01b43b30d61886778975389783b447e91c21d7bb782a86851f604e62da6497db_2212775027940_20260802,,,,,,,,,,
天猫,中性,咨询,2026-08-02 11:31:32,怎么免费上门安装,小熊电器官方旗舰店,829752288160,小熊迷你内衣内裤洗衣机专用洗袜子全自动小型迷你小型婴儿清洗机,https://detail.tmall.com/item.htm?id=829752288160,92fd8229819fbd701a65e6228f4ae4a97258e6d1ba95721fb54a77c1451d8363_2208940083480_20260802,,,,,,,,,,
天猫,中性,咨询,2026-08-02 11:31:32,怎么免费上门安装,小熊电器官方旗舰店,829752288160,小熊迷你内衣内裤洗衣机专用洗袜子全自动小型迷你小型婴儿清洗机,https://detail.tmall.com/item.htm?id=829752288160,92fd8229819fbd701a65e6228f4ae4a97258e6d1ba95721fb54a77c1451d8363_2208940083480_20260802,,,,,,,,,,
天猫,中性,咨询,2026-08-02 11:24:24,请问上面写的3档出水模式是指出水的流速吗<br>是指定量<br>不是流速大小吗<br>就是不能控制流速对吧<br>噪音大吗,小熊电器官方旗舰店,953780186914,小熊桶装水电动抽水器吸水器压水器自吸全自动抽水神器水泵上水器,https://detail.tmall.com/item.htm?id=953780186914,4707e68d10fd349b98a6194a7266f962acd35e87d4d2d62fbdfcf38f3448cbcc_2219484290050_20260802,,,,,,,,,,
天猫,负向,咨询,2026-08-02 11:17:16,电饭锅面板不亮灯，可以煮饭，怎么办,小熊电器官方旗舰店,652993501043,小熊电饭煲家用3到4人小型智能电饭锅陶瓷油内胆不粘微压快煮饭,https://detail.tmall.com/item.htm?id=652993501043,43b7e1b343982a46a179110ca915abebd6be1d850d30c346a1e82a5650032923_2215202023835_20260802,,,,,,,,,,
天猫,中性,咨询,2026-08-02 11:12:32,YSH-E15Y8 1.5L有没有这个,小熊电器官方旗舰店,832406608200,小熊全玻璃恒温养生壶家用多功能办公室小型煮茶壶烧水壶炖煮一体,https://detail.tmall.com/item.htm?id=832406608200,5f76f51d0f35c1c326069ef71b4f3668af29051e6c9a39b935d94bc8ce47fa35_3990073528_20260802,,,,,,,,,,
天猫,中性,咨询,2026-08-02 11:09:14,柴火饭煮多久<br>煮了半小时了，不显示时间,小熊电器官方旗舰店,652993501043,小熊电饭煲家用3到4人小型智能电饭锅陶瓷油内胆不粘微压快煮饭,https://detail.tmall.com/item.htm?id=652993501043,e164ecb4a7e7a005b33a058a56c5b2e97027ed2008d81b6d80b5e478904912a4_2222156041569_20260802,,,,,,,,,,
天猫,负向,咨询,2026-08-02 11:08:38,全玻璃的是不是容易破呀？你们这款容易破吗<br>不是，我说别人煮着煮着就炸了。<br>不是人为的破。,小熊电器官方旗舰店,832406608200,小熊全玻璃恒温养生壶家用多功能办公室小型煮茶壶烧水壶炖煮一体,https://detail.tmall.com/item.htm?id=832406608200,0a86a3bb9923e2a092dff473f485763366c4361108b7bc887ed8d7df1e75945b_3990073528_20260802,,,,,,,,,,
天猫,中性,咨询,2026-08-02 11:08:18,内桶能拆洗吗,小熊电器官方旗舰店,829752288160,小熊迷你内衣内裤洗衣机专用洗袜子全自动小型迷你小型婴儿清洗机,https://detail.tmall.com/item.htm?id=829752288160,53c7a2e02bac417d5efd13565c3cd778d9e92f32774866983def13e5bc7eb2f5_2212796238773_20260802,,,,,,,,,,
天猫,中性,咨询,2026-08-02 10:58:29,我这个保怎么不会调啊<br>反复按没反应<br>我录个视频给你<br>质量怎么这么差,小熊电器官方旗舰店,832406608200,小熊全玻璃恒温养生壶家用多功能办公室小型煮茶壶烧水壶炖煮一体,https://detail.tmall.com/item.htm?id=832406608200,287b14b89d35e6c220dbe0f09157829703863fa50028bbe485fd3eeaa57e867b_2214916672660_20260802,,,,,,,,,,
天猫,负向,咨询,2026-08-02 10:58:29,我这个保怎么不会调啊<br>反复按没反应<br>我录个视频给你<br>质量怎么这么差,小熊电器官方旗舰店,832406608200,小熊全玻璃恒温养生壶家用多功能办公室小型煮茶壶烧水壶炖煮一体,https://detail.tmall.com/item.htm?id=832406608200,287b14b89d35e6c220dbe0f09157829703863fa50028bbe485fd3eeaa57e867b_2214916672660_20260802,,,,,,,,,,
天猫,负向,咨询,2026-08-02 10:58:29,我这个保怎么不会调啊<br>反复按没反应<br>我录个视频给你<br>质量怎么这么差,小熊电器官方旗舰店,832406608200,小熊全玻璃恒温养生壶家用多功能办公室小型煮茶壶烧水壶炖煮一体,https://detail.tmall.com/item.htm?id=832406608200,287b14b89d35e6c220dbe0f09157829703863fa50028bbe485fd3eeaa57e867b_2214916672660_20260802,,,,,,,,,,
天猫,负向,咨询,2026-08-02 10:56:10,不好用了，你看一下<br>我你在家现在<br>我没在家<br>就是不出水<br>费用呢<br>怎么出呀 我提前问一下<br>换新吧,小熊电器官方旗舰店,953780186914,小熊桶装水电动抽水器吸水器压水器自吸全自动抽水神器水泵上水器,https://detail.tmall.com/item.htm?id=953780186914,6f370f4dae995beef260c6d63b504b6724b9519667934a1d86d7fef6a98aa09d_2212455992463_20260802,,,,,,,,,,
天猫,中性,咨询,2026-08-02 10:54:52,发的什么快递,小熊电器官方旗舰店,832406608200,小熊全玻璃恒温养生壶家用多功能办公室小型煮茶壶烧水壶炖煮一体,https://detail.tmall.com/item.htm?id=832406608200,99da55ef0819cff42ab49fd27d4ce23f990bc1618f3e9c78764957c20f074fb6_3990073528_20260802,,,,,,,,,,
天猫,中性,咨询,2026-08-02 10:54:06,为什么预约1个小时煮饭<br>不到一个小时就自己煮了<br>包含稀饭时间,小熊电器官方旗舰店,652993501043,小熊电饭煲家用3到4人小型智能电饭锅陶瓷油内胆不粘微压快煮饭,https://detail.tmall.com/item.htm?id=652993501043,ea8b065cbd734b80268ed19681bd7556ffdafeb53a6a03929dc7c0ff7c664137_2222156041569_20260802,,,,,,,,,,
天猫,中性,咨询,2026-08-02 10:53:48,，<br>煮水的时候有很明显的吱吱吱吱的声音声音吗<br>你听一下呢,小熊电器官方旗舰店,832406608200,小熊全玻璃恒温养生壶家用多功能办公室小型煮茶壶烧水壶炖煮一体,https://detail.tmall.com/item.htm?id=832406608200,7206a4e1abc2d8608f410722cb972fe6b2cf56b8e6e1c145e9cb4725179dffca_2207802122733_20260802,,,,,,,,,,
天猫,负向,咨询,2026-08-02 10:52:43,质量有问题，一拿起来，玻璃就裂了<br>,小熊电器官方旗舰店,832406608200,小熊全玻璃恒温养生壶家用多功能办公室小型煮茶壶烧水壶炖煮一体,https://detail.tmall.com/item.htm?id=832406608200,616ac422670f253e0bacb005cb0fca9bc5399fd78324236fd542303263d2009b_3990073528_20260802,,,,,,,,,,
天猫,负向,咨询,2026-08-02 10:48:48,出水量不好<br>声音很大<br>不好用<br>特意买了个贵的 还不如10几块的<br>声音又大<br>出水量少 接个水接半天<br>不好用啊<br>噪音太大了<br>退了,小熊电器官方旗舰店,953780186914,小熊桶装水电动抽水器吸水器压水器自吸全自动抽水神器水泵上水器,https://detail.tmall.com/item.htm?id=953780186914,06798d0183824af8cce90d66cb9ae19a1f5b6b2b484753b2e581a13a1d603d21_2219484290050_20260802,,,,,,,,,,
天猫,负向,咨询,2026-08-02 10:48:48,出水量不好<br>声音很大<br>不好用<br>特意买了个贵的 还不如10几块的<br>声音又大<br>出水量少 接个水接半天<br>不好用啊<br>噪音太大了<br>退了,小熊电器官方旗舰店,953780186914,小熊桶装水电动抽水器吸水器压水器自吸全自动抽水神器水泵上水器,https://detail.tmall.com/item.htm?id=953780186914,06798d0183824af8cce90d66cb9ae19a1f5b6b2b484753b2e581a13a1d603d21_2219484290050_20260802,,,,,,,,,,
天猫,负向,咨询,2026-08-02 10:48:48,出水量不好<br>声音很大<br>不好用<br>特意买了个贵的 还不如10几块的<br>声音又大<br>出水量少 接个水接半天<br>不好用啊<br>噪音太大了<br>退了,小熊电器官方旗舰店,953780186914,小熊桶装水电动抽水器吸水器压水器自吸全自动抽水神器水泵上水器,https://detail.tmall.com/item.htm?id=953780186914,06798d0183824af8cce90d66cb9ae19a1f5b6b2b484753b2e581a13a1d603d21_2219484290050_20260802,,,,,,,,,,
天猫,负向,咨询,2026-08-02 10:48:48,出水量不好<br>声音很大<br>不好用<br>特意买了个贵的 还不如10几块的<br>声音又大<br>出水量少 接个水接半天<br>不好用啊<br>噪音太大了<br>退了,小熊电器官方旗舰店,953780186914,小熊桶装水电动抽水器吸水器压水器自吸全自动抽水神器水泵上水器,https://detail.tmall.com/item.htm?id=953780186914,06798d0183824af8cce90d66cb9ae19a1f5b6b2b484753b2e581a13a1d603d21_2219484290050_20260802,,,,,,,,,,
天猫,中性,咨询,2026-08-02 10:48:40,这款插头是三项插头吗？电线长多少？,小熊电器官方旗舰店,832406608200,小熊全玻璃恒温养生壶家用多功能办公室小型煮茶壶烧水壶炖煮一体,https://detail.tmall.com/item.htm?id=832406608200,b81e60a8eeef30e7b7fa179ceb8d943b0b1e5479cf0fdb3741880b931c2aa556_3990073528_20260802,,,,,,,,,,
天猫,中性,咨询,2026-08-02 10:46:50,之前购买的这款<br>现在有个问题<br>充完电还是这么一直闪<br>没充满？<br>我昨天充电的时候是充到不闪烁了才拔下来的<br>但是放到水桶上没一会就开始闪了<br>充电必须用5v=1A的充电头吗？<br>是不是用5次=2A的<br>是不是用5V=2A的充电头就充不上？<br>就是手机的充电头<br>普通的<br>不是快充<br>之前我用过2A的，是可以的<br>但是昨天也用了2A的，看样子是没充上<br>买来之后这是第四次充电<br>之前一直都是可以的<br>那我现在换一个1A的充电头试一试吧<br>不行的再联系,小熊电器官方旗舰店,953780186914,小熊桶装水电动抽水器吸水器压水器自吸全自动抽水神器水泵上水器,https://detail.tmall.com/item.htm?id=953780186914,eb26a0a8e20ce0c7531b9acaeec04d6aa5ce522a43fb47b25491610fc2742aa8_2212455992463_20260802,,,,,,,,,,
天猫,中性,咨询,2026-08-02 10:46:12,功能没有绿豆汤 能煮吗<br>甜品模式时间固定的吗<br>我选的这款 能再送一个壶嘴过滤网吗<br>帮我申请一个嘛,小熊电器官方旗舰店,832406608200,小熊全玻璃恒温养生壶家用多功能办公室小型煮茶壶烧水壶炖煮一体,https://detail.tmall.com/item.htm?id=832406608200,543d3e5d70e04a2fd1c4c3d48c82e31c2eb4818fbbc1592f1dccc65af0a64147_3990073528_20260802,,,,,,,,,,
天猫,中性,咨询,2026-08-02 10:44:50,电功率多少啊,小熊电器官方旗舰店,829752288160,小熊迷你内衣内裤洗衣机专用洗袜子全自动小型迷你小型婴儿清洗机,https://detail.tmall.com/item.htm?id=829752288160,a129266b8b11f3323ee7763aab8e48ca34e1aef5eae42334779c603651498374_2212775027940_20260802,,,,,,,,,,
天猫,中性,咨询,2026-08-02 10:41:00,这个是多少升的,小熊电器官方旗舰店,829752288160,小熊迷你内衣内裤洗衣机专用洗袜子全自动小型迷你小型婴儿清洗机,https://detail.tmall.com/item.htm?id=829752288160,b10f4d0e539bd771a5b83da7784a050268fde892e66bbb83e019f8abfd908ac3_2212796238773_20260802,,,,,,,,,,
天猫,中性,咨询,2026-08-02 10:37:33,抗菌的介绍一下。,小熊电器官方旗舰店,953780186914,小熊桶装水电动抽水器吸水器压水器自吸全自动抽水神器水泵上水器,https://detail.tmall.com/item.htm?id=953780186914,d0417bc8a7ed424ba7081c9b0be31f418ae0aafa5ce8b556b9956df32afabb12_2212837734466_20260802,,,,,,,,,,
天猫,中性,咨询,2026-08-02 10:36:54,有没有安装视频,小熊电器官方旗舰店,953780186914,小熊桶装水电动抽水器吸水器压水器自吸全自动抽水神器水泵上水器,https://detail.tmall.com/item.htm?id=953780186914,acb12e0397646184dc27443ceb30cbf3cbb6538e47a91f383f1d2d1888b9d1a3_2212455992463_20260802,,,,,,,,,,
天猫,中性,咨询,2026-08-02 10:36:13,你好，退货是包运费的嘛,小熊电器官方旗舰店,832406608200,小熊全玻璃恒温养生壶家用多功能办公室小型煮茶壶烧水壶炖煮一体,https://detail.tmall.com/item.htm?id=832406608200,9c25928cd6cf1585f05a9c3be598e530ec3168301896c82e5554887a5ef91c4f_2214916672660_20260802,,,,,,,,,,
天猫,中性,咨询,2026-08-02 10:34:56,使用视频发个<br>说明书二维码打开没这个款的教学视频没找到<br>,小熊电器官方旗舰店,832406608200,小熊全玻璃恒温养生壶家用多功能办公室小型煮茶壶烧水壶炖煮一体,https://detail.tmall.com/item.htm?id=832406608200,ee09fac4e250522d15d59f7e7a28244cc894a5e4ace32ff26683e5c7a75bf389_2222430908987_20260802,,,,,,,,,,
天猫,中性,咨询,2026-08-02 10:29:37,这个壶能泡奶用么 当做恒可以吗,小熊电器官方旗舰店,832406608200,小熊全玻璃恒温养生壶家用多功能办公室小型煮茶壶烧水壶炖煮一体,https://detail.tmall.com/item.htm?id=832406608200,72b181bc7b081541db56004a748a6c6aba9fa38a60a28f934a466d5ed703dde4_3990073528_20260802,,,,,,,,,,
天猫,中性,咨询,2026-08-02 10:29:06,好评有奖励吗<br>红包<br>,小熊电器官方旗舰店,652993501043,小熊电饭煲家用3到4人小型智能电饭锅陶瓷油内胆不粘微压快煮饭,https://detail.tmall.com/item.htm?id=652993501043,fe6871e3ea527ef8ffe9303c6d8691056f30f72a761d89d2b3397497b4cccbfa_2222156041569_20260802,,,,,,,,,,
天猫,中性,咨询,2026-08-02 10:22:01,怎么安装,小熊电器官方旗舰店,829752288160,小熊迷你内衣内裤洗衣机专用洗袜子全自动小型迷你小型婴儿清洗机,https://detail.tmall.com/item.htm?id=829752288160,96ca7e6b66fc1f2a3bfc588387d9d2c0cc7a4a67621fa1c315d4048463c8871e_2212775027940_20260802,,,,,,,,,,
天猫,中性,咨询,2026-08-02 10:21:42,我要咨询这个规格的商品<br>盖子打开以后有多高？<br>4月8号88券有个满减，能和百亿补贴叠加吗？<br>有安装吗？,小熊电器官方旗舰店,829752288160,小熊迷你内衣内裤洗衣机专用洗袜子全自动小型迷你小型婴儿清洗机,https://detail.tmall.com/item.htm?id=829752288160,f8ceefeb7f2f047d96e2e99231e19167f4ca2a0b0ee7472a9cc4af8698148a77_2212796238773_20260802,,,,,,,,,,
天猫,中性,咨询,2026-08-02 10:21:37,哪一款性价比好些,小熊电器官方旗舰店,953780186914,小熊桶装水电动抽水器吸水器压水器自吸全自动抽水神器水泵上水器,https://detail.tmall.com/item.htm?id=953780186914,f95eeeaaea2b38cead90737ad7909e71af6db88bd4a304417c14a7e87c4705ba_2219484290050_20260802,,,,,,,,,,
天猫,中性,咨询,2026-08-02 10:19:34,空气炸锅托盘四防滑套可以正常烤食物吗？<br>需不需要拿下来？<br>如果买空气炸锅用的纸，是直接放在托盘上就可以了<br>不用取出<br>不用取出托盘吗<br>,小熊电器官方旗舰店,652993501043,小熊电饭煲家用3到4人小型智能电饭锅陶瓷油内胆不粘微压快煮饭,https://detail.tmall.com/item.htm?id=652993501043,3500ff5d3c6163cc6749861ac06e8bd9f6ad642c9ab187bdb6e3c75773181179_2207802122733_20260802,,,,,,,,,,
天猫,中性,咨询,2026-08-02 10:19:20,这个怎么进水呀<br>水管怎么安装呀,小熊电器官方旗舰店,829752288160,小熊迷你内衣内裤洗衣机专用洗袜子全自动小型迷你小型婴儿清洗机,https://detail.tmall.com/item.htm?id=829752288160,d2bea33bc4c31858751f0102ecff3b8b7c42c1ab367d47b8a940bd6b62a3ccef_2212796238773_20260802,,,,,,,,,,
天猫,中性,咨询,2026-08-02 10:19:19,用接上下水吗<br>就留了一套上下水，想和洗衣机放在一起怎么办,小熊电器官方旗舰店,829752288160,小熊迷你内衣内裤洗衣机专用洗袜子全自动小型迷你小型婴儿清洗机,https://detail.tmall.com/item.htm?id=829752288160,3aaabb5985e0c93be9f92e4e4d5e00f7c642b2fcf1429fd76478bf895f9337fc_2212775027940_20260802,,,,,,,,,,
天猫,中性,咨询,2026-08-02 10:15:59,这个包安装吗？<br>县城内有免费安装吗？<br>我们在河南信阳淮滨。<br>好的好的，我先看看。<br>这个容量按说明书上的吗？我家四个人。<br>这个放大洗衣机上面影响大洗衣机吗？<br>我的意思是，他放在大洗衣上面使用它的重量会不会影响大洗衣机的使用？<br>它甩水脱水时的时候，会不会影响到洗衣机？,小熊电器官方旗舰店,829752288160,小熊迷你内衣内裤洗衣机专用洗袜子全自动小型迷你小型婴儿清洗机,https://detail.tmall.com/item.htm?id=829752288160,858aadf13c11d767911477d3dd131e33bcfbe0ed0cf258cabc447f546bba55fe_2212796238773_20260802,,,,,,,,,,
天猫,中性,咨询,2026-08-02 10:14:39,之前都不咕嘟咕嘟响的<br>这几天天天这样<br>之前没有<br>声音也不小,小熊电器官方旗舰店,832406608200,小熊全玻璃恒温养生壶家用多功能办公室小型煮茶壶烧水壶炖煮一体,https://detail.tmall.com/item.htm?id=832406608200,05ee184002a7811f8320563a3a2afa852b84a774a4d245adc5380fecfe837ed6_3990073528_20260802,,,,,,,,,,
天猫,负向,咨询,2026-08-02 10:10:14,为什么只亮灯不吸水<br>满电<br>没声音<br>没弯折<br>太麻烦<br>退款吧<br>坏了不能退款？<br>用了几天？<br>,小熊电器官方旗舰店,953780186914,小熊桶装水电动抽水器吸水器压水器自吸全自动抽水神器水泵上水器,https://detail.tmall.com/item.htm?id=953780186914,e34b50c9bc4c25416aca52f3b01209668088a0b17f6d152376ead11b74d78d86_2219484290050_20260802,,,,,,,,,,
天猫,负向,咨询,2026-08-02 10:10:14,为什么只亮灯不吸水<br>满电<br>没声音<br>没弯折<br>太麻烦<br>退款吧<br>坏了不能退款？<br>用了几天？<br>,小熊电器官方旗舰店,953780186914,小熊桶装水电动抽水器吸水器压水器自吸全自动抽水神器水泵上水器,https://detail.tmall.com/item.htm?id=953780186914,e34b50c9bc4c25416aca52f3b01209668088a0b17f6d152376ead11b74d78d86_2219484290050_20260802,,,,,,,,,,
天猫,负向,咨询,2026-08-02 10:09:56,我要退货,小熊电器官方旗舰店,652993501043,小熊电饭煲家用3到4人小型智能电饭锅陶瓷油内胆不粘微压快煮饭,https://detail.tmall.com/item.htm?id=652993501043,e75f07359abc903730d7fe580f1782607e8fa7896413c3f11bb6edd29c2e3a95_2214729411838_20260802,,,,,,,,,,
天猫,中性,咨询,2026-08-02 10:04:55,怎么安装,小熊电器官方旗舰店,829752288160,小熊迷你内衣内裤洗衣机专用洗袜子全自动小型迷你小型婴儿清洗机,https://detail.tmall.com/item.htm?id=829752288160,144fe3b8f1c2232cb19f885c99e4fa0ee671dd87f7f3b67622ecf647d9d301f2_2212775027940_20260802,,,,,,,,,,
天猫,中性,咨询,2026-08-02 10:02:58,请问4号国家补贴了和满减可以一起用吗<br>88vip可以叠加用？,小熊电器官方旗舰店,829752288160,小熊迷你内衣内裤洗衣机专用洗袜子全自动小型迷你小型婴儿清洗机,https://detail.tmall.com/item.htm?id=829752288160,278a4f89588b9a58fd9168b6ae3a42598dfb41574cee47fdb892fec731986908_2212775027940_20260802,,,,,,,,,,
天猫,中性,咨询,2026-08-02 10:02:33,老板<br>运费险有吗<br>有噪音吗<br>出水快吗<br>这盖子上能装吗<br>,小熊电器官方旗舰店,953780186914,小熊桶装水电动抽水器吸水器压水器自吸全自动抽水神器水泵上水器,https://detail.tmall.com/item.htm?id=953780186914,44ab874d1d9dd3a91a207e22fc428342143ffc4e6cdefdd860fdbc1e1c464c34_2212455992463_20260802,,,,,,,,,,
天猫,中性,咨询,2026-08-02 10:02:33,老板<br>运费险有吗<br>有噪音吗<br>出水快吗<br>这盖子上能装吗<br>,小熊电器官方旗舰店,953780186914,小熊桶装水电动抽水器吸水器压水器自吸全自动抽水神器水泵上水器,https://detail.tmall.com/item.htm?id=953780186914,44ab874d1d9dd3a91a207e22fc428342143ffc4e6cdefdd860fdbc1e1c464c34_2212455992463_20260802,,,,,,,,,,
天猫,中性,咨询,2026-08-02 09:58:50,产品尺寸多少,小熊电器官方旗舰店,829752288160,小熊迷你内衣内裤洗衣机专用洗袜子全自动小型迷你小型婴儿清洗机,https://detail.tmall.com/item.htm?id=829752288160,c9e5d0a7a0cdd6174f4ed9d36301c48f22cfb0747a592b6504eaee4f457ae16a_2212775027940_20260802,,,,,,,,,,
天猫,中性,咨询,2026-08-02 09:57:35,你好 免费安装怎么预约？<br>免费安装自带配件吗？还是需要额外收费？,小熊电器官方旗舰店,829752288160,小熊迷你内衣内裤洗衣机专用洗袜子全自动小型迷你小型婴儿清洗机,https://detail.tmall.com/item.htm?id=829752288160,64b4cd2cc5b93dd9ec6bf6598262be6bfedf4549da2b35680dd3a58fe2665179_2212775027940_20260802,,,,,,,,,,
天猫,中性,咨询,2026-08-02 09:57:35,你好 免费安装怎么预约？<br>免费安装自带配件吗？还是需要额外收费？,小熊电器官方旗舰店,829752288160,小熊迷你内衣内裤洗衣机专用洗袜子全自动小型迷你小型婴儿清洗机,https://detail.tmall.com/item.htm?id=829752288160,64b4cd2cc5b93dd9ec6bf6598262be6bfedf4549da2b35680dd3a58fe2665179_2212775027940_20260802,,,,,,,,,,
天猫,中性,咨询,2026-08-02 09:57:35,你好 免费安装怎么预约？<br>免费安装自带配件吗？还是需要额外收费？,小熊电器官方旗舰店,829752288160,小熊迷你内衣内裤洗衣机专用洗袜子全自动小型迷你小型婴儿清洗机,https://detail.tmall.com/item.htm?id=829752288160,64b4cd2cc5b93dd9ec6bf6598262be6bfedf4549da2b35680dd3a58fe2665179_2212775027940_20260802,,,,,,,,,,
天猫,中性,咨询,2026-08-02 09:57:35,你好 免费安装怎么预约？<br>免费安装自带配件吗？还是需要额外收费？,小熊电器官方旗舰店,829752288160,小熊迷你内衣内裤洗衣机专用洗袜子全自动小型迷你小型婴儿清洗机,https://detail.tmall.com/item.htm?id=829752288160,64b4cd2cc5b93dd9ec6bf6598262be6bfedf4549da2b35680dd3a58fe2665179_2212775027940_20260802,,,,,,,,,,
天猫,中性,咨询,2026-08-02 09:57:35,你好 免费安装怎么预约？<br>免费安装自带配件吗？还是需要额外收费？,小熊电器官方旗舰店,829752288160,小熊迷你内衣内裤洗衣机专用洗袜子全自动小型迷你小型婴儿清洗机,https://detail.tmall.com/item.htm?id=829752288160,64b4cd2cc5b93dd9ec6bf6598262be6bfedf4549da2b35680dd3a58fe2665179_2212775027940_20260802,,,,,,,,,,
天猫,中性,咨询,2026-08-02 09:56:47,问一下，为什么电饭锅不能煮粥了？<br>才买半年，就不行了,小熊电器官方旗舰店,652993501043,小熊电饭煲家用3到4人小型智能电饭锅陶瓷油内胆不粘微压快煮饭,https://detail.tmall.com/item.htm?id=652993501043,0aff2836a420f2757acc94afc1733ae85cdd5edddcdfcb7bdf0d9dc0a655081b_2212837734466_20260802,,,,,,,,,,
天猫,中性,咨询,2026-08-02 09:53:45,我买的小压锅<br>他提示e4,小熊电器官方旗舰店,652993501043,小熊电饭煲家用3到4人小型智能电饭锅陶瓷油内胆不粘微压快煮饭,https://detail.tmall.com/item.htm?id=652993501043,7d9c5537a923cbb086080f630aa169d4b46032caf9edab7f36d98a4ce4dd890f_2212837734466_20260802,,,,,,,,,,
天猫,正向,咨询,2026-08-02 09:52:19,煮饭时总有电流滋滋声，像接触不良<br>请做好用户接待，及时解决问题，2分系统会发送买家评价卡片。,小熊电器官方旗舰店,652993501043,小熊电饭煲家用3到4人小型智能电饭锅陶瓷油内胆不粘微压快煮饭,https://detail.tmall.com/item.htm?id=652993501043,335232d76a499c1260a86e4151ace420ab868068585bc155960c3572de9513ce_2215202023835_20260802,,,,,,,,,,
天猫,中性,咨询,2026-08-02 09:48:44,货已收到，帮忙联系安装！<br>货已收到，帮忙联系安装！<br>市通惠区幢1102室 联系人:生<br>今明两天,小熊电器官方旗舰店,829752288160,小熊迷你内衣内裤洗衣机专用洗袜子全自动小型迷你小型婴儿清洗机,https://detail.tmall.com/item.htm?id=829752288160,48a37b100ddbbdd12d451e6a749bbad2a493c51b234bbfb8c61866bc37c3758e_2212775027940_20260802,,,,,,,,,,
天猫,中性,咨询,2026-08-02 09:46:13,不需要安装可以把安装费退给我吗,小熊电器官方旗舰店,829752288160,小熊迷你内衣内裤洗衣机专用洗袜子全自动小型迷你小型婴儿清洗机,https://detail.tmall.com/item.htm?id=829752288160,082df05efa2ca393ccd397741577ed0ef09e5e6d7665b3ecd538229181058001_2212775027940_20260802,,,,,,,,,,
天猫,负向,咨询,2026-08-02 09:44:55,这个刚才烧茶噗出水了搞到这个底盘了还能用吗<br>这个底盘下面漏不漏啊会不会渗到下面电板去<br>可以是可以，我怕她漏水到下面，今天刚用上<br>,小熊电器官方旗舰店,832406608200,小熊全玻璃恒温养生壶家用多功能办公室小型煮茶壶烧水壶炖煮一体,https://detail.tmall.com/item.htm?id=832406608200,e46c0ab41bd57719e92e42e50905793d37cdd7b274d4ba246f165f6b109541f6_2216503573808_20260802,,,,,,,,,,
天猫,中性,咨询,2026-08-02 09:44:43,你好，收到货看着桶的空间太小了，洗不了几件<br>一次只能洗3件内裤吗<br>那太小了<br>店铺有尺寸再大一点的吗<br>这个价格购买一个大洗衣机了呢<br>尺寸很小价格偏高，不知道产品的优势特点是哪的,小熊电器官方旗舰店,829752288160,小熊迷你内衣内裤洗衣机专用洗袜子全自动小型迷你小型婴儿清洗机,https://detail.tmall.com/item.htm?id=829752288160,92460c25a1aa667d2f25a058c82009dedade444d946973f3392e542893eeaba4_2212775027940_20260802,,,,,,,,,,
天猫,中性,咨询,2026-08-02 09:44:38,这个现在不能买么？<br>预售是什么活动？,小熊电器官方旗舰店,1066545498108,【新品抢先加购 4号付定】小熊破壁机豆浆机全自动家用多功能新款,https://detail.tmall.com/item.htm?id=1066545498108,f53fae1847c805701ca758c5c95743cc77e7fd580aed2631356a2e6ab2fcc77d_2212470730276_20260802,,,,,,,,,,
天猫,负向,咨询,2026-08-02 09:43:13,之前在你们家买过一次电饭锅<br>现在这个按键按不动了是什么原因,小熊电器官方旗舰店,652993501043,小熊电饭煲家用3到4人小型智能电饭锅陶瓷油内胆不粘微压快煮饭,https://detail.tmall.com/item.htm?id=652993501043,8da86474aaf2b213ab70d93c2aecc9700f74b39ef351b032a95e5e2212b1d148_2219418595974_20260802,,,,,,,,,,
天猫,中性,咨询,2026-08-02 09:43:04,5.5的瓶口能卡紧吗<br>老顾客还能优惠吗,小熊电器官方旗舰店,953780186914,小熊桶装水电动抽水器吸水器压水器自吸全自动抽水神器水泵上水器,https://detail.tmall.com/item.htm?id=953780186914,71a2aecd51eaa43cefc2a27e17ca8cd7c9259dace4115fae0e9985872c223ef7_2212470730276_20260802,,,,,,,,,,
天猫,中性,咨询,2026-08-02 09:41:41,微压可以煮杂粮粥吗<br>这款能不能煮<br>微压是不是高压锅<br>内胆会不会掉漆,小熊电器官方旗舰店,652993501043,小熊电饭煲家用3到4人小型智能电饭锅陶瓷油内胆不粘微压快煮饭,https://detail.tmall.com/item.htm?id=652993501043,2c966e847071b730bd422230c203fd7b6dc3a8305ab7319042985f9605ed0e6a_2215202023835_20260802,,,,,,,,,,
天猫,中性,咨询,2026-08-02 09:41:41,微压可以煮杂粮粥吗<br>这款能不能煮<br>微压是不是高压锅<br>内胆会不会掉漆,小熊电器官方旗舰店,652993501043,小熊电饭煲家用3到4人小型智能电饭锅陶瓷油内胆不粘微压快煮饭,https://detail.tmall.com/item.htm?id=652993501043,2c966e847071b730bd422230c203fd7b6dc3a8305ab7319042985f9605ed0e6a_2215202023835_20260802,,,,,,,,,,
天猫,中性,咨询,2026-08-02 09:33:06,是8月4号才活动吗？<br>质保多久？<br>晒图返20元？<br>你是不不了解产品活动吗？,小熊电器官方旗舰店,832406608200,小熊全玻璃恒温养生壶家用多功能办公室小型煮茶壶烧水壶炖煮一体,https://detail.tmall.com/item.htm?id=832406608200,76a3d852e8f4b0633d31f56b26b4fb36110d4a9d4c9503c2f7e44aed6fc59d25_2217558974735_20260802,,,,,,,,,,
天猫,中性,咨询,2026-08-02 09:31:05,怎么预约,小熊电器官方旗舰店,652993501043,小熊电饭煲家用3到4人小型智能电饭锅陶瓷油内胆不粘微压快煮饭,https://detail.tmall.com/item.htm?id=652993501043,ffbd981c8476c3949d68e3e7f3e81716868c6fcfbe98a868c1009ffee02f8df5_2222156041569_20260802,,,,,,,,,,
天猫,中性,咨询,2026-08-02 09:27:30,你好，这个内衣洗衣机也需要一个专门的洗衣机水龙头是吗<br>家里只有一个洗衣机水龙头怎么办<br>那要是没有额外的洗衣机水龙头是不是就不能用,小熊电器官方旗舰店,829752288160,小熊迷你内衣内裤洗衣机专用洗袜子全自动小型迷你小型婴儿清洗机,https://detail.tmall.com/item.htm?id=829752288160,e6143d39da62eaf263555d4932233a6b5d037831e6de3f2455c4c2ae576fbc39_2212775027940_20260802,,,,,,,,,,
天猫,负向,咨询,2026-08-02 09:16:29,充电充不进去,小熊电器官方旗舰店,953780186914,小熊桶装水电动抽水器吸水器压水器自吸全自动抽水神器水泵上水器,https://detail.tmall.com/item.htm?id=953780186914,160ea69d2d68ac84df7347b5084191c5c0cf4dd0060e3804f5bb7c6ef66d4933_2212455992463_20260802,,,,,,,,,,
天猫,中性,咨询,2026-08-02 09:16:29,充电充不进去,小熊电器官方旗舰店,953780186914,小熊桶装水电动抽水器吸水器压水器自吸全自动抽水神器水泵上水器,https://detail.tmall.com/item.htm?id=953780186914,160ea69d2d68ac84df7347b5084191c5c0cf4dd0060e3804f5bb7c6ef66d4933_2212455992463_20260802,,,,,,,,,,
天猫,中性,咨询,2026-08-02 09:14:16,数据线多长,小熊电器官方旗舰店,832406608200,小熊全玻璃恒温养生壶家用多功能办公室小型煮茶壶烧水壶炖煮一体,https://detail.tmall.com/item.htm?id=832406608200,98f83132c1e1648cf569642dfd0bfddb4e426877ecfbd261a9c50ad9b8788b5d_3990073528_20260802,,,,,,,,,,
天猫,中性,咨询,2026-08-02 09:10:12,你好有优惠卷吗<br>,小熊电器官方旗舰店,652993501043,小熊电饭煲家用3到4人小型智能电饭锅陶瓷油内胆不粘微压快煮饭,https://detail.tmall.com/item.htm?id=652993501043,421210788a0309e5dfd5526e05160b6f4af2c52d9068dba2481a7160701d04b8_2215202023835_20260802,,,,,,,,,,
天猫,中性,咨询,2026-08-02 09:09:09,这个价保过两天有券便宜，那个能退吗？<br>那就先发货，到时候看价没有变化？<br>先买上用着,小熊电器官方旗舰店,953780186914,小熊桶装水电动抽水器吸水器压水器自吸全自动抽水神器水泵上水器,https://detail.tmall.com/item.htm?id=953780186914,92b2cf1633a83e06ae579e4cf2b69d00b1c9c6456e6a811820efb06b7cc3035c_2219484290050_20260802,,,,,,,,,,
天猫,中性,咨询,2026-08-02 09:09:09,这个价保过两天有券便宜，那个能退吗？<br>那就先发货，到时候看价没有变化？<br>先买上用着,小熊电器官方旗舰店,953780186914,小熊桶装水电动抽水器吸水器压水器自吸全自动抽水神器水泵上水器,https://detail.tmall.com/item.htm?id=953780186914,92b2cf1633a83e06ae579e4cf2b69d00b1c9c6456e6a811820efb06b7cc3035c_2219484290050_20260802,,,,,,,,,,
天猫,中性,咨询,2026-08-02 09:07:59,你好 昨天有个快递员东西拿走了<br>每个单号<br>没给单号,小熊电器官方旗舰店,832406608200,小熊全玻璃恒温养生壶家用多功能办公室小型煮茶壶烧水壶炖煮一体,https://detail.tmall.com/item.htm?id=832406608200,c6c3709c3704aec5b1c9d855166b3ebb12fc17e74a79ea8c6edc5680d618dc0b_2217774892980_20260802,,,,,,,,,,
天猫,正向,咨询,2026-08-02 09:06:45,好评有？,小熊电器官方旗舰店,953780186914,小熊桶装水电动抽水器吸水器压水器自吸全自动抽水神器水泵上水器,https://detail.tmall.com/item.htm?id=953780186914,93738fc64c9617215889fc650c6fab02a23fb6da1b1f63950c2ad77dceb46a49_2212455992463_20260802,,,,,,,,,,
天猫,中性,咨询,2026-08-02 09:00:26,可以洗几件内衣内裤<br>洗多久,小熊电器官方旗舰店,829752288160,小熊迷你内衣内裤洗衣机专用洗袜子全自动小型迷你小型婴儿清洗机,https://detail.tmall.com/item.htm?id=829752288160,44d17f9176c6c7f1a2379274eeccf427ad1fb8e0e07af4c9c972a7a1ed2b2f83_2212775027940_20260802,,,,,,,,,,
天猫,中性,咨询,2026-08-02 08:59:17,这个怎么安装<br>可以放在洗衣机上面吗<br>就是滚筒,小熊电器官方旗舰店,829752288160,小熊迷你内衣内裤洗衣机专用洗袜子全自动小型迷你小型婴儿清洗机,https://detail.tmall.com/item.htm?id=829752288160,ac27dfaec071c924bf1c9fe96240acd3fea4fad34ef6120be2a99c53a920ddd6_2212775027940_20260802,,,,,,,,,,
天猫,中性,咨询,2026-08-02 08:59:08,亲，你家有这个配件吗<br>电饭煲的<br>,小熊电器官方旗舰店,652993501043,小熊电饭煲家用3到4人小型智能电饭锅陶瓷油内胆不粘微压快煮饭,https://detail.tmall.com/item.htm?id=652993501043,aeacb87a138c123787572bac5812411d06185c1d3c50788b37e92e374e28b02f_2222357265163_20260802,,,,,,,,,,
天猫,中性,咨询,2026-08-02 08:53:09,你好，这个是几级能效？<br>怎么安装？,小熊电器官方旗舰店,829752288160,小熊迷你内衣内裤洗衣机专用洗袜子全自动小型迷你小型婴儿清洗机,https://detail.tmall.com/item.htm?id=829752288160,5ef94b5c71e4c8a0c0ceb2c0ba23afbc256d79a6fd76c8d5665a1c9ffed6a19d_2212775027940_20260802,,,,,,,,,,
天猫,中性,咨询,2026-08-02 08:51:26,盖子什么材质,小熊电器官方旗舰店,832406608200,小熊全玻璃恒温养生壶家用多功能办公室小型煮茶壶烧水壶炖煮一体,https://detail.tmall.com/item.htm?id=832406608200,ac67533cdfe46fa0f4f04b8713c8cdaa11203f50e524de1e1425d7b810beaac3_3990073528_20260802,,,,,,,,,,
天猫,中性,咨询,2026-08-02 08:44:38,怎么预约啊？,小熊电器官方旗舰店,652993501043,小熊电饭煲家用3到4人小型智能电饭锅陶瓷油内胆不粘微压快煮饭,https://detail.tmall.com/item.htm?id=652993501043,2b921ceb1c9bbb5aac1a22cf7405fe2a7f8050847fed82f459774f2f810fa187_2212837734466_20260802,,,,,,,,,,
天猫,中性,咨询,2026-08-02 08:43:55,我要咨询这个规格的商品<br>烧水多久可以烧沸<br>10分壶记忆是多么意思，如果在保态，提壶倒了杯水后，再放至烧盘还会继续再烧沸<br>10分呢？<br>,小熊电器官方旗舰店,832406608200,小熊全玻璃恒温养生壶家用多功能办公室小型煮茶壶烧水壶炖煮一体,https://detail.tmall.com/item.htm?id=832406608200,41502150ad0b0ca366748a515cc5a4c64c8a1ca520e4dfaf162cea39a4a493f5_3990073528_20260802,,,,,,,,,,
天猫,正向,咨询,2026-08-02 08:37:55,请做好用户接待，及时解决问题，2分系统会发送买家评价卡片。<br>您可采用如下与买家沟通协商：,小熊电器官方旗舰店,832406608200,小熊全玻璃恒温养生壶家用多功能办公室小型煮茶壶烧水壶炖煮一体,https://detail.tmall.com/item.htm?id=832406608200,c857ca5f9e41c7c8fb75105c845171c1776ad6eda14b8d92e579040dc5163953_3031399889_20260802,,,,,,,,,,
天猫,中性,咨询,2026-08-02 08:36:21,热水洗模式时间要多久,小熊电器官方旗舰店,829752288160,小熊迷你内衣内裤洗衣机专用洗袜子全自动小型迷你小型婴儿清洗机,https://detail.tmall.com/item.htm?id=829752288160,fdee3b987b111df767ac74aea89946807c0f4b8137962ead9c53350bd218c460_2212775027940_20260802,,,,,,,,,,
天猫,中性,咨询,2026-08-02 08:36:21,热水洗模式时间要多久,小熊电器官方旗舰店,829752288160,小熊迷你内衣内裤洗衣机专用洗袜子全自动小型迷你小型婴儿清洗机,https://detail.tmall.com/item.htm?id=829752288160,fdee3b987b111df767ac74aea89946807c0f4b8137962ead9c53350bd218c460_2212775027940_20260802,,,,,,,,,,
天猫,中性,咨询,2026-08-02 08:27:48,这个4.5升的怡宝纯净水能用吗？<br>6升的呢<br>多少升的都不能拧紧吗,小熊电器官方旗舰店,953780186914,小熊桶装水电动抽水器吸水器压水器自吸全自动抽水神器水泵上水器,https://detail.tmall.com/item.htm?id=953780186914,9b14c3471b126eaa3c5552ed9dcfcd9d3d288b1cd9a4bfb40642ba26e7dbbef9_2212455992463_20260802,,,,,,,,,,
天猫,中性,咨询,2026-08-02 08:24:07,这个抽水的管子有多长呀？<br>抽水的管子,小熊电器官方旗舰店,953780186914,小熊桶装水电动抽水器吸水器压水器自吸全自动抽水神器水泵上水器,https://detail.tmall.com/item.htm?id=953780186914,a273068e7db5cc4f2b57847fa417dfaa53de9c83fb161cca7dbc50777805ee64_2219484290050_20260802,,,,,,,,,,
天猫,中性,咨询,2026-08-02 08:23:41,电饭煲E3是什么错误代码？<br>,小熊电器官方旗舰店,652993501043,小熊电饭煲家用3到4人小型智能电饭锅陶瓷油内胆不粘微压快煮饭,https://detail.tmall.com/item.htm?id=652993501043,ca78d812bb62f62f76de2f4755595eaaeaa33e636553d9ad5361cf5258cc4e62_2215202023835_20260802,,,,,,,,,,
天猫,中性,咨询,2026-08-02 08:19:37,有使用说明吗，定时怎么弄<br>视频看不了<br>所有的功能都是自带定时的哈,小熊电器官方旗舰店,832406608200,小熊全玻璃恒温养生壶家用多功能办公室小型煮茶壶烧水壶炖煮一体,https://detail.tmall.com/item.htm?id=832406608200,227a0e7cd6552893d2a409a381ce15b245e6ab46ec5ce443be05862b1a07236b_2214916672660_20260802,,,,,,,,,,
天猫,中性,咨询,2026-08-02 08:15:48,您好，这个地址可以修改吗，填错了<br>派大星 省市区 市区路与兴路交叉口众创栋2,小熊电器官方旗舰店,832406608200,小熊全玻璃恒温养生壶家用多功能办公室小型煮茶壶烧水壶炖煮一体,https://detail.tmall.com/item.htm?id=832406608200,17c1ef0ae698e3c19ebb31989c513d5b57b46db70bbe9f56a0359d76a36f50ad_3990073528_20260802,,,,,,,,,,
天猫,中性,咨询,2026-08-02 08:15:48,您好，这个地址可以修改吗，填错了<br>派大星 省市区 市区路与兴路交叉口众创栋2,小熊电器官方旗舰店,832406608200,小熊全玻璃恒温养生壶家用多功能办公室小型煮茶壶烧水壶炖煮一体,https://detail.tmall.com/item.htm?id=832406608200,17c1ef0ae698e3c19ebb31989c513d5b57b46db70bbe9f56a0359d76a36f50ad_3990073528_20260802,,,,,,,,,,
天猫,中性,咨询,2026-08-02 08:06:41,这个怎么知道需要充电了<br>怎么闪啊<br>是抽水的时候吗,小熊电器官方旗舰店,953780186914,小熊桶装水电动抽水器吸水器压水器自吸全自动抽水神器水泵上水器,https://detail.tmall.com/item.htm?id=953780186914,0c03cbb30a6efb1ad9412cde98e372b6c405288e498d4f99c5f6b3ea7403537b_2212455992463_20260802,,,,,,,,,,
天猫,中性,咨询,2026-08-02 08:05:12,这才用多久.我还不怎么用,小熊电器官方旗舰店,832406608200,小熊全玻璃恒温养生壶家用多功能办公室小型煮茶壶烧水壶炖煮一体,https://detail.tmall.com/item.htm?id=832406608200,d68cbe423d58451317fffdc15e9bb07c3a622fd6f82cf16dabd35237faa51880_3990073528_20260802,,,,,,,,,,
天猫,中性,咨询,2026-08-02 08:04:27,约安装<br>省市县幸福区3栋1<br>开孔要自己出<br>开孔多少<br>我这边不开孔了,小熊电器官方旗舰店,829752288160,小熊迷你内衣内裤洗衣机专用洗袜子全自动小型迷你小型婴儿清洗机,https://detail.tmall.com/item.htm?id=829752288160,8bc1d4de54f3ffae6c0285cd5a41627323d55116b8b8cc2951edfc81e3d5d9e3_2212775027940_20260802,,,,,,,,,,
天猫,中性,咨询,2026-08-02 08:00:36,下限容量是多少<br>能打冰块吗<br>搅拌和加热功率是多少<br>保时候机器还继续搅拌吗<br>不搅拌不能糊底吗,小熊电器官方旗舰店,1066545498108,【新品抢先加购 4号付定】小熊破壁机豆浆机全自动家用多功能新款,https://detail.tmall.com/item.htm?id=1066545498108,722dad4e27878a9540d9e2543d544f8e613b22033bf97a2e1245915fc6d24944_2212470730276_20260802,,,,,,,,,,
天猫,中性,咨询,2026-08-02 08:00:36,下限容量是多少<br>能打冰块吗<br>搅拌和加热功率是多少<br>保时候机器还继续搅拌吗<br>不搅拌不能糊底吗,小熊电器官方旗舰店,1066545498108,【新品抢先加购 4号付定】小熊破壁机豆浆机全自动家用多功能新款,https://detail.tmall.com/item.htm?id=1066545498108,722dad4e27878a9540d9e2543d544f8e613b22033bf97a2e1245915fc6d24944_2212470730276_20260802,,,,,,,,,,
天猫,中性,咨询,2026-08-02 08:00:36,下限容量是多少<br>能打冰块吗<br>搅拌和加热功率是多少<br>保时候机器还继续搅拌吗<br>不搅拌不能糊底吗,小熊电器官方旗舰店,1066545498108,【新品抢先加购 4号付定】小熊破壁机豆浆机全自动家用多功能新款,https://detail.tmall.com/item.htm?id=1066545498108,722dad4e27878a9540d9e2543d544f8e613b22033bf97a2e1245915fc6d24944_2212470730276_20260802,,,,,,,,,,
天猫,中性,咨询,2026-08-02 08:00:36,下限容量是多少<br>能打冰块吗<br>搅拌和加热功率是多少<br>保时候机器还继续搅拌吗<br>不搅拌不能糊底吗,小熊电器官方旗舰店,1066545498108,【新品抢先加购 4号付定】小熊破壁机豆浆机全自动家用多功能新款,https://detail.tmall.com/item.htm?id=1066545498108,722dad4e27878a9540d9e2543d544f8e613b22033bf97a2e1245915fc6d24944_2212470730276_20260802,,,,,,,,,,
天猫,中性,咨询,2026-08-02 07:57:25,多久能烧开一壶水,小熊电器官方旗舰店,832406608200,小熊全玻璃恒温养生壶家用多功能办公室小型煮茶壶烧水壶炖煮一体,https://detail.tmall.com/item.htm?id=832406608200,3056b02963c994f95a42a47d8c04bf4e574eb7889a814d61f61cccfe33f8643f_3031399889_20260802,,,,,,,,,,
天猫,中性,咨询,2026-08-02 07:55:27,7升能洗多少东西呀,小熊电器官方旗舰店,829752288160,小熊迷你内衣内裤洗衣机专用洗袜子全自动小型迷你小型婴儿清洗机,https://detail.tmall.com/item.htm?id=829752288160,363351cb1a9f5355234f5730c0b0d916030b723239d3a583134f73631e86e50e_3031399889_20260802,,,,,,,,,,
天猫,负向,咨询,2026-08-02 07:29:27,质量也太差了吧<br>希望你们重新寄个玻璃壶,小熊电器官方旗舰店,832406608200,小熊全玻璃恒温养生壶家用多功能办公室小型煮茶壶烧水壶炖煮一体,https://detail.tmall.com/item.htm?id=832406608200,3be0460d01eb8373f34080fb7b98e07d433228849808d2d26be2c8d18fef30f7_3031399889_20260802,,,,,,,,,,
天猫,负向,咨询,2026-08-02 07:29:27,质量也太差了吧<br>希望你们重新寄个玻璃壶,小熊电器官方旗舰店,832406608200,小熊全玻璃恒温养生壶家用多功能办公室小型煮茶壶烧水壶炖煮一体,https://detail.tmall.com/item.htm?id=832406608200,3be0460d01eb8373f34080fb7b98e07d433228849808d2d26be2c8d18fef30f7_3031399889_20260802,,,,,,,,,,
天猫,中性,咨询,2026-08-02 07:23:39,声音小吗,小熊电器官方旗舰店,953780186914,小熊桶装水电动抽水器吸水器压水器自吸全自动抽水神器水泵上水器,https://detail.tmall.com/item.htm?id=953780186914,8146c2326d1c4548991c6abfe347d58ad6faaf30426c41e7f9f339ece61f2c59_3031399889_20260802,,,,,,,,,,
天猫,中性,咨询,2026-08-02 07:04:12,下面的加热器可以放其他的锅加热吗,小熊电器官方旗舰店,832406608200,小熊全玻璃恒温养生壶家用多功能办公室小型煮茶壶烧水壶炖煮一体,https://detail.tmall.com/item.htm?id=832406608200,133744542fa32ec7a98b3ca1bd1c5aef5ca424c230611ee6a27efd6a73f472d3_3031399889_20260802,,,,,,,,,,
天猫,负向,咨询,2026-08-02 05:38:45,希望发货时给我检查好质量，包装的好一点，别让快递弄坏了<br>刚买了你家电饭煲跟电炒锅，希望检查好质量再发货，打包时包装的好一点，以免快递给弄坏了,小熊电器官方旗舰店,652993501043,小熊电饭煲家用3到4人小型智能电饭锅陶瓷油内胆不粘微压快煮饭,https://detail.tmall.com/item.htm?id=652993501043,af20a0a8d4f043402d13ae5b9c37af13795835edc9996bae07d51f72db4694f7_3031399889_20260802,,,,,,,,,,
天猫,正向,咨询,2026-08-02 05:38:45,希望发货时给我检查好质量，包装的好一点，别让快递弄坏了<br>刚买了你家电饭煲跟电炒锅，希望检查好质量再发货，打包时包装的好一点，以免快递给弄坏了,小熊电器官方旗舰店,652993501043,小熊电饭煲家用3到4人小型智能电饭锅陶瓷油内胆不粘微压快煮饭,https://detail.tmall.com/item.htm?id=652993501043,af20a0a8d4f043402d13ae5b9c37af13795835edc9996bae07d51f72db4694f7_3031399889_20260802,,,,,,,,,,
天猫,正向,咨询,2026-08-02 05:38:45,希望发货时给我检查好质量，包装的好一点，别让快递弄坏了<br>刚买了你家电饭煲跟电炒锅，希望检查好质量再发货，打包时包装的好一点，以免快递给弄坏了,小熊电器官方旗舰店,652993501043,小熊电饭煲家用3到4人小型智能电饭锅陶瓷油内胆不粘微压快煮饭,https://detail.tmall.com/item.htm?id=652993501043,af20a0a8d4f043402d13ae5b9c37af13795835edc9996bae07d51f72db4694f7_3031399889_20260802,,,,,,,,,,
天猫,中性,咨询,2026-08-02 01:50:13,改地址<br>广西县镇朝路077号圣德园五幢五,小熊电器官方旗舰店,652993501043,小熊电饭煲家用3到4人小型智能电饭锅陶瓷油内胆不粘微压快煮饭,https://detail.tmall.com/item.htm?id=652993501043,831e3f083a473135aeaf5186b97129459d9e8e80fe2a8650b09838dce962901e_3031399889_20260802,,,,,,,,,,
天猫,中性,咨询,2026-08-02 01:40:04,怎么安装,小熊电器官方旗舰店,829752288160,小熊迷你内衣内裤洗衣机专用洗袜子全自动小型迷你小型婴儿清洗机,https://detail.tmall.com/item.htm?id=829752288160,c0e18fb086525718d8154c12e66b45204627f2c0729c259d926b3c13059a3101_3031399889_20260802,,,,,,,,,,
天猫,正向,咨询,2026-08-02 01:28:42,那种的煮饭好吃一点,小熊电器官方旗舰店,652993501043,小熊电饭煲家用3到4人小型智能电饭锅陶瓷油内胆不粘微压快煮饭,https://detail.tmall.com/item.htm?id=652993501043,2bae56445d0d0bf55e7b48092c19770511061c9e94e4405363ad51cfa914a07a_3031399889_20260802,,,,,,,,,,
天猫,中性,咨询,2026-08-02 00:24:19,没有客服吗,小熊电器官方旗舰店,652993501043,小熊电饭煲家用3到4人小型智能电饭锅陶瓷油内胆不粘微压快煮饭,https://detail.tmall.com/item.htm?id=652993501043,101306d33a54a952c8cafcb0053c7d167e805337c65644e7995e508f60997dd8_3031399889_20260802,,,,,,,,,,
天猫,中性,咨询,2026-08-02 00:23:57,你好，这个质保多久<br>壶嘴有过滤器吗,小熊电器官方旗舰店,832406608200,小熊全玻璃恒温养生壶家用多功能办公室小型煮茶壶烧水壶炖煮一体,https://detail.tmall.com/item.htm?id=832406608200,44a89e2635289721426c2681a4ad06971741fb7d0bbe23b2e823ffb4bf73a631_3031399889_20260802,,,,,,,,,,
天猫,负向,咨询,2026-08-02 00:07:17,我要退货<br>快递我没拆过,小熊电器官方旗舰店,652993501043,小熊电饭煲家用3到4人小型智能电饭锅陶瓷油内胆不粘微压快煮饭,https://detail.tmall.com/item.htm?id=652993501043,e75f07359abc903730d7fe580f1782607e8fa7896413c3f11bb6edd29c2e3a95_3031399889_20260802,,,,,,,,,,
天猫,中性,咨询,2026-08-02 00:06:01,1.5升的滤网多少钱,小熊电器官方旗舰店,832406608200,小熊全玻璃恒温养生壶家用多功能办公室小型煮茶壶烧水壶炖煮一体,https://detail.tmall.com/item.htm?id=832406608200,4035ed67c8a75834ed08f70f3395a1e8dcd708e86b1bd546b3755aad65461f4a_3031399889_20260802,,,,,,,,,,
天猫,中性,咨询,2026-08-01 23:54:58,保质期多久,小熊电器官方旗舰店,829752288160,小熊迷你内衣内裤洗衣机专用洗袜子全自动小型迷你小型婴儿清洗机,https://detail.tmall.com/item.htm?id=829752288160,31ac92a9d8253e4eec547063dd8d73c9efdaf6538c70033157e332e62d1be6bb_2209570416623_20260801,,,,,,,,,,
天猫,中性,咨询,2026-08-01 23:54:58,保质期多久,小熊电器官方旗舰店,829752288160,小熊迷你内衣内裤洗衣机专用洗袜子全自动小型迷你小型婴儿清洗机,https://detail.tmall.com/item.htm?id=829752288160,31ac92a9d8253e4eec547063dd8d73c9efdaf6538c70033157e332e62d1be6bb_2209570416623_20260801,,,,,,,,,,
天猫,负向,咨询,2026-08-01 23:38:57,炸了！！这个壶,小熊电器官方旗舰店,832406608200,小熊全玻璃恒温养生壶家用多功能办公室小型煮茶壶烧水壶炖煮一体,https://detail.tmall.com/item.htm?id=832406608200,30ddb06ead2b9d819074fda846e2437b9a9c31cedb885378040a252f8a939129_2219167311332_20260801,,,,,,,,,,
天猫,中性,咨询,2026-08-01 23:36:38,这个烧水快吗,小熊电器官方旗舰店,832406608200,小熊全玻璃恒温养生壶家用多功能办公室小型煮茶壶烧水壶炖煮一体,https://detail.tmall.com/item.htm?id=832406608200,764ebaa9df57a3fe2e882f53b6145720ae32e5aac1e80e9e4c16d297c0443bfc_2217778896413_20260801,,,,,,,,,,
天猫,中性,咨询,2026-08-01 23:20:42,这个洗衣机水怎么弄,小熊电器官方旗舰店,829752288160,小熊迷你内衣内裤洗衣机专用洗袜子全自动小型迷你小型婴儿清洗机,https://detail.tmall.com/item.htm?id=829752288160,9335eb33f2e32436e3b94cca986168da1e33530cebfb099a2ca42451ee9a19ca_2209570416623_20260801,,,,,,,,,,
天猫,中性,咨询,2026-08-01 23:08:19,有什么优惠呢,小熊电器官方旗舰店,1066545498108,【新品首发】小熊破壁机豆浆机全自动家用静音多功能榨汁机新款,https://detail.tmall.com/item.htm?id=1066545498108,450be3a68348226ba9431f99b554ccc6b370845f0859e463c8fd64a5ef3f8453_2215212157400_20260801,,,,,,,,,,
天猫,中性,咨询,2026-08-01 22:47:59,煮粥功能是一定要一个半小时才熟是吗？,小熊电器官方旗舰店,652993501043,小熊电饭煲家用3到4人小型智能电饭锅陶瓷油内胆不粘微压快煮饭,https://detail.tmall.com/item.htm?id=652993501043,79429d798cf267a3e3a4c0ac28016e98582b912f276068acf5d259b6b9762bf6_2222633286999_20260801,,,,,,,,,,
天猫,中性,咨询,2026-08-01 22:47:47,太小了，洗不了多少东西，刚拆开用了一次，可以退吗？,小熊电器官方旗舰店,829752288160,小熊迷你内衣内裤洗衣机专用洗袜子全自动小型迷你小型婴儿清洗机,https://detail.tmall.com/item.htm?id=829752288160,0d9df1be37fb3c5a9e623dea04c2660690520027ae1c034cd7dee3c19c359f84_2222234020629_20260801,,,,,,,,,,
天猫,中性,咨询,2026-08-01 22:47:14,这款有送东西吗,小熊电器官方旗舰店,1066545498108,【新品首发】小熊破壁机豆浆机全自动家用静音多功能榨汁机新款,https://detail.tmall.com/item.htm?id=1066545498108,333c0efaaa5e652ef0e28a53ba6c0180b9295a475b7ee889c4391d579b92ffe0_2215543343493_20260801,,,,,,,,,,
天猫,中性,咨询,2026-08-01 22:45:39,是不是评价返现20的活动,小熊电器官方旗舰店,652993501043,小熊电饭煲家用3到4人小型智能电饭锅陶瓷油内胆不粘微压快煮饭,https://detail.tmall.com/item.htm?id=652993501043,dc950b54cea32f0a30f38b52bbabc19f70c07161932f6ba7c4713cb92c14e60e_2208914208902_20260801,,,,,,,,,,
天猫,中性,咨询,2026-08-01 22:43:01,这个可以煮粥吗,小熊电器官方旗舰店,832406608200,小熊全玻璃恒温养生壶家用多功能办公室小型煮茶壶烧水壶炖煮一体,https://detail.tmall.com/item.htm?id=832406608200,2ecc3eeb2961fa4ea6dce43eee43c5049f483ced6405626bf0a2704416ba8888_2219417355482_20260801,,,,,,,,,,
天猫,中性,咨询,2026-08-01 22:39:16,发什么快递<br>能不能我出运费发顺丰或者京东,小熊电器官方旗舰店,953780186914,小熊桶装水电动抽水器吸水器压水器自吸全自动抽水神器水泵上水器,https://detail.tmall.com/item.htm?id=953780186914,a74dbe6b2c2b43360519c346b85124875385ed931d1785b66beb6b52ab76b931_2220272649006_20260801,,,,,,,,,,
天猫,负向,咨询,2026-08-01 22:39:16,发什么快递<br>能不能我出运费发顺丰或者京东,小熊电器官方旗舰店,953780186914,小熊桶装水电动抽水器吸水器压水器自吸全自动抽水神器水泵上水器,https://detail.tmall.com/item.htm?id=953780186914,a74dbe6b2c2b43360519c346b85124875385ed931d1785b66beb6b52ab76b931_2220272649006_20260801,,,,,,,,,,
天猫,中性,咨询,2026-08-01 22:38:25,这个多重啊,小熊电器官方旗舰店,829752288160,小熊迷你内衣内裤洗衣机专用洗袜子全自动小型迷你小型婴儿清洗机,https://detail.tmall.com/item.htm?id=829752288160,d075276a9b0de15701166700e8c72a88a8211f3de0295da4601954008176b74e_2209570416623_20260801,,,,,,,,,,
天猫,中性,咨询,2026-08-01 22:37:09,是好评返20吗？<br>优惠券,小熊电器官方旗舰店,832406608200,小熊全玻璃恒温养生壶家用多功能办公室小型煮茶壶烧水壶炖煮一体,https://detail.tmall.com/item.htm?id=832406608200,9e6fcd1aa7803115a914916a0870fe46aa4cfdd136f28cf6d54c47ec699a745d_2215107505922_20260801,,,,,,,,,,
天猫,中性,咨询,2026-08-01 22:36:50,小饭煲怎么预约煮粥<br>我是有个老款,小熊电器官方旗舰店,652993501043,小熊电饭煲家用3到4人小型智能电饭锅陶瓷油内胆不粘微压快煮饭,https://detail.tmall.com/item.htm?id=652993501043,c3c00ed6b39f98ca2fb4f30c5131f5e872d038ae7cd5c4db4b4a4b4ab48efdaa_2222633286999_20260801,,,,,,,,,,
天猫,负向,咨询,2026-08-01 22:32:58,这个壶炸了,小熊电器官方旗舰店,832406608200,小熊全玻璃恒温养生壶家用多功能办公室小型煮茶壶烧水壶炖煮一体,https://detail.tmall.com/item.htm?id=832406608200,7ccdf8d551b4861e5e59e289c2b8732b6a921f89a180f3a510cc1535434fb603_2219167311332_20260801,,,,,,,,,,
天猫,中性,咨询,2026-08-01 22:31:45,这个怎么安装？<br>可以安装吗<br>不知道长和宽是多少<br>这个放大洗衣机上面承重可以吗<br>进水后<br>进水管长度够吧<br>放洗衣机上面<br>洗衣机固定的，管子怎么放进去<br>里面放的盒子<br>是放了纸盒<br>看了可以<br>排水管放在洗手池就可以了是吗<br>可以国补是吗<br>,小熊电器官方旗舰店,829752288160,小熊迷你内衣内裤洗衣机专用洗袜子全自动小型迷你小型婴儿清洗机,https://detail.tmall.com/item.htm?id=829752288160,17da6ad0636593714fdf49bbce0062534b6103f1d39103f05748fd732a4d632b_2209570416623_20260801,,,,,,,,,,
天猫,中性,咨询,2026-08-01 22:31:45,这个怎么安装？<br>可以安装吗<br>不知道长和宽是多少<br>这个放大洗衣机上面承重可以吗<br>进水后<br>进水管长度够吧<br>放洗衣机上面<br>洗衣机固定的，管子怎么放进去<br>里面放的盒子<br>是放了纸盒<br>看了可以<br>排水管放在洗手池就可以了是吗<br>可以国补是吗<br>,小熊电器官方旗舰店,829752288160,小熊迷你内衣内裤洗衣机专用洗袜子全自动小型迷你小型婴儿清洗机,https://detail.tmall.com/item.htm?id=829752288160,17da6ad0636593714fdf49bbce0062534b6103f1d39103f05748fd732a4d632b_2209570416623_20260801,,,,,,,,,,
天猫,中性,咨询,2026-08-01 22:31:45,这个怎么安装？<br>可以安装吗<br>不知道长和宽是多少<br>这个放大洗衣机上面承重可以吗<br>进水后<br>进水管长度够吧<br>放洗衣机上面<br>洗衣机固定的，管子怎么放进去<br>里面放的盒子<br>是放了纸盒<br>看了可以<br>排水管放在洗手池就可以了是吗<br>可以国补是吗<br>,小熊电器官方旗舰店,829752288160,小熊迷你内衣内裤洗衣机专用洗袜子全自动小型迷你小型婴儿清洗机,https://detail.tmall.com/item.htm?id=829752288160,17da6ad0636593714fdf49bbce0062534b6103f1d39103f05748fd732a4d632b_2209570416623_20260801,,,,,,,,,,
天猫,中性,咨询,2026-08-01 22:25:30,盖子是什么材质的<br>好评不是20吗？现在下单领10元<br>收获之后在返20红包是吗？<br>分享是什么意思<br>就是评价吗？<br>好评？<br>下单10元优惠券<br>已经退了<br>到货好评在返20元红包对吧<br>刚才我这显示再买多少可以减40<br>怎么不行呢<br>不是这单<br>显示再买108减40,小熊电器官方旗舰店,832406608200,小熊全玻璃恒温养生壶家用多功能办公室小型煮茶壶烧水壶炖煮一体,https://detail.tmall.com/item.htm?id=832406608200,9e6fcd1aa7803115a914916a0870fe46aa4cfdd136f28cf6d54c47ec699a745d_2217778896413_20260801,,,,,,,,,,
天猫,中性,咨询,2026-08-01 22:25:30,盖子是什么材质的<br>好评不是20吗？现在下单领10元<br>收获之后在返20红包是吗？<br>分享是什么意思<br>就是评价吗？<br>好评？<br>下单10元优惠券<br>已经退了<br>到货好评在返20元红包对吧<br>刚才我这显示再买多少可以减40<br>怎么不行呢<br>不是这单<br>显示再买108减40,小熊电器官方旗舰店,832406608200,小熊全玻璃恒温养生壶家用多功能办公室小型煮茶壶烧水壶炖煮一体,https://detail.tmall.com/item.htm?id=832406608200,9e6fcd1aa7803115a914916a0870fe46aa4cfdd136f28cf6d54c47ec699a745d_2217778896413_20260801,,,,,,,,,,
天猫,正向,咨询,2026-08-01 22:25:30,盖子是什么材质的<br>好评不是20吗？现在下单领10元<br>收获之后在返20红包是吗？<br>分享是什么意思<br>就是评价吗？<br>好评？<br>下单10元优惠券<br>已经退了<br>到货好评在返20元红包对吧<br>刚才我这显示再买多少可以减40<br>怎么不行呢<br>不是这单<br>显示再买108减40,小熊电器官方旗舰店,832406608200,小熊全玻璃恒温养生壶家用多功能办公室小型煮茶壶烧水壶炖煮一体,https://detail.tmall.com/item.htm?id=832406608200,9e6fcd1aa7803115a914916a0870fe46aa4cfdd136f28cf6d54c47ec699a745d_2217778896413_20260801,,,,,,,,,,
天猫,中性,咨询,2026-08-01 22:25:30,盖子是什么材质的<br>好评不是20吗？现在下单领10元<br>收获之后在返20红包是吗？<br>分享是什么意思<br>就是评价吗？<br>好评？<br>下单10元优惠券<br>已经退了<br>到货好评在返20元红包对吧<br>刚才我这显示再买多少可以减40<br>怎么不行呢<br>不是这单<br>显示再买108减40,小熊电器官方旗舰店,832406608200,小熊全玻璃恒温养生壶家用多功能办公室小型煮茶壶烧水壶炖煮一体,https://detail.tmall.com/item.htm?id=832406608200,9e6fcd1aa7803115a914916a0870fe46aa4cfdd136f28cf6d54c47ec699a745d_2217778896413_20260801,,,,,,,,,,
天猫,负向,咨询,2026-08-01 22:25:30,盖子是什么材质的<br>好评不是20吗？现在下单领10元<br>收获之后在返20红包是吗？<br>分享是什么意思<br>就是评价吗？<br>好评？<br>下单10元优惠券<br>已经退了<br>到货好评在返20元红包对吧<br>刚才我这显示再买多少可以减40<br>怎么不行呢<br>不是这单<br>显示再买108减40,小熊电器官方旗舰店,832406608200,小熊全玻璃恒温养生壶家用多功能办公室小型煮茶壶烧水壶炖煮一体,https://detail.tmall.com/item.htm?id=832406608200,9e6fcd1aa7803115a914916a0870fe46aa4cfdd136f28cf6d54c47ec699a745d_2217778896413_20260801,,,,,,,,,,
天猫,中性,咨询,2026-08-01 22:22:54,烧45度大概多久,小熊电器官方旗舰店,832406608200,小熊全玻璃恒温养生壶家用多功能办公室小型煮茶壶烧水壶炖煮一体,https://detail.tmall.com/item.htm?id=832406608200,731d29788b6647d2c413389c2628d650a73cd998b7374722c56938450b835dcb_2217778896413_20260801,,,,,,,,,,
天猫,中性,咨询,2026-08-01 22:15:10,你好，定时怎么调,小熊电器官方旗舰店,832406608200,小熊全玻璃恒温养生壶家用多功能办公室小型煮茶壶烧水壶炖煮一体,https://detail.tmall.com/item.htm?id=832406608200,c93a4188a4441136a1ee95f2d70a9c4d1f733cf67f3e19b9c54c974779adbf83_2217778896413_20260801,,,,,,,,,,
天猫,中性,咨询,2026-08-01 22:05:46,包安装吗,小熊电器官方旗舰店,829752288160,小熊迷你内衣内裤洗衣机专用洗袜子全自动小型迷你小型婴儿清洗机,https://detail.tmall.com/item.htm?id=829752288160,079a635e40d0d3b9d775a1b0e11482c50e3a971aacbebfb5b0d7056b6a2c1b65_2209570416623_20260801,,,,,,,,,,
天猫,中性,咨询,2026-08-01 22:03:01,壶盖什么材质的,小熊电器官方旗舰店,832406608200,小熊全玻璃恒温养生壶家用多功能办公室小型煮茶壶烧水壶炖煮一体,https://detail.tmall.com/item.htm?id=832406608200,cdf3a104ca80b05ebd82abfcacf5c3856c5ff4b53c76a3e78537b15441482856_2217778896413_20260801,,,,,,,,,,
天猫,负向,咨询,2026-08-01 22:01:56,那我这个要退回吗？<br>那运费我先垫付？<br>意思是寄的运费需要我承担么<br>我这单是谁支费？<br>那我寄回去的话，最近不能用了怎么办<br>能先寄新的来吗<br>好的麻烦先帮我下单新的吧<br>等收到了我这边寄旧的好吗<br>那我先下单新的，等新的到了我把旧的退回去，可以的吧？,小熊电器官方旗舰店,953780186914,小熊桶装水电动抽水器吸水器压水器自吸全自动抽水神器水泵上水器,https://detail.tmall.com/item.htm?id=953780186914,dc532bcec5b88838f2fe459bfe7e57f64b10c41b9056ab6f94789f4c94e8e69b_2222166184646_20260801,,,,,,,,,,
天猫,中性,咨询,2026-08-01 22:01:11,充电时一直这样闪灯吗,小熊电器官方旗舰店,953780186914,小熊桶装水电动抽水器吸水器压水器自吸全自动抽水神器水泵上水器,https://detail.tmall.com/item.htm?id=953780186914,ae8f39af80086f622b6870abfee0f91f7283591fc139b22f95adac7c567a821a_2220272649006_20260801,,,,,,,,,,
天猫,中性,咨询,2026-08-01 22:00:56,这款的使用视频有吗<br>我要这款的使用视频<br>,小熊电器官方旗舰店,953780186914,小熊桶装水电动抽水器吸水器压水器自吸全自动抽水神器水泵上水器,https://detail.tmall.com/item.htm?id=953780186914,bcae1ab47262d127e35b48ed87cf4d9197defeac9f83975c7952b19284823a55_2222166184646_20260801,,,,,,,,,,
天猫,中性,咨询,2026-08-01 21:56:44,你好，这个防干烧吗？,小熊电器官方旗舰店,832406608200,小熊全玻璃恒温养生壶家用多功能办公室小型煮茶壶烧水壶炖煮一体,https://detail.tmall.com/item.htm?id=832406608200,8bac6c4982bc18f5418e6d679a7509d50898fec796893bdb7ded39f59896fffb_2217778896413_20260801,,,,,,,,,,
天猫,中性,咨询,2026-08-01 21:47:16,内盖怎么组装,小熊电器官方旗舰店,652993501043,小熊电饭煲家用3到4人小型智能电饭锅陶瓷油内胆不粘微压快煮饭,https://detail.tmall.com/item.htm?id=652993501043,998072c5c214a0ad5e76c494d63998ea941989c7dcabff6dbd0537e7a43c5ebd_2222633286999_20260801,,,,,,,,,,
天猫,中性,咨询,2026-08-01 21:42:04,想问一下，这个是多少升的？<br>洗多少公斤的衣服？<br>产品介绍，这里写了容量七升<br>是哪个款？<br>,小熊电器官方旗舰店,829752288160,小熊迷你内衣内裤洗衣机专用洗袜子全自动小型迷你小型婴儿清洗机,https://detail.tmall.com/item.htm?id=829752288160,096f560c42214dc5d0f7b0be448e647b086f1d22f6c069d94e41ac6860321e49_2209570416623_20260801,,,,,,,,,,
天猫,中性,咨询,2026-08-01 21:39:45,新疆阿勒区吉县包邮吗？,小熊电器官方旗舰店,953780186914,小熊桶装水电动抽水器吸水器压水器自吸全自动抽水神器水泵上水器,https://detail.tmall.com/item.htm?id=953780186914,0455ae45cf612552d29d3596d9d29c52fe081ee64e76bc0f049cd9b869236159_2222166184646_20260801,,,,,,,,,,
天猫,中性,咨询,2026-08-01 21:37:32,怎么一保就显示E3,小熊电器官方旗舰店,832406608200,小熊全玻璃恒温养生壶家用多功能办公室小型煮茶壶烧水壶炖煮一体,https://detail.tmall.com/item.htm?id=832406608200,6dec0e88dbc86cd69004963f2a11a67f157b97bdcaeca0faeba49713771be953_2222166184646_20260801,,,,,,,,,,
天猫,中性,咨询,2026-08-01 21:37:32,怎么一保就显示E3,小熊电器官方旗舰店,832406608200,小熊全玻璃恒温养生壶家用多功能办公室小型煮茶壶烧水壶炖煮一体,https://detail.tmall.com/item.htm?id=832406608200,6dec0e88dbc86cd69004963f2a11a67f157b97bdcaeca0faeba49713771be953_2222166184646_20260801,,,,,,,,,,
天猫,中性,咨询,2026-08-01 21:37:02,18升大的桶装水可以用吗<br>怎么安装<br>怎么固定到桶口，摇晃吗<br>桌面抽水那款，管子在哪<br>我想放在桌面，可是我不知道管子怎么接<br>容易安装吗<br>我自己能不能安，女的,小熊电器官方旗舰店,953780186914,小熊桶装水电动抽水器吸水器压水器自吸全自动抽水神器水泵上水器,https://detail.tmall.com/item.htm?id=953780186914,6870188b03fe34fef2b6a8d77d6edc87b9c2c3c223d388228b28a9171c2d4c44_2222166184646_20260801,,,,,,,,,,
天猫,负向,咨询,2026-08-01 21:34:11,这个刚收到。怎么没有说明书,小熊电器官方旗舰店,832406608200,小熊全玻璃恒温养生壶家用多功能办公室小型煮茶壶烧水壶炖煮一体,https://detail.tmall.com/item.htm?id=832406608200,5a5dbc5f3373a2d7abfdd7c3ce415d12dc0d8ee0ace24f7428640f31c1aa620f_2219417355482_20260801,,,,,,,,,,
天猫,中性,咨询,2026-08-01 21:31:10,在使用过会响<br>真的吗<br>一杯米放几杯水<br>刻度线在锅里吗,小熊电器官方旗舰店,652993501043,小熊电饭煲家用3到4人小型智能电饭锅陶瓷油内胆不粘微压快煮饭,https://detail.tmall.com/item.htm?id=652993501043,02eb1ca1c0955417205676f27f445b30f0a2d9348b15570765eb9039b3fc4806_2221680438289_20260801,,,,,,,,,,
天猫,负向,咨询,2026-08-01 21:28:05,拒收了<br>退款呢<br>提交不了<br>,小熊电器官方旗舰店,652993501043,小熊电饭煲家用3到4人小型智能电饭锅陶瓷油内胆不粘微压快煮饭,https://detail.tmall.com/item.htm?id=652993501043,97303a3abc26ee1782d4bad9d84825303c09006807deddfb7762e179186d097d_2208914208902_20260801,,,,,,,,,,
天猫,中性,咨询,2026-08-01 21:27:06,到手之后怎么清洗消毒,小熊电器官方旗舰店,832406608200,小熊全玻璃恒温养生壶家用多功能办公室小型煮茶壶烧水壶炖煮一体,https://detail.tmall.com/item.htm?id=832406608200,d26f613010272d77862971de967ee313b9f0a0e214357a82cf0931e1f179edb3_2217778896413_20260801,,,,,,,,,,
天猫,中性,咨询,2026-08-01 21:24:08,这个防鼠板怎么安装呀有视频吗<br>为什么第一次使用捅自洁,小熊电器官方旗舰店,829752288160,小熊迷你内衣内裤洗衣机专用洗袜子全自动小型迷你小型婴儿清洗机,https://detail.tmall.com/item.htm?id=829752288160,89502ff60d8701a6278322cfab87db8eca15d9dfd8bc385679c012636ac22cf9_2212762838999_20260801,,,,,,,,,,
天猫,中性,咨询,2026-08-01 21:18:24,自动上下水吗<br>能甩开吗<br>洗内裤多久,小熊电器官方旗舰店,829752288160,小熊迷你内衣内裤洗衣机专用洗袜子全自动小型迷你小型婴儿清洗机,https://detail.tmall.com/item.htm?id=829752288160,18077e4e7454227b6a77f004a304b74d16837a488ec08cc918883e09c22040dc_2209570416623_20260801,,,,,,,,,,
天猫,中性,咨询,2026-08-01 21:18:01,以旧换新怎么评估,小熊电器官方旗舰店,652993501043,小熊电饭煲家用3到4人小型智能电饭锅陶瓷油内胆不粘微压快煮饭,https://detail.tmall.com/item.htm?id=652993501043,ab4e83ea4c7712e9cb9f04ed64f2a92a6a98fb2b5cc18450238535ff03a8b91c_2222633286999_20260801,,,,,,,,,,
天猫,中性,咨询,2026-08-01 21:15:58,怎么维修<br>之前买的不甩水了<br>转<br>不脱水<br>没拱啊,小熊电器官方旗舰店,829752288160,小熊迷你内衣内裤洗衣机专用洗袜子全自动小型迷你小型婴儿清洗机,https://detail.tmall.com/item.htm?id=829752288160,0e1fe6fdd2d829def0c1287a6cff125c165c8f1fb94ee7f46eb46efcbdcfc3da_2212794949421_20260801,,,,,,,,,,
天猫,中性,咨询,2026-08-01 21:15:29,功率<br>洗衣功率<br>高热需要多久<br>冷水单洗有桶自洁？<br>洗净比！<br>没有数据？,小熊电器官方旗舰店,829752288160,小熊迷你内衣内裤洗衣机专用洗袜子全自动小型迷你小型婴儿清洗机,https://detail.tmall.com/item.htm?id=829752288160,557b5162e21b894b3d4fc2a28b9977ab4dd9f3dbda08ea4b026e8d0e4aaff34a_2209570416623_20260801,,,,,,,,,,
天猫,中性,咨询,2026-08-01 21:15:29,功率<br>洗衣功率<br>高热需要多久<br>冷水单洗有桶自洁？<br>洗净比！<br>没有数据？,小熊电器官方旗舰店,829752288160,小熊迷你内衣内裤洗衣机专用洗袜子全自动小型迷你小型婴儿清洗机,https://detail.tmall.com/item.htm?id=829752288160,557b5162e21b894b3d4fc2a28b9977ab4dd9f3dbda08ea4b026e8d0e4aaff34a_2209570416623_20260801,,,,,,,,,,
天猫,中性,咨询,2026-08-01 21:15:00,保修多久？,小熊电器官方旗舰店,652993501043,小熊电饭煲家用3到4人小型智能电饭锅陶瓷油内胆不粘微压快煮饭,https://detail.tmall.com/item.htm?id=652993501043,37cae0e67c192bb54df2da3a8f6f5bfcb9517d5b69dee0470481ad509450aa4b_2221749211942_20260801,,,,,,,,,,
天猫,中性,咨询,2026-08-01 21:13:31,你好，快煮饭是22分好吗,小熊电器官方旗舰店,652993501043,小熊电饭煲家用3到4人小型智能电饭锅陶瓷油内胆不粘微压快煮饭,https://detail.tmall.com/item.htm?id=652993501043,fcb26a74b890f5b9b501796da5873b51cb3111416e5e21cfc41d8540f1746f65_2208914208902_20260801,,,,,,,,,,
天猫,中性,咨询,2026-08-01 21:09:46,这个壶的电源线多长？,小熊电器官方旗舰店,832406608200,小熊全玻璃恒温养生壶家用多功能办公室小型煮茶壶烧水壶炖煮一体,https://detail.tmall.com/item.htm?id=832406608200,5e906976edfe9e9890a7efbd46f1fcc9f2b2a25a49160a75d8527525cd90a2ff_2219167311332_20260801,,,,,,,,,,
天猫,中性,咨询,2026-08-01 21:07:26,可以换桶吗,小熊电器官方旗舰店,829752288160,小熊迷你内衣内裤洗衣机专用洗袜子全自动小型迷你小型婴儿清洗机,https://detail.tmall.com/item.htm?id=829752288160,15b14801e7ec6530f8996edc5d5b50e7ec995ab385b9201a555d933bf1c19b4d_2212794949421_20260801,,,,,,,,,,
天猫,正向,咨询,2026-08-01 21:04:12,你好，刚刚签收了，，我想约一下上门安装，明天上午我有时间<br>想约一下明天上午上门安装。<br>请备注让安装师电话的时候，你多打两遍。就是这个电话，有时候他打一遍的时候他老是无法接通或者是什么情况，然后打两遍他就会响。<br>你能发我师联系吗？我联系他也行。,小熊电器官方旗舰店,829752288160,小熊迷你内衣内裤洗衣机专用洗袜子全自动小型迷你小型婴儿清洗机,https://detail.tmall.com/item.htm?id=829752288160,0c0c672a609af279eb6dad2f099da79a9fcc7c7f436a8a8d212edb950c048f7f_2212794949421_20260801,,,,,,,,,,
天猫,中性,咨询,2026-08-01 21:04:12,你好，刚刚签收了，，我想约一下上门安装，明天上午我有时间<br>想约一下明天上午上门安装。<br>请备注让安装师电话的时候，你多打两遍。就是这个电话，有时候他打一遍的时候他老是无法接通或者是什么情况，然后打两遍他就会响。<br>你能发我师联系吗？我联系他也行。,小熊电器官方旗舰店,829752288160,小熊迷你内衣内裤洗衣机专用洗袜子全自动小型迷你小型婴儿清洗机,https://detail.tmall.com/item.htm?id=829752288160,0c0c672a609af279eb6dad2f099da79a9fcc7c7f436a8a8d212edb950c048f7f_2212794949421_20260801,,,,,,,,,,
天猫,中性,咨询,2026-08-01 21:04:12,你好，刚刚签收了，，我想约一下上门安装，明天上午我有时间<br>想约一下明天上午上门安装。<br>请备注让安装师电话的时候，你多打两遍。就是这个电话，有时候他打一遍的时候他老是无法接通或者是什么情况，然后打两遍他就会响。<br>你能发我师联系吗？我联系他也行。,小熊电器官方旗舰店,829752288160,小熊迷你内衣内裤洗衣机专用洗袜子全自动小型迷你小型婴儿清洗机,https://detail.tmall.com/item.htm?id=829752288160,0c0c672a609af279eb6dad2f099da79a9fcc7c7f436a8a8d212edb950c048f7f_2212794949421_20260801,,,,,,,,,,
天猫,负向,咨询,2026-08-01 21:03:31,还是退了换一个吧<br>换一个吧<br>这个开盖震动太大了<br>,小熊电器官方旗舰店,652993501043,小熊电饭煲家用3到4人小型智能电饭锅陶瓷油内胆不粘微压快煮饭,https://detail.tmall.com/item.htm?id=652993501043,de0f9698a848cc817689e61c52ecb946f6cfad2aacbbf085745bfb6ce4200aa4_2222633286999_20260801,,,,,,,,,,
天猫,中性,咨询,2026-08-01 20:59:37,这个适合多大的口,小熊电器官方旗舰店,953780186914,小熊桶装水电动抽水器吸水器压水器自吸全自动抽水神器水泵上水器,https://detail.tmall.com/item.htm?id=953780186914,b30b9fcda3a96e5c71a172c9b78f0468301c3096fc0cd1c717b9f52bcf9384f8_2219484290050_20260801,,,,,,,,,,
天猫,中性,咨询,2026-08-01 20:53:56,哪里发货啊,小熊电器官方旗舰店,652993501043,小熊电饭煲家用3到4人小型智能电饭锅陶瓷油内胆不粘微压快煮饭,https://detail.tmall.com/item.htm?id=652993501043,8b281624b951306173823300f455513c3b7cc9e47e26dea342c18d3f59f4c90c_2209498356642_20260801,,,,,,,,,,
天猫,中性,咨询,2026-08-01 20:53:20,这个烧水多久<br>这个能不烧开直接到自己想要的么<br>亲那保座有烧焦味儿么<br>烧水的时候<br>那把手呢<br>会烫么,小熊电器官方旗舰店,832406608200,小熊全玻璃恒温养生壶家用多功能办公室小型煮茶壶烧水壶炖煮一体,https://detail.tmall.com/item.htm?id=832406608200,fd201bc1b46c400049a0581410de61e3ce4669524da90a2694c31de967365df1_2217778896413_20260801,,,,,,,,,,
天猫,中性,咨询,2026-08-01 20:46:57,充会线有多长？,小熊电器官方旗舰店,953780186914,小熊桶装水电动抽水器吸水器压水器自吸全自动抽水神器水泵上水器,https://detail.tmall.com/item.htm?id=953780186914,45775aa1a4926da7506f1bf0627d95c8d9e5fed9370a45de2f0d6a13a947c84e_2222166184646_20260801,,,,,,,,,,
天猫,正向,咨询,2026-08-01 20:41:09,电饭锅内胆装饭的时候晃来晃去算怎么回事？<br>煮好的饭也算放了食物，就是装饭的时候要按住才能装<br>我之前买的那个推稳的，不会晃来晃去要按住来装饭<br>就是说煮多一点饭有重量了就不会晃动得厉害，是吧,小熊电器官方旗舰店,652993501043,小熊电饭煲家用3到4人小型智能电饭锅陶瓷油内胆不粘微压快煮饭,https://detail.tmall.com/item.htm?id=652993501043,2521c2cb4dc853e65d1d90d7ebdd120c6498b504f186bb76ad3e43cb113da602_2221680438289_20260801,,,,,,,,,,
天猫,中性,咨询,2026-08-01 20:40:32,你好，为什么光响不出水呢<br>有呀，有响声<br>有安装视频吗，我看看是不是管没安对呀<br>看了，安的没错<br>发送中一直，我买了两个，我刚试了，另一个没问题<br>水管没有问题<br>用另一个泵是可以的，我买了两个<br>没有，但是在运行呀，有响声<br>我可以只换一个吧，我当时拍了两个，一个没问题<br>,小熊电器官方旗舰店,953780186914,小熊桶装水电动抽水器吸水器压水器自吸全自动抽水神器水泵上水器,https://detail.tmall.com/item.htm?id=953780186914,fe938128dba463ca6b8a88808733835422f9270b6adc1348f1ed5ee56eaea671_2219484290050_20260801,,,,,,,,,,
天猫,中性,咨询,2026-08-01 20:40:32,你好，为什么光响不出水呢<br>有呀，有响声<br>有安装视频吗，我看看是不是管没安对呀<br>看了，安的没错<br>发送中一直，我买了两个，我刚试了，另一个没问题<br>水管没有问题<br>用另一个泵是可以的，我买了两个<br>没有，但是在运行呀，有响声<br>我可以只换一个吧，我当时拍了两个，一个没问题<br>,小熊电器官方旗舰店,953780186914,小熊桶装水电动抽水器吸水器压水器自吸全自动抽水神器水泵上水器,https://detail.tmall.com/item.htm?id=953780186914,fe938128dba463ca6b8a88808733835422f9270b6adc1348f1ed5ee56eaea671_2219484290050_20260801,,,,,,,,,,
天猫,中性,咨询,2026-08-01 20:39:20,可以用吗？<br>孔怎么打开？<br>,小熊电器官方旗舰店,953780186914,小熊桶装水电动抽水器吸水器压水器自吸全自动抽水神器水泵上水器,https://detail.tmall.com/item.htm?id=953780186914,b8fb04143a3af5bdb072146d22d45a79a8e65fa8aa1613d4bdef3a707417044c_2219484290050_20260801,,,,,,,,,,
天猫,中性,咨询,2026-08-01 20:34:15,为啥它拿出来就放着<br>还老闪呢<br>我距离上次充电才一到<br>这么快又需要充电了吗<br>充电的时候也是一闪一闪的吗,小熊电器官方旗舰店,953780186914,小熊桶装水电动抽水器吸水器压水器自吸全自动抽水神器水泵上水器,https://detail.tmall.com/item.htm?id=953780186914,d0c6e11ac52f86b45d23b991f509f7e2935a1b8b70dc4a5ea38ec08a34ef4d4c_2219484290050_20260801,,,,,,,,,,
天猫,负向,咨询,2026-08-01 20:25:08,内胆出现掉漆<br>,小熊电器官方旗舰店,652993501043,小熊电饭煲家用3到4人小型智能电饭锅陶瓷油内胆不粘微压快煮饭,https://detail.tmall.com/item.htm?id=652993501043,4aaf06d3fe92a5312017226ed456a580a690e30c9cd6886071fafe5525c759eb_2222633286999_20260801,,,,,,,,,,
天猫,中性,咨询,2026-08-01 20:17:56,盖是什么材质<br>功率多少,小熊电器官方旗舰店,832406608200,小熊全玻璃恒温养生壶家用多功能办公室小型煮茶壶烧水壶炖煮一体,https://detail.tmall.com/item.htm?id=832406608200,1ff851bae6067a557389803c5bdb90b10b9474e29aa8981dc38d19a68b9fc527_2219167311332_20260801,,,,,,,,,,
天猫,中性,咨询,2026-08-01 20:17:56,盖是什么材质<br>功率多少,小熊电器官方旗舰店,832406608200,小熊全玻璃恒温养生壶家用多功能办公室小型煮茶壶烧水壶炖煮一体,https://detail.tmall.com/item.htm?id=832406608200,1ff851bae6067a557389803c5bdb90b10b9474e29aa8981dc38d19a68b9fc527_2219167311332_20260801,,,,,,,,,,
天猫,负向,咨询,2026-08-01 20:16:26,洗衣机排水坏了，从底部漏水,小熊电器官方旗舰店,829752288160,小熊迷你内衣内裤洗衣机专用洗袜子全自动小型迷你小型婴儿清洗机,https://detail.tmall.com/item.htm?id=829752288160,9d3d5632fab16995bd6b7ce68f2cd8b6119950a951ab8c4ae620d5d0271967cd_2209570416623_20260801,,,,,,,,,,
天猫,中性,咨询,2026-08-01 20:14:54,玻璃壶要是不小心打破可以单买吗？<br>1.5升配件<br>壶<br>这座跟跟一升的是不是通用的<br>底座坏了可以只座吗？<br>保修多久？<br>过了保修期可以维修吗？,小熊电器官方旗舰店,832406608200,小熊全玻璃恒温养生壶家用多功能办公室小型煮茶壶烧水壶炖煮一体,https://detail.tmall.com/item.htm?id=832406608200,2df61a79b621545ecb53e3a9b40e1ca77b669cc0fd7d873b830d34c3fe7d0196_2217778896413_20260801,,,,,,,,,,
天猫,中性,咨询,2026-08-01 20:14:54,玻璃壶要是不小心打破可以单买吗？<br>1.5升配件<br>壶<br>这座跟跟一升的是不是通用的<br>底座坏了可以只座吗？<br>保修多久？<br>过了保修期可以维修吗？,小熊电器官方旗舰店,832406608200,小熊全玻璃恒温养生壶家用多功能办公室小型煮茶壶烧水壶炖煮一体,https://detail.tmall.com/item.htm?id=832406608200,2df61a79b621545ecb53e3a9b40e1ca77b669cc0fd7d873b830d34c3fe7d0196_2217778896413_20260801,,,,,,,,,,
天猫,中性,咨询,2026-08-01 20:14:54,玻璃壶要是不小心打破可以单买吗？<br>1.5升配件<br>壶<br>这座跟跟一升的是不是通用的<br>底座坏了可以只座吗？<br>保修多久？<br>过了保修期可以维修吗？,小熊电器官方旗舰店,832406608200,小熊全玻璃恒温养生壶家用多功能办公室小型煮茶壶烧水壶炖煮一体,https://detail.tmall.com/item.htm?id=832406608200,2df61a79b621545ecb53e3a9b40e1ca77b669cc0fd7d873b830d34c3fe7d0196_2217778896413_20260801,,,,,,,,,,
天猫,中性,咨询,2026-08-01 20:13:49,好评返现吗,小熊电器官方旗舰店,832406608200,小熊全玻璃恒温养生壶家用多功能办公室小型煮茶壶烧水壶炖煮一体,https://detail.tmall.com/item.htm?id=832406608200,04e19d1c988cab3e66e878a66bdd217cfea42ae5b86096765892810934d65537_2217778896413_20260801,,,,,,,,,,
天猫,中性,咨询,2026-08-01 20:07:31,一次能使多久<br>充电需要多长时间,小熊电器官方旗舰店,953780186914,小熊桶装水电动抽水器吸水器压水器自吸全自动抽水神器水泵上水器,https://detail.tmall.com/item.htm?id=953780186914,14f18e4b5ec57687f0bc8bbbbdbbf8ae01fc4dcbd3e18657b57fc19993efdcf2_2220272649006_20260801,,,,,,,,,,
天猫,中性,咨询,2026-08-01 20:01:12,这个是什么型号,小熊电器官方旗舰店,953780186914,小熊桶装水电动抽水器吸水器压水器自吸全自动抽水神器水泵上水器,https://detail.tmall.com/item.htm?id=953780186914,28a617dfdc4cf74c52980d090dbe57fccc930298412e8117a5b2ffced1ceeb25_2219484290050_20260801,,,,,,,,,,
天猫,中性,咨询,2026-08-01 20:00:38,这款养生壶基础款和过滤款有什么不一样？<br>除了那区别其他的都一模一样的，是吗？<br>这款养生壶煮茶是静音吗<br>煮开了以后能自动调到恒吗？<br>壶没有胶水吧<br>这款跟刚才我问你那款有什么不一样？<br>这款跟我刚才问你的那款有啥不一样，是它的升级款吗？其他都一样的，就底下烧水的面板不一样，是吗？<br>我刚才问你的那款159的和这179的哪个好一点？<br>这个176的比刚才那159的好一点，是吗？<br>壶外观造型都一样吗？就底下那个烧水面板不一样是吗？<br>玻璃壶是一样的吗？<br>好的，知道了。那我下单179的，179的里面有过滤网吗？<br>,小熊电器官方旗舰店,832406608200,小熊全玻璃恒温养生壶家用多功能办公室小型煮茶壶烧水壶炖煮一体,https://detail.tmall.com/item.htm?id=832406608200,b4c47a191d1fca1bb87d73e25028c2f8f4994380b75d5e6e365b33718a9c96b2_2217778896413_20260801,,,,,,,,,,
天猫,中性,咨询,2026-08-01 20:00:38,这款养生壶基础款和过滤款有什么不一样？<br>除了那区别其他的都一模一样的，是吗？<br>这款养生壶煮茶是静音吗<br>煮开了以后能自动调到恒吗？<br>壶没有胶水吧<br>这款跟刚才我问你那款有什么不一样？<br>这款跟我刚才问你的那款有啥不一样，是它的升级款吗？其他都一样的，就底下烧水的面板不一样，是吗？<br>我刚才问你的那款159的和这179的哪个好一点？<br>这个176的比刚才那159的好一点，是吗？<br>壶外观造型都一样吗？就底下那个烧水面板不一样是吗？<br>玻璃壶是一样的吗？<br>好的，知道了。那我下单179的，179的里面有过滤网吗？<br>,小熊电器官方旗舰店,832406608200,小熊全玻璃恒温养生壶家用多功能办公室小型煮茶壶烧水壶炖煮一体,https://detail.tmall.com/item.htm?id=832406608200,b4c47a191d1fca1bb87d73e25028c2f8f4994380b75d5e6e365b33718a9c96b2_2217778896413_20260801,,,,,,,,,,
天猫,中性,咨询,2026-08-01 20:00:38,这款养生壶基础款和过滤款有什么不一样？<br>除了那区别其他的都一模一样的，是吗？<br>这款养生壶煮茶是静音吗<br>煮开了以后能自动调到恒吗？<br>壶没有胶水吧<br>这款跟刚才我问你那款有什么不一样？<br>这款跟我刚才问你的那款有啥不一样，是它的升级款吗？其他都一样的，就底下烧水的面板不一样，是吗？<br>我刚才问你的那款159的和这179的哪个好一点？<br>这个176的比刚才那159的好一点，是吗？<br>壶外观造型都一样吗？就底下那个烧水面板不一样是吗？<br>玻璃壶是一样的吗？<br>好的，知道了。那我下单179的，179的里面有过滤网吗？<br>,小熊电器官方旗舰店,832406608200,小熊全玻璃恒温养生壶家用多功能办公室小型煮茶壶烧水壶炖煮一体,https://detail.tmall.com/item.htm?id=832406608200,b4c47a191d1fca1bb87d73e25028c2f8f4994380b75d5e6e365b33718a9c96b2_2217778896413_20260801,,,,,,,,,,
天猫,负向,咨询,2026-08-01 19:45:18,这个抽水的现在不出水了，刚充的电<br>具体时间我没看，充了挺久的<br>灯会闪<br>摁一下一个亮<br>两下就是两个亮<br>用法都正常，就是不出水<br>先退回来是吧<br>您可采用如下与买家沟通协商：<br>我看了下用的才十天，质量太差了<br>我不要了<br>那直接退货吧<br>这个是你们质量问题<br>换一个又是这样的，你不是浪费我时间吗<br>我要咨询这笔订单<br>我已找平台催促退款，请尽快帮我处理。<br>帮我处理一下退货退款<br>消费者有复杂售后问题，已停止辅助接待,小熊电器官方旗舰店,953780186914,小熊桶装水电动抽水器吸水器压水器自吸全自动抽水神器水泵上水器,https://detail.tmall.com/item.htm?id=953780186914,51b422eb573df1966faff6ad1ee4afb34846111236cf13136577907be3218a05_2219484290050_20260801,,,,,,,,,,
天猫,负向,咨询,2026-08-01 19:45:18,这个抽水的现在不出水了，刚充的电<br>具体时间我没看，充了挺久的<br>灯会闪<br>摁一下一个亮<br>两下就是两个亮<br>用法都正常，就是不出水<br>先退回来是吧<br>您可采用如下与买家沟通协商：<br>我看了下用的才十天，质量太差了<br>我不要了<br>那直接退货吧<br>这个是你们质量问题<br>换一个又是这样的，你不是浪费我时间吗<br>我要咨询这笔订单<br>我已找平台催促退款，请尽快帮我处理。<br>帮我处理一下退货退款<br>消费者有复杂售后问题，已停止辅助接待,小熊电器官方旗舰店,953780186914,小熊桶装水电动抽水器吸水器压水器自吸全自动抽水神器水泵上水器,https://detail.tmall.com/item.htm?id=953780186914,51b422eb573df1966faff6ad1ee4afb34846111236cf13136577907be3218a05_2219484290050_20260801,,,,,,,,,,
天猫,负向,咨询,2026-08-01 19:45:18,这个抽水的现在不出水了，刚充的电<br>具体时间我没看，充了挺久的<br>灯会闪<br>摁一下一个亮<br>两下就是两个亮<br>用法都正常，就是不出水<br>先退回来是吧<br>您可采用如下与买家沟通协商：<br>我看了下用的才十天，质量太差了<br>我不要了<br>那直接退货吧<br>这个是你们质量问题<br>换一个又是这样的，你不是浪费我时间吗<br>我要咨询这笔订单<br>我已找平台催促退款，请尽快帮我处理。<br>帮我处理一下退货退款<br>消费者有复杂售后问题，已停止辅助接待,小熊电器官方旗舰店,953780186914,小熊桶装水电动抽水器吸水器压水器自吸全自动抽水神器水泵上水器,https://detail.tmall.com/item.htm?id=953780186914,51b422eb573df1966faff6ad1ee4afb34846111236cf13136577907be3218a05_2219484290050_20260801,,,,,,,,,,
天猫,负向,咨询,2026-08-01 19:45:18,这个抽水的现在不出水了，刚充的电<br>具体时间我没看，充了挺久的<br>灯会闪<br>摁一下一个亮<br>两下就是两个亮<br>用法都正常，就是不出水<br>先退回来是吧<br>您可采用如下与买家沟通协商：<br>我看了下用的才十天，质量太差了<br>我不要了<br>那直接退货吧<br>这个是你们质量问题<br>换一个又是这样的，你不是浪费我时间吗<br>我要咨询这笔订单<br>我已找平台催促退款，请尽快帮我处理。<br>帮我处理一下退货退款<br>消费者有复杂售后问题，已停止辅助接待,小熊电器官方旗舰店,953780186914,小熊桶装水电动抽水器吸水器压水器自吸全自动抽水神器水泵上水器,https://detail.tmall.com/item.htm?id=953780186914,51b422eb573df1966faff6ad1ee4afb34846111236cf13136577907be3218a05_2219484290050_20260801,,,,,,,,,,
天猫,正向,咨询,2026-08-01 19:43:35,好评返现吗<br>刚刚好评啦<br>东西不在身边 没配图 可以吗,小熊电器官方旗舰店,832406608200,小熊全玻璃恒温养生壶家用多功能办公室小型煮茶壶烧水壶炖煮一体,https://detail.tmall.com/item.htm?id=832406608200,3395eee28649f6e0cbc0fecc12f797953b3eb87fc9f5932977ccafe1d4eea678_2219417355482_20260801,,,,,,,,,,
天猫,中性,咨询,2026-08-01 19:43:35,好评返现吗<br>刚刚好评啦<br>东西不在身边 没配图 可以吗,小熊电器官方旗舰店,832406608200,小熊全玻璃恒温养生壶家用多功能办公室小型煮茶壶烧水壶炖煮一体,https://detail.tmall.com/item.htm?id=832406608200,3395eee28649f6e0cbc0fecc12f797953b3eb87fc9f5932977ccafe1d4eea678_2219417355482_20260801,,,,,,,,,,
天猫,中性,咨询,2026-08-01 19:31:25,亲，这个煮饭多长时间？,小熊电器官方旗舰店,652993501043,小熊电饭煲家用3到4人小型智能电饭锅陶瓷油内胆不粘微压快煮饭,https://detail.tmall.com/item.htm?id=652993501043,e96c57ca19146f33d85fa2c43b1db27afeb3d2cbcf1fd03f9f3a4b7f686cc5de_2209498356642_20260801,,,,,,,,,,
天猫,中性,咨询,2026-08-01 19:24:03,1.6升的能煮几个人的饭呢,小熊电器官方旗舰店,652993501043,小熊电饭煲家用3到4人小型智能电饭锅陶瓷油内胆不粘微压快煮饭,https://detail.tmall.com/item.htm?id=652993501043,14f1f8f077eec41010278453a2f79c05f03c8df4463f1382c570e5de685f6ab8_2222633286999_20260801,,,,,,,,,,
天猫,中性,咨询,2026-08-01 19:20:07,这个好评返现吗,小熊电器官方旗舰店,652993501043,小熊电饭煲家用3到4人小型智能电饭锅陶瓷油内胆不粘微压快煮饭,https://detail.tmall.com/item.htm?id=652993501043,d6ab33146a074cc00fffccacf9eed9f3a66788e4279f5cdeecac79c7da64b90e_2208914208902_20260801,,,,,,,,,,
天猫,中性,咨询,2026-08-01 19:17:59,3升的锅内胆口直径多少,小熊电器官方旗舰店,652993501043,小熊电饭煲家用3到4人小型智能电饭锅陶瓷油内胆不粘微压快煮饭,https://detail.tmall.com/item.htm?id=652993501043,cc6b2e373cfe8b10e26685cebe53b1745ecf9d64fdfbfc1d459f2168cf41a92e_2222633286999_20260801,,,,,,,,,,
天猫,中性,咨询,2026-08-01 19:17:59,3升的锅内胆口直径多少,小熊电器官方旗舰店,652993501043,小熊电饭煲家用3到4人小型智能电饭锅陶瓷油内胆不粘微压快煮饭,https://detail.tmall.com/item.htm?id=652993501043,cc6b2e373cfe8b10e26685cebe53b1745ecf9d64fdfbfc1d459f2168cf41a92e_2222633286999_20260801,,,,,,,,,,
天猫,中性,咨询,2026-08-01 19:17:59,3升的锅内胆口直径多少,小熊电器官方旗舰店,652993501043,小熊电饭煲家用3到4人小型智能电饭锅陶瓷油内胆不粘微压快煮饭,https://detail.tmall.com/item.htm?id=652993501043,cc6b2e373cfe8b10e26685cebe53b1745ecf9d64fdfbfc1d459f2168cf41a92e_2222633286999_20260801,,,,,,,,,,
天猫,中性,咨询,2026-08-01 19:16:48,壶能单买吗<br>壶摔了,小熊电器官方旗舰店,832406608200,小熊全玻璃恒温养生壶家用多功能办公室小型煮茶壶烧水壶炖煮一体,https://detail.tmall.com/item.htm?id=832406608200,79596ec6dc69344638e07ade84af57d8d549dd215ebb643dd8bbbfd0b70806da_2215107505922_20260801,,,,,,,,,,
天猫,中性,咨询,2026-08-01 19:16:39,你好 这款充电完成有灯显示不,小熊电器官方旗舰店,953780186914,小熊桶装水电动抽水器吸水器压水器自吸全自动抽水神器水泵上水器,https://detail.tmall.com/item.htm?id=953780186914,da997e90075ff8db553bd6ba09061dc387d442f2877061cba7b1119263f98c73_2222239345214_20260801,,,,,,,,,,
天猫,正向,咨询,2026-08-01 19:16:28,有纯玻璃养生壶，1.5L以上，最好带过滤嘴,小熊电器官方旗舰店,832406608200,小熊全玻璃恒温养生壶家用多功能办公室小型煮茶壶烧水壶炖煮一体,https://detail.tmall.com/item.htm?id=832406608200,1202ab1f04203b78058a74bd231f7753cdf0f0e52be1e6b1d2f8468f70a442bf_2217778896413_20260801,,,,,,,,,,
天猫,中性,咨询,2026-08-01 19:10:12,25桶水是多大桶<br>续航多少<br>续航<br>充一次电用多少<br>就平常的大桶水,小熊电器官方旗舰店,953780186914,小熊桶装水电动抽水器吸水器压水器自吸全自动抽水神器水泵上水器,https://detail.tmall.com/item.htm?id=953780186914,8898c8ff9d772b0e76a51308bec92edd1eece85ae98d22d7deaa45c225222941_2219484290050_20260801,,,,,,,,,,
天猫,中性,咨询,2026-08-01 19:10:12,25桶水是多大桶<br>续航多少<br>续航<br>充一次电用多少<br>就平常的大桶水,小熊电器官方旗舰店,953780186914,小熊桶装水电动抽水器吸水器压水器自吸全自动抽水神器水泵上水器,https://detail.tmall.com/item.htm?id=953780186914,8898c8ff9d772b0e76a51308bec92edd1eece85ae98d22d7deaa45c225222941_2219484290050_20260801,,,,,,,,,,
天猫,中性,咨询,2026-08-01 19:09:30,发个安装视频,小熊电器官方旗舰店,829752288160,小熊迷你内衣内裤洗衣机专用洗袜子全自动小型迷你小型婴儿清洗机,https://detail.tmall.com/item.htm?id=829752288160,fcbc239cff4b7412cbb9be00a52a2920a7bfdb2b75defea1cdfedc7604dc7ffe_3423170799_20260801,,,,,,,,,,
天猫,中性,咨询,2026-08-01 19:03:10,粥需多长时间呀<br>但我平时熬只需几分<br>这得1.5小时？,小熊电器官方旗舰店,652993501043,小熊电饭煲家用3到4人小型智能电饭锅陶瓷油内胆不粘微压快煮饭,https://detail.tmall.com/item.htm?id=652993501043,0bfe7cd88a47adaf660208b9852ada031e86719d441974cc22438283c4a6063d_2208914208902_20260801,,,,,,,,,,
天猫,中性,咨询,2026-08-01 18:59:25,好评返现吗,小熊电器官方旗舰店,953780186914,小熊桶装水电动抽水器吸水器压水器自吸全自动抽水神器水泵上水器,https://detail.tmall.com/item.htm?id=953780186914,224875dbf14acd6aff9a670606f7568605cbf113eeadef00f41b6481e72d5aac_2222166184646_20260801,,,,,,,,,,
天猫,中性,咨询,2026-08-01 18:57:01,煮红豆稀饭煮的烂吗,小熊电器官方旗舰店,652993501043,小熊电饭煲家用3到4人小型智能电饭锅陶瓷油内胆不粘微压快煮饭,https://detail.tmall.com/item.htm?id=652993501043,a85a844f3250439494fce12c7774d2e431f1c48a5447304e69aa5bc378dffc0e_2222633286999_20260801,,,,,,,,,,
天猫,中性,咨询,2026-08-01 18:54:49,会发霉吗<br>充电怎么充的<br>可以边充边抽水吗<br>多长时间能充满<br>这么久<br>充电的时候吸管呢<br>岂不是会弄脏<br>买回来是多少电<br>这个会发霉吗<br>就是说会发霉,小熊电器官方旗舰店,953780186914,小熊桶装水电动抽水器吸水器压水器自吸全自动抽水神器水泵上水器,https://detail.tmall.com/item.htm?id=953780186914,fa2ee9d8a6b113b05a8af40afe28162dcc66ffca50bb2341d0076ccada4410c5_2222166184646_20260801,,,,,,,,,,
天猫,中性,咨询,2026-08-01 18:54:49,会发霉吗<br>充电怎么充的<br>可以边充边抽水吗<br>多长时间能充满<br>这么久<br>充电的时候吸管呢<br>岂不是会弄脏<br>买回来是多少电<br>这个会发霉吗<br>就是说会发霉,小熊电器官方旗舰店,953780186914,小熊桶装水电动抽水器吸水器压水器自吸全自动抽水神器水泵上水器,https://detail.tmall.com/item.htm?id=953780186914,fa2ee9d8a6b113b05a8af40afe28162dcc66ffca50bb2341d0076ccada4410c5_2222166184646_20260801,,,,,,,,,,
天猫,中性,咨询,2026-08-01 18:52:49,亲，我看到揽收信息了，说了不要发申通，还是发的申通<br>我们这边急用，申通派送很慢的,小熊电器官方旗舰店,953780186914,小熊桶装水电动抽水器吸水器压水器自吸全自动抽水神器水泵上水器,https://detail.tmall.com/item.htm?id=953780186914,3ec20bd018997e0c8c09c7bba0cf9dccfd40a2e9683bec8db6aed4710c832ba4_2219484290050_20260801,,,,,,,,,,
天猫,负向,咨询,2026-08-01 18:52:49,亲，我看到揽收信息了，说了不要发申通，还是发的申通<br>我们这边急用，申通派送很慢的,小熊电器官方旗舰店,953780186914,小熊桶装水电动抽水器吸水器压水器自吸全自动抽水神器水泵上水器,https://detail.tmall.com/item.htm?id=953780186914,3ec20bd018997e0c8c09c7bba0cf9dccfd40a2e9683bec8db6aed4710c832ba4_2219484290050_20260801,,,,,,,,,,
天猫,中性,咨询,2026-08-01 18:48:46,可以以旧换新吗<br>之前的小型洗衣机可以以旧换新吗,小熊电器官方旗舰店,829752288160,小熊迷你内衣内裤洗衣机专用洗袜子全自动小型迷你小型婴儿清洗机,https://detail.tmall.com/item.htm?id=829752288160,56e5e7fc8bd1ada0e5bfadb8a88ba00547c84a73e56800c9449e5f46e6dcaf8b_2209570416623_20260801,,,,,,,,,,
天猫,中性,咨询,2026-08-01 18:48:46,煮花茶是多少分,小熊电器官方旗舰店,832406608200,小熊全玻璃恒温养生壶家用多功能办公室小型煮茶壶烧水壶炖煮一体,https://detail.tmall.com/item.htm?id=832406608200,14cc7da1ff856aabd547a3ec4d7d4042322a040c02e4e8e54ca756544443e743_2219167311332_20260801,,,,,,,,,,
天猫,负向,咨询,2026-08-01 18:45:26,你好我想问一下这个可不可以直接把盒放上去加热<br>那这款有没有1l的,小熊电器官方旗舰店,832406608200,小熊全玻璃恒温养生壶家用多功能办公室小型煮茶壶烧水壶炖煮一体,https://detail.tmall.com/item.htm?id=832406608200,645e620cef3b0777c6c7fcd3120db884ff456a3ee4317a9c9479ec80bd9bfeb3_2219167311332_20260801,,,,,,,,,,
天猫,中性,咨询,2026-08-01 18:45:26,你好我想问一下这个可不可以直接把盒放上去加热<br>那这款有没有1l的,小熊电器官方旗舰店,832406608200,小熊全玻璃恒温养生壶家用多功能办公室小型煮茶壶烧水壶炖煮一体,https://detail.tmall.com/item.htm?id=832406608200,645e620cef3b0777c6c7fcd3120db884ff456a3ee4317a9c9479ec80bd9bfeb3_2219167311332_20260801,,,,,,,,,,
天猫,中性,咨询,2026-08-01 18:40:21,显示e3的原因,小熊电器官方旗舰店,652993501043,小熊电饭煲家用3到4人小型智能电饭锅陶瓷油内胆不粘微压快煮饭,https://detail.tmall.com/item.htm?id=652993501043,1b4e358601f3f2bf6bdcb78e3a4af3aa386a2e90ee623002c4244d9aae1d9434_2208914208902_20260801,,,,,,,,,,
天猫,中性,咨询,2026-08-01 18:33:01,哪里发货亲,小熊电器官方旗舰店,953780186914,小熊桶装水电动抽水器吸水器压水器自吸全自动抽水神器水泵上水器,https://detail.tmall.com/item.htm?id=953780186914,156579540e4627611f664227658ef8d8d8eacbda9b49ecf81cab4515e34099d6_2219484290050_20260801,,,,,,,,,,
天猫,负向,咨询,2026-08-01 18:28:33,这个插上电<br>怎么没有反应呢<br>,小熊电器官方旗舰店,652993501043,小熊电饭煲家用3到4人小型智能电饭锅陶瓷油内胆不粘微压快煮饭,https://detail.tmall.com/item.htm?id=652993501043,8436c35082f4fc16245c504e3c8a835b8624aff5f2b868b6bab22828354f5402_2209498356642_20260801,,,,,,,,,,
天猫,中性,咨询,2026-08-01 18:24:07,发什么快递,小熊电器官方旗舰店,652993501043,小熊电饭煲家用3到4人小型智能电饭锅陶瓷油内胆不粘微压快煮饭,https://detail.tmall.com/item.htm?id=652993501043,2ed2bb85298114f22142ec8859d5b80ace616d2c752b3c4278757dc16209015f_2222633286999_20260801,,,,,,,,,,
天猫,中性,咨询,2026-08-01 18:22:27,怎么算充电完成？<br>好的那还没充满,小熊电器官方旗舰店,953780186914,小熊桶装水电动抽水器吸水器压水器自吸全自动抽水神器水泵上水器,https://detail.tmall.com/item.htm?id=953780186914,afa6c58873bac599cf77d91880a84507b461168c59e51896bafdd6540dc5ced4_2220272649006_20260801,,,,,,,,,,
天猫,中性,咨询,2026-08-01 18:21:18,地址填错了，怎么改？,小熊电器官方旗舰店,652993501043,小熊电饭煲家用3到4人小型智能电饭锅陶瓷油内胆不粘微压快煮饭,https://detail.tmall.com/item.htm?id=652993501043,07abcd554a89b0ac49cf8037d499b7c8894cb7a707b776adb72c158c2904c2f9_2209498356642_20260801,,,,,,,,,,
天猫,中性,咨询,2026-08-01 18:19:16,什么快递,小熊电器官方旗舰店,832406608200,小熊全玻璃恒温养生壶家用多功能办公室小型煮茶壶烧水壶炖煮一体,https://detail.tmall.com/item.htm?id=832406608200,d74addcfae0f3acd5feaac4757530479714d0640dc41e326ff6952b8db2300c1_2219167311332_20260801,,,,,,,,,,
天猫,中性,咨询,2026-08-01 18:17:28,你好，这款是不锈钢盖吗？,小熊电器官方旗舰店,1066545498108,【新品首发】小熊破壁机豆浆机全自动家用静音多功能榨汁机新款,https://detail.tmall.com/item.htm?id=1066545498108,848bd86d569b3f300545b8db8d360e62733dcb21b9bc8f2ba3a1f34b00487980_2216756095526_20260801,,,,,,,,,,
天猫,中性,咨询,2026-08-01 18:16:00,这个第一次使用怎么操作,小熊电器官方旗舰店,1066545498108,【新品首发】小熊破壁机豆浆机全自动家用静音多功能榨汁机新款,https://detail.tmall.com/item.htm?id=1066545498108,ebc393f4655b1570662378b6b0b2d024f1b4f77e2d54673b57e2b16730702abf_2214259387711_20260801,,,,,,,,,,
天猫,中性,咨询,2026-08-01 18:08:59,有带烘干吗,小熊电器官方旗舰店,829752288160,小熊迷你内衣内裤洗衣机专用洗袜子全自动小型迷你小型婴儿清洗机,https://detail.tmall.com/item.htm?id=829752288160,bc522c6c6e5543646151b2269369529a05a9edcd94ef3a549130348681162ee5_2209570416623_20260801,,,,,,,,,,
天猫,负向,咨询,2026-08-01 18:07:49,电饭锅上面的按键坏了,小熊电器官方旗舰店,652993501043,小熊电饭煲家用3到4人小型智能电饭锅陶瓷油内胆不粘微压快煮饭,https://detail.tmall.com/item.htm?id=652993501043,daff2fd9830015948d5f61045b7485499c018425317eeabbfac1e1d0e9c50daf_2209498356642_20260801,,,,,,,,,,
天猫,中性,咨询,2026-08-01 18:00:38,你好，出水口是什么材质的？,小熊电器官方旗舰店,953780186914,小熊桶装水电动抽水器吸水器压水器自吸全自动抽水神器水泵上水器,https://detail.tmall.com/item.htm?id=953780186914,d44812b23c3c985298700a44d3da35ae793dacee40b181133772aa3daf2a2895_2222357265163_20260801,,,,,,,,,,
天猫,中性,咨询,2026-08-01 17:54:00,帮我修改一下地址<br> 省市县 澄路永通街区一栋旁快递柜,小熊电器官方旗舰店,832406608200,小熊全玻璃恒温养生壶家用多功能办公室小型煮茶壶烧水壶炖煮一体,https://detail.tmall.com/item.htm?id=832406608200,a0148ad09469c32fdf8a1fc62294d273dbad373513f688efa8911cd2160d99be_3990073528_20260801,,,,,,,,,,
天猫,中性,咨询,2026-08-01 17:49:29,能煮绿豆汤吗,小熊电器官方旗舰店,832406608200,小熊全玻璃恒温养生壶家用多功能办公室小型煮茶壶烧水壶炖煮一体,https://detail.tmall.com/item.htm?id=832406608200,537d7fc793106c18892c66cc5b983735152e20edafd8e911d88c58e4eabfc7ec_3990073528_20260801,,,,,,,,,,
天猫,中性,咨询,2026-08-01 17:45:23,亲我拍错了<br>要退货<br>我还是不要这个<br>退给你们,小熊电器官方旗舰店,652993501043,小熊电饭煲家用3到4人小型智能电饭锅陶瓷油内胆不粘微压快煮饭,https://detail.tmall.com/item.htm?id=652993501043,43ad43bdab7621e136444abc5419d8f40095db41a80f00d97c1704779b511527_2222156041569_20260801,,,,,,,,,,
天猫,负向,咨询,2026-08-01 17:45:23,亲我拍错了<br>要退货<br>我还是不要这个<br>退给你们,小熊电器官方旗舰店,652993501043,小熊电饭煲家用3到4人小型智能电饭锅陶瓷油内胆不粘微压快煮饭,https://detail.tmall.com/item.htm?id=652993501043,43ad43bdab7621e136444abc5419d8f40095db41a80f00d97c1704779b511527_2222156041569_20260801,,,,,,,,,,
天猫,中性,咨询,2026-08-01 17:44:09,有什么售后保障,小熊电器官方旗舰店,829752288160,小熊迷你内衣内裤洗衣机专用洗袜子全自动小型迷你小型婴儿清洗机,https://detail.tmall.com/item.htm?id=829752288160,1f9d12d8e4be4bbad077cc5b8b92b916ab121d4ee94a7484c0070d0aad80d8b4_2212775027940_20260801,,,,,,,,,,
天猫,中性,咨询,2026-08-01 17:39:39,有食谱吗<br>怎么确认刀剑安装到位<br>收到货了<br>,小熊电器官方旗舰店,1066545498108,【新品首发】小熊破壁机豆浆机全自动家用静音多功能榨汁机新款,https://detail.tmall.com/item.htm?id=1066545498108,bc511c6dc16f71e1e0fd04d05f7613358008c9edf4d19772ba779a725f1d63b9_2215176977560_20260801,,,,,,,,,,
天猫,负向,咨询,2026-08-01 17:38:56,烧开水需要多久<br>有没有大功率的<br>要全玻璃的<br>他是座的<br>不好洗<br>,小熊电器官方旗舰店,832406608200,小熊全玻璃恒温养生壶家用多功能办公室小型煮茶壶烧水壶炖煮一体,https://detail.tmall.com/item.htm?id=832406608200,b58fbc3195e2052791d6a4eaefc6ef92c4bc9280b9e52a7590db9102c96a0e54_2222430908987_20260801,,,,,,,,,,
天猫,中性,咨询,2026-08-01 17:38:56,烧开水需要多久<br>有没有大功率的<br>要全玻璃的<br>他是座的<br>不好洗<br>,小熊电器官方旗舰店,832406608200,小熊全玻璃恒温养生壶家用多功能办公室小型煮茶壶烧水壶炖煮一体,https://detail.tmall.com/item.htm?id=832406608200,b58fbc3195e2052791d6a4eaefc6ef92c4bc9280b9e52a7590db9102c96a0e54_2222430908987_20260801,,,,,,,,,,
天猫,负向,咨询,2026-08-01 17:38:56,烧开水需要多久<br>有没有大功率的<br>要全玻璃的<br>他是座的<br>不好洗<br>,小熊电器官方旗舰店,832406608200,小熊全玻璃恒温养生壶家用多功能办公室小型煮茶壶烧水壶炖煮一体,https://detail.tmall.com/item.htm?id=832406608200,b58fbc3195e2052791d6a4eaefc6ef92c4bc9280b9e52a7590db9102c96a0e54_2222430908987_20260801,,,,,,,,,,
天猫,中性,咨询,2026-08-01 17:37:38,多长时间能烧开,小熊电器官方旗舰店,832406608200,小熊全玻璃恒温养生壶家用多功能办公室小型煮茶壶烧水壶炖煮一体,https://detail.tmall.com/item.htm?id=832406608200,481133d76a97032cdfca2a0fcb2dcdd2175bf6268ebc8d7b8f58f9496b6de8d5_3990073528_20260801,,,,,,,,,,
天猫,中性,咨询,2026-08-01 17:37:38,多长时间能烧开,小熊电器官方旗舰店,832406608200,小熊全玻璃恒温养生壶家用多功能办公室小型煮茶壶烧水壶炖煮一体,https://detail.tmall.com/item.htm?id=832406608200,481133d76a97032cdfca2a0fcb2dcdd2175bf6268ebc8d7b8f58f9496b6de8d5_3990073528_20260801,,,,,,,,,,
天猫,负向,咨询,2026-08-01 17:36:37,这个怎么不显示数字<br>,小熊电器官方旗舰店,652993501043,小熊电饭煲家用3到4人小型智能电饭锅陶瓷油内胆不粘微压快煮饭,https://detail.tmall.com/item.htm?id=652993501043,1f2928ca54d7a08cff6c06d47b5457fcd83e9e6e69e607c7f36d270a47e470c9_2222404047191_20260801,,,,,,,,,,
天猫,中性,咨询,2026-08-01 17:36:14,三围<br>重量<br>这个质保多久,小熊电器官方旗舰店,829752288160,小熊迷你内衣内裤洗衣机专用洗袜子全自动小型迷你小型婴儿清洗机,https://detail.tmall.com/item.htm?id=829752288160,551941b3e60b01091d92f239a345a0fd2f96591e683ae2800891cb7ebec7fbac_2212775027940_20260801,,,,,,,,,,
天猫,正向,咨询,2026-08-01 17:34:07,已经好评,小熊电器官方旗舰店,832406608200,小熊全玻璃恒温养生壶家用多功能办公室小型煮茶壶烧水壶炖煮一体,https://detail.tmall.com/item.htm?id=832406608200,986fbc8c9401a001fc3cc85a6ebda528f22932b78cbe940827082b14eda78903_2214916672660_20260801,,,,,,,,,,
天猫,中性,咨询,2026-08-01 17:29:19,内衣洗衣机出现问题了<br>通电没反映 而且家路跳闸<br>看不出来<br>保修期多久<br>我这个是去年也这时候买的吧<br>超出十天多了是吧<br>你们这产品质量堪忧啊<br>该消费者已更换了客服 小器官舰店:出没熊 ，请勿继续沟通<br>,小熊电器官方旗舰店,829752288160,小熊迷你内衣内裤洗衣机专用洗袜子全自动小型迷你小型婴儿清洗机,https://detail.tmall.com/item.htm?id=829752288160,55ac34c020c5c9f6ec03906472c8ca57e0689fe9476caf67667ba8579d80c6c2_2212775027940_20260801,,,,,,,,,,
天猫,负向,咨询,2026-08-01 17:29:19,内衣洗衣机出现问题了<br>通电没反映 而且家路跳闸<br>看不出来<br>保修期多久<br>我这个是去年也这时候买的吧<br>超出十天多了是吧<br>你们这产品质量堪忧啊<br>该消费者已更换了客服 小器官舰店:出没熊 ，请勿继续沟通<br>,小熊电器官方旗舰店,829752288160,小熊迷你内衣内裤洗衣机专用洗袜子全自动小型迷你小型婴儿清洗机,https://detail.tmall.com/item.htm?id=829752288160,55ac34c020c5c9f6ec03906472c8ca57e0689fe9476caf67667ba8579d80c6c2_2212775027940_20260801,,,,,,,,,,
天猫,中性,咨询,2026-08-01 17:29:00,这个是有线的吗<br>保修吗<br>没看到立减的吗<br>什么功能<br>能煮花茶吗<br>有运费险吗,小熊电器官方旗舰店,832406608200,小熊全玻璃恒温养生壶家用多功能办公室小型煮茶壶烧水壶炖煮一体,https://detail.tmall.com/item.htm?id=832406608200,5671e149fc48997829fa52c2c08a994436a9d64abcd89a444ddcb26b075c3e04_2222430908987_20260801,,,,,,,,,,
天猫,中性,咨询,2026-08-01 17:29:00,这个是有线的吗<br>保修吗<br>没看到立减的吗<br>什么功能<br>能煮花茶吗<br>有运费险吗,小熊电器官方旗舰店,832406608200,小熊全玻璃恒温养生壶家用多功能办公室小型煮茶壶烧水壶炖煮一体,https://detail.tmall.com/item.htm?id=832406608200,5671e149fc48997829fa52c2c08a994436a9d64abcd89a444ddcb26b075c3e04_2222430908987_20260801,,,,,,,,,,
天猫,中性,咨询,2026-08-01 17:28:55,这是多大容量的,小熊电器官方旗舰店,829752288160,小熊迷你内衣内裤洗衣机专用洗袜子全自动小型迷你小型婴儿清洗机,https://detail.tmall.com/item.htm?id=829752288160,5a2a8f68229b0d803216dbc8ac0cbc35586acb28bbf7bce06c461014e202a38b_2212794949421_20260801,,,,,,,,,,
天猫,中性,咨询,2026-08-01 17:24:51,1.6L的尺寸是多少,小熊电器官方旗舰店,652993501043,小熊电饭煲家用3到4人小型智能电饭锅陶瓷油内胆不粘微压快煮饭,https://detail.tmall.com/item.htm?id=652993501043,8c40348754ef038c84ed9a1d12eb3b230d23e0f2a93ef629d612449c2429aaa1_2212837734466_20260801,,,,,,,,,,
天猫,中性,咨询,2026-08-01 17:24:51,1.6L的尺寸是多少,小熊电器官方旗舰店,652993501043,小熊电饭煲家用3到4人小型智能电饭锅陶瓷油内胆不粘微压快煮饭,https://detail.tmall.com/item.htm?id=652993501043,8c40348754ef038c84ed9a1d12eb3b230d23e0f2a93ef629d612449c2429aaa1_2212837734466_20260801,,,,,,,,,,
天猫,中性,咨询,2026-08-01 17:22:18,烧开一壶水大概要多久？,小熊电器官方旗舰店,832406608200,小熊全玻璃恒温养生壶家用多功能办公室小型煮茶壶烧水壶炖煮一体,https://detail.tmall.com/item.htm?id=832406608200,fb47299cd21cca84b0212448f0c4990ccc23b232db143c701f57a6cc2bdae674_2222430908987_20260801,,,,,,,,,,
天猫,中性,咨询,2026-08-01 17:22:18,烧开一壶水大概要多久？,小熊电器官方旗舰店,832406608200,小熊全玻璃恒温养生壶家用多功能办公室小型煮茶壶烧水壶炖煮一体,https://detail.tmall.com/item.htm?id=832406608200,fb47299cd21cca84b0212448f0c4990ccc23b232db143c701f57a6cc2bdae674_2222430908987_20260801,,,,,,,,,,
天猫,负向,咨询,2026-08-01 17:19:16,电饭锅里面怎么没有说明书,小熊电器官方旗舰店,652993501043,小熊电饭煲家用3到4人小型智能电饭锅陶瓷油内胆不粘微压快煮饭,https://detail.tmall.com/item.htm?id=652993501043,8e34c97bf67b0217c46971d0cceb0d61641bbecf8ebd20071dde2d5741cfb762_2222156041569_20260801,,,,,,,,,,
天猫,中性,咨询,2026-08-01 17:19:02,有没有这个按键教程。。。,小熊电器官方旗舰店,652993501043,小熊电饭煲家用3到4人小型智能电饭锅陶瓷油内胆不粘微压快煮饭,https://detail.tmall.com/item.htm?id=652993501043,131dd56e125b3fd96e4378129a7f754d5ea2412821b8cee81c21201a1310ba21_2221749211942_20260801,,,,,,,,,,
天猫,中性,咨询,2026-08-01 17:18:09,只能支<br>不能微信支付<br>？<br>改地址地址填错了,小熊电器官方旗舰店,652993501043,小熊电饭煲家用3到4人小型智能电饭锅陶瓷油内胆不粘微压快煮饭,https://detail.tmall.com/item.htm?id=652993501043,11ca2a963c3051256a3a9deec065b6c82bd12624587b0162b2674b7de281ea6c_2212837734466_20260801,,,,,,,,,,
天猫,中性,咨询,2026-08-01 17:18:09,只能支<br>不能微信支付<br>？<br>改地址地址填错了,小熊电器官方旗舰店,652993501043,小熊电饭煲家用3到4人小型智能电饭锅陶瓷油内胆不粘微压快煮饭,https://detail.tmall.com/item.htm?id=652993501043,11ca2a963c3051256a3a9deec065b6c82bd12624587b0162b2674b7de281ea6c_2212837734466_20260801,,,,,,,,,,
天猫,负向,咨询,2026-08-01 17:14:03,在这里买的锅，插上电按键没反应，屏幕上只显示off，是怎么回事<br>,小熊电器官方旗舰店,652993501043,小熊电饭煲家用3到4人小型智能电饭锅陶瓷油内胆不粘微压快煮饭,https://detail.tmall.com/item.htm?id=652993501043,38e8c19b52dd3487f6ecbdf973d78eb0373ff71a5b461e9d99d6314fae984951_2215202023835_20260801,,,,,,,,,,
天猫,中性,咨询,2026-08-01 17:05:18,是不是要充电,小熊电器官方旗舰店,953780186914,小熊桶装水电动抽水器吸水器压水器自吸全自动抽水神器水泵上水器,https://detail.tmall.com/item.htm?id=953780186914,cb2c34b782f1be78061641f40f60d57f4095a38ff3c866bd4d8f291093fccca0_2216756095526_20260801,,,,,,,,,,
天猫,中性,咨询,2026-08-01 17:01:09,这个不锈钢内桶能换吗,小熊电器官方旗舰店,829752288160,小熊迷你内衣内裤洗衣机专用洗袜子全自动小型迷你小型婴儿清洗机,https://detail.tmall.com/item.htm?id=829752288160,05243bd186b0d20e9acbbf54e61f0566eb9a9eaf0c71d78aaa8c1a2976e68cd6_2212775027940_20260801,,,,,,,,,,
天猫,中性,咨询,2026-08-01 16:56:55,盖子打开多高,小熊电器官方旗舰店,829752288160,小熊迷你内衣内裤洗衣机专用洗袜子全自动小型迷你小型婴儿清洗机,https://detail.tmall.com/item.htm?id=829752288160,b69771228d7f1d0ecee212ac26c5928e86d59f16c1a90bca88e0298eb36f99ad_2212775027940_20260801,,,,,,,,,,
天猫,中性,咨询,2026-08-01 16:56:20,您好 这个几级能耗,小熊电器官方旗舰店,652993501043,小熊电饭煲家用3到4人小型智能电饭锅陶瓷油内胆不粘微压快煮饭,https://detail.tmall.com/item.htm?id=652993501043,3961e1bd3698ba7f7c4bd67ce38086b197c02358fec52ec56c4acaea86644d07_2215202023835_20260801,,,,,,,,,,
天猫,中性,咨询,2026-08-01 16:53:08,吸水器可以充电使用吗<br>充电一闪一闪是正常的吗<br>大概需要充多久<br>充电时指示灯没有闪<br>按一下才会闪<br>几秒闪了<br>是坏了吗<br>感谢 换了个充电头就正常了,小熊电器官方旗舰店,953780186914,小熊桶装水电动抽水器吸水器压水器自吸全自动抽水神器水泵上水器,https://detail.tmall.com/item.htm?id=953780186914,6754057382d2a08b278816c40389054c0f6ca239768ec247aa516645633d7899_2219484290050_20260801,,,,,,,,,,
天猫,中性,咨询,2026-08-01 16:53:08,吸水器可以充电使用吗<br>充电一闪一闪是正常的吗<br>大概需要充多久<br>充电时指示灯没有闪<br>按一下才会闪<br>几秒闪了<br>是坏了吗<br>感谢 换了个充电头就正常了,小熊电器官方旗舰店,953780186914,小熊桶装水电动抽水器吸水器压水器自吸全自动抽水神器水泵上水器,https://detail.tmall.com/item.htm?id=953780186914,6754057382d2a08b278816c40389054c0f6ca239768ec247aa516645633d7899_2219484290050_20260801,,,,,,,,,,
天猫,中性,咨询,2026-08-01 16:48:56,这个玻璃有味道吗？<br>质保多久，烧了一段时间会不会失灵<br>烧开水要用多久？,小熊电器官方旗舰店,832406608200,小熊全玻璃恒温养生壶家用多功能办公室小型煮茶壶烧水壶炖煮一体,https://detail.tmall.com/item.htm?id=832406608200,f1376c34e62c31beaf9efce4b27169b80acececc0811cef6b57a251ae552da62_3990073528_20260801,,,,,,,,,,
天猫,中性,咨询,2026-08-01 16:48:56,这个玻璃有味道吗？<br>质保多久，烧了一段时间会不会失灵<br>烧开水要用多久？,小熊电器官方旗舰店,832406608200,小熊全玻璃恒温养生壶家用多功能办公室小型煮茶壶烧水壶炖煮一体,https://detail.tmall.com/item.htm?id=832406608200,f1376c34e62c31beaf9efce4b27169b80acececc0811cef6b57a251ae552da62_3990073528_20260801,,,,,,,,,,
天猫,中性,咨询,2026-08-01 16:46:33,你好，请问最低水位多少？,小熊电器官方旗舰店,1066545498108,【新品首发】小熊破壁机豆浆机全自动家用静音多功能榨汁机新款,https://detail.tmall.com/item.htm?id=1066545498108,b71d6da64f22132054c41856a475f7391fdd236ab99467bb36c8d2008a84fecb_2212470730276_20260801,,,,,,,,,,
天猫,中性,咨询,2026-08-01 16:39:13,你好可以加热吗,小熊电器官方旗舰店,953780186914,小熊桶装水电动抽水器吸水器压水器自吸全自动抽水神器水泵上水器,https://detail.tmall.com/item.htm?id=953780186914,fad0d853b43a68f1efd97d3780fffbcbe001f76609fdb02d94965c777f44ab94_2219484290050_20260801,,,,,,,,,,
天猫,中性,咨询,2026-08-01 16:35:59,麻烦给个退货地址<br>买错地,小熊电器官方旗舰店,652993501043,小熊电饭煲家用3到4人小型智能电饭锅陶瓷油内胆不粘微压快煮饭,https://detail.tmall.com/item.htm?id=652993501043,505af0bc5c8ddbe80a17c97eed3f6ead1ac570091a2e56db855b7fe724cff081_2222156041569_20260801,,,,,,,,,,
天猫,中性,咨询,2026-08-01 16:35:59,麻烦给个退货地址<br>买错地,小熊电器官方旗舰店,652993501043,小熊电饭煲家用3到4人小型智能电饭锅陶瓷油内胆不粘微压快煮饭,https://detail.tmall.com/item.htm?id=652993501043,505af0bc5c8ddbe80a17c97eed3f6ead1ac570091a2e56db855b7fe724cff081_2222156041569_20260801,,,,,,,,,,
天猫,中性,咨询,2026-08-01 16:34:07,玻璃喷淋滤网,小熊电器官方旗舰店,832406608200,小熊全玻璃恒温养生壶家用多功能办公室小型煮茶壶烧水壶炖煮一体,https://detail.tmall.com/item.htm?id=832406608200,d3fd0d5aa03f2d10894eaa982541e0054685307cd9a783f93a53be45923db2b9_2222430908987_20260801,,,,,,,,,,
天猫,中性,咨询,2026-08-01 16:33:26,我装酒柜<br>你这个台面开孔开多大的<br>有没有放台面上的,小熊电器官方旗舰店,953780186914,小熊桶装水电动抽水器吸水器压水器自吸全自动抽水神器水泵上水器,https://detail.tmall.com/item.htm?id=953780186914,62c7fb48b9f4c4a21cecd7480b35cec55a62eca6ddab24d938108e85a22c9aed_2219484290050_20260801,,,,,,,,,,
天猫,正向,咨询,2026-08-01 16:29:56,东西到了需要上门安装<br>市路550号301<br>师打电话过来是嘛,小熊电器官方旗舰店,829752288160,小熊迷你内衣内裤洗衣机专用洗袜子全自动小型迷你小型婴儿清洗机,https://detail.tmall.com/item.htm?id=829752288160,e2708441a12bf3d2cb36377f223c483b0a88a37c3bbbc3514b0a3088715814ee_2212775027940_20260801,,,,,,,,,,
天猫,中性,咨询,2026-08-01 16:23:43,这个有桶自洁模式吗<br>声音大吗,小熊电器官方旗舰店,829752288160,小熊迷你内衣内裤洗衣机专用洗袜子全自动小型迷你小型婴儿清洗机,https://detail.tmall.com/item.htm?id=829752288160,53ed28397091df7244f0f0983fd3139b1fd5c2f9318177e42622c215660138f5_2212775027940_20260801,,,,,,,,,,
天猫,中性,咨询,2026-08-01 16:20:56,我单独买个这个多少钱<br>壶是好的,小熊电器官方旗舰店,832406608200,小熊全玻璃恒温养生壶家用多功能办公室小型煮茶壶烧水壶炖煮一体,https://detail.tmall.com/item.htm?id=832406608200,37f4b887e8690d68afb558a15dba2d78bffe20023313fb358f68c3438603ed89_3990073528_20260801,,,,,,,,,,
天猫,中性,咨询,2026-08-01 16:17:44,全自动吗<br>怎么接线<br>不合适的话可以退的吧？<br>大人小孩内裤一起洗，没问题吧？<br>分开洗涤，是指大人的洗完。洗小孩的。分两波洗？,小熊电器官方旗舰店,829752288160,小熊迷你内衣内裤洗衣机专用洗袜子全自动小型迷你小型婴儿清洗机,https://detail.tmall.com/item.htm?id=829752288160,67623742c7438f9d5094ab06f3ab02ccd6c011dcd9b35479df7f0d4e35b544e8_2212775027940_20260801,,,,,,,,,,
天猫,负向,咨询,2026-08-01 16:05:18,今天可以发货吗？<br>请帮我火速发货！<br>对了 你们水管多长的？<br>19L的桶够长吗？<br>OK 麻烦帮我尽快发货,小熊电器官方旗舰店,953780186914,小熊桶装水电动抽水器吸水器压水器自吸全自动抽水神器水泵上水器,https://detail.tmall.com/item.htm?id=953780186914,33f4827773b0291c7363ff99622f605a23157ac44c24ece5419db3e568583f3f_2222855549713_20260801,,,,,,,,,,
天猫,中性,咨询,2026-08-01 16:05:18,今天可以发货吗？<br>请帮我火速发货！<br>对了 你们水管多长的？<br>19L的桶够长吗？<br>OK 麻烦帮我尽快发货,小熊电器官方旗舰店,953780186914,小熊桶装水电动抽水器吸水器压水器自吸全自动抽水神器水泵上水器,https://detail.tmall.com/item.htm?id=953780186914,33f4827773b0291c7363ff99622f605a23157ac44c24ece5419db3e568583f3f_2222855549713_20260801,,,,,,,,,,
天猫,中性,咨询,2026-08-01 16:05:18,今天可以发货吗？<br>请帮我火速发货！<br>对了 你们水管多长的？<br>19L的桶够长吗？<br>OK 麻烦帮我尽快发货,小熊电器官方旗舰店,953780186914,小熊桶装水电动抽水器吸水器压水器自吸全自动抽水神器水泵上水器,https://detail.tmall.com/item.htm?id=953780186914,33f4827773b0291c7363ff99622f605a23157ac44c24ece5419db3e568583f3f_2222855549713_20260801,,,,,,,,,,
天猫,中性,咨询,2026-08-01 16:03:11,有没有时间快一点的<br>小型一人<br>你刚刚说的那个保修多久？,小熊电器官方旗舰店,832406608200,小熊全玻璃恒温养生壶家用多功能办公室小型煮茶壶烧水壶炖煮一体,https://detail.tmall.com/item.htm?id=832406608200,41402eb9db643ec289fe8502a556bb2ee9a73d5512fb3f54742cb9c1ed9bf4e3_2222430908987_20260801,,,,,,,,,,
天猫,负向,咨询,2026-08-01 16:02:26,还没发货<br>消费者有复杂售后问题，已停止辅助接待,小熊电器官方旗舰店,832406608200,小熊全玻璃恒温养生壶家用多功能办公室小型煮茶壶烧水壶炖煮一体,https://detail.tmall.com/item.htm?id=832406608200,4d4761ea7e0cedeae93bbcff1d3145dbda8aa33748c33085f486dc02dd2f9e3a_2209720364600_20260801,,,,,,,,,,
天猫,中性,咨询,2026-08-01 16:00:59,质量怎么样<br>质量怎么样<br>,小熊电器官方旗舰店,832406608200,小熊全玻璃恒温养生壶家用多功能办公室小型煮茶壶烧水壶炖煮一体,https://detail.tmall.com/item.htm?id=832406608200,4cc3ca6e07726b761db5102c70b293fd84b653fc9957741fc3112e35e8eabd4c_2208940083480_20260801,,,,,,,,,,
天猫,中性,咨询,2026-08-01 15:56:43,搜不到的旧品不可以换新吗,小熊电器官方旗舰店,652993501043,小熊电饭煲家用3到4人小型智能电饭锅陶瓷油内胆不粘微压快煮饭,https://detail.tmall.com/item.htm?id=652993501043,641d492a36665a97132e2b424049b7430f0f790df43731aeb2b390bc818cffbf_2222357265163_20260801,,,,,,,,,,
天猫,中性,咨询,2026-08-01 15:56:23,这是全玻璃的哈？<br>有优惠吗,小熊电器官方旗舰店,832406608200,小熊全玻璃恒温养生壶家用多功能办公室小型煮茶壶烧水壶炖煮一体,https://detail.tmall.com/item.htm?id=832406608200,93c900dc1d365270879e432d9178435537ed5c73f9ed85b43d36179f990469b4_3990073528_20260801,,,,,,,,,,
天猫,中性,咨询,2026-08-01 15:55:52,冷水单洗的功率多大,小熊电器官方旗舰店,829752288160,小熊迷你内衣内裤洗衣机专用洗袜子全自动小型迷你小型婴儿清洗机,https://detail.tmall.com/item.htm?id=829752288160,26201a077eae666cc62912ba6a11e48b5621d661b9b8701534a48e2b0030c3dc_2212775027940_20260801,,,,,,,,,,
天猫,中性,咨询,2026-08-01 15:51:40,价格和购物车不一样<br>双11有优惠吗<br>,小熊电器官方旗舰店,652993501043,小熊电饭煲家用3到4人小型智能电饭锅陶瓷油内胆不粘微压快煮饭,https://detail.tmall.com/item.htm?id=652993501043,f2c558435069cf146a27e744cef3b8e10db16884e9db068e5c239b2d10ec531d_2219418595974_20260801,,,,,,,,,,
天猫,中性,咨询,2026-08-01 15:36:45,这一款是必须要烧开到100度再降到需要的吗？<br>这一款是必须要烧开到100度再降到需要的吗？<br>那我矿泉水泡奶，可以只烧到45度对吧，不用等烧开再降？<br>这个1.5L烧开大概需要多久<br>那这种我点煮沸 但只烧到50度就关掉可行？,小熊电器官方旗舰店,832406608200,小熊全玻璃恒温养生壶家用多功能办公室小型煮茶壶烧水壶炖煮一体,https://detail.tmall.com/item.htm?id=832406608200,c4fd0f763f4755cfbc5c4b0d65cf378980f38c410cbf95696085692f680c8bca_2222430908987_20260801,,,,,,,,,,
天猫,中性,咨询,2026-08-01 15:36:45,这一款是必须要烧开到100度再降到需要的吗？<br>这一款是必须要烧开到100度再降到需要的吗？<br>那我矿泉水泡奶，可以只烧到45度对吧，不用等烧开再降？<br>这个1.5L烧开大概需要多久<br>那这种我点煮沸 但只烧到50度就关掉可行？,小熊电器官方旗舰店,832406608200,小熊全玻璃恒温养生壶家用多功能办公室小型煮茶壶烧水壶炖煮一体,https://detail.tmall.com/item.htm?id=832406608200,c4fd0f763f4755cfbc5c4b0d65cf378980f38c410cbf95696085692f680c8bca_2222430908987_20260801,,,,,,,,,,
天猫,中性,咨询,2026-08-01 15:27:02,鼎湖山泉12升的可以用吗<br>市面上5升以上的都能适配?<br>不能拧紧是什么意思<br>那什么矿泉水的可以拧紧<br>要桶装水才行嘛<br>会不会一碰就掉下来啊,小熊电器官方旗舰店,953780186914,小熊桶装水电动抽水器吸水器压水器自吸全自动抽水神器水泵上水器,https://detail.tmall.com/item.htm?id=953780186914,ecc96bea3d19d814bec7d2c3059569d06815d97c3281888a8f6734931dc8edb8_2212455992463_20260801,,,,,,,,,,
天猫,中性,咨询,2026-08-01 15:24:50,晒图送红包在哪<br>怎么操作<br>直接评价就可以了吗<br>我今天早上打了豆浆，有点卡嗓子<br>有沉淀<br>,小熊电器官方旗舰店,1066545498108,【新品首发】小熊破壁机豆浆机全自动家用静音多功能榨汁机新款,https://detail.tmall.com/item.htm?id=1066545498108,001a962cb30b93583a84ee30148857de7a43d913618d2d4bc25743fdf8babdb8_2215428970126_20260801,,,,,,,,,,
天猫,负向,咨询,2026-08-01 15:24:50,晒图送红包在哪<br>怎么操作<br>直接评价就可以了吗<br>我今天早上打了豆浆，有点卡嗓子<br>有沉淀<br>,小熊电器官方旗舰店,1066545498108,【新品首发】小熊破壁机豆浆机全自动家用静音多功能榨汁机新款,https://detail.tmall.com/item.htm?id=1066545498108,001a962cb30b93583a84ee30148857de7a43d913618d2d4bc25743fdf8babdb8_2215428970126_20260801,,,,,,,,,,
天猫,中性,咨询,2026-08-01 15:24:50,晒图送红包在哪<br>怎么操作<br>直接评价就可以了吗<br>我今天早上打了豆浆，有点卡嗓子<br>有沉淀<br>,小熊电器官方旗舰店,1066545498108,【新品首发】小熊破壁机豆浆机全自动家用静音多功能榨汁机新款,https://detail.tmall.com/item.htm?id=1066545498108,001a962cb30b93583a84ee30148857de7a43d913618d2d4bc25743fdf8babdb8_2215428970126_20260801,,,,,,,,,,
天猫,负向,咨询,2026-08-01 15:21:47,你好，这段时间发现洗衣机下面老是有水，刚才看，怎么这个电机一直在往下面滴<br>之前拆的时候没留意到这个盖子<br>这个和漏水没关系吧<br>,小熊电器官方旗舰店,829752288160,小熊迷你内衣内裤洗衣机专用洗袜子全自动小型迷你小型婴儿清洗机,https://detail.tmall.com/item.htm?id=829752288160,f6977006ff15080cbf33c89f12b8a7216acb260be1d395d7da2f704bd297e36b_2212775027940_20260801,,,,,,,,,,
天猫,中性,咨询,2026-08-01 15:20:56,这个取水管有多长？<br>我说的是这个取水管有多长？<br>这个链接里面这几款怎么选呀？,小熊电器官方旗舰店,953780186914,小熊桶装水电动抽水器吸水器压水器自吸全自动抽水神器水泵上水器,https://detail.tmall.com/item.htm?id=953780186914,7d281154c490cb72f95433a4f3cf754b00c46ab50de4970cf72cc5cead8fbe5c_2212455992463_20260801,,,,,,,,,,
天猫,中性,咨询,2026-08-01 15:20:56,这个取水管有多长？<br>我说的是这个取水管有多长？<br>这个链接里面这几款怎么选呀？,小熊电器官方旗舰店,953780186914,小熊桶装水电动抽水器吸水器压水器自吸全自动抽水神器水泵上水器,https://detail.tmall.com/item.htm?id=953780186914,7d281154c490cb72f95433a4f3cf754b00c46ab50de4970cf72cc5cead8fbe5c_2212455992463_20260801,,,,,,,,,,
天猫,负向,咨询,2026-08-01 15:10:14,你好，锅收到了，打开有一股塑料味，能退吗？<br>拆开过了，能退吗？<br>能退是吧？<br>那我退了哈,小熊电器官方旗舰店,652993501043,小熊电饭煲家用3到4人小型智能电饭锅陶瓷油内胆不粘微压快煮饭,https://detail.tmall.com/item.htm?id=652993501043,56bc5b1d84f8dc27833c76f1d1d15a8ea1023769c09b7158ae294b21c97513d7_2219418595974_20260801,,,,,,,,,,
天猫,负向,咨询,2026-08-01 15:10:14,你好，锅收到了，打开有一股塑料味，能退吗？<br>拆开过了，能退吗？<br>能退是吧？<br>那我退了哈,小熊电器官方旗舰店,652993501043,小熊电饭煲家用3到4人小型智能电饭锅陶瓷油内胆不粘微压快煮饭,https://detail.tmall.com/item.htm?id=652993501043,56bc5b1d84f8dc27833c76f1d1d15a8ea1023769c09b7158ae294b21c97513d7_2219418595974_20260801,,,,,,,,,,
天猫,中性,咨询,2026-08-01 15:10:14,你好，锅收到了，打开有一股塑料味，能退吗？<br>拆开过了，能退吗？<br>能退是吧？<br>那我退了哈,小熊电器官方旗舰店,652993501043,小熊电饭煲家用3到4人小型智能电饭锅陶瓷油内胆不粘微压快煮饭,https://detail.tmall.com/item.htm?id=652993501043,56bc5b1d84f8dc27833c76f1d1d15a8ea1023769c09b7158ae294b21c97513d7_2219418595974_20260801,,,,,,,,,,
天猫,中性,咨询,2026-08-01 15:08:48,可以更换内存吗？<br>内桶<br>就是我想你就洗袜子，一个洗内裤,小熊电器官方旗舰店,829752288160,小熊迷你内衣内裤洗衣机专用洗袜子全自动小型迷你小型婴儿清洗机,https://detail.tmall.com/item.htm?id=829752288160,c0fe612995ece6d993b879626ab33d524193c616421c8015f218e7deda8c5370_2212775027940_20260801,,,,,,,,,,
天猫,中性,咨询,2026-08-01 15:03:33,壶坏了可以单独配吗？<br>没有同款吗？,小熊电器官方旗舰店,832406608200,小熊全玻璃恒温养生壶家用多功能办公室小型煮茶壶烧水壶炖煮一体,https://detail.tmall.com/item.htm?id=832406608200,28a19897a2e4a2c262d394ab1dd8de235fe730db05d9cc6c4ac43d4f14203449_3990073528_20260801,,,,,,,,,,
天猫,中性,咨询,2026-08-01 15:02:12,合不会糊底？,小熊电器官方旗舰店,1066545498108,【新品首发】小熊破壁机豆浆机全自动家用静音多功能榨汁机新款,https://detail.tmall.com/item.htm?id=1066545498108,55ba9a346e19974c0b1796f55b5fe5a5a81fdf1273c5a7fbd430e4182a99735c_2212470730276_20260801,,,,,,,,,,
天猫,中性,咨询,2026-08-01 14:59:35,这款发热底盘什么材料，有涂层吗<br>过段时间会磨掉吗<br>那要磨掉了还能用吗<br>涂层坏了加热会产生有毒气体吗？,小熊电器官方旗舰店,832406608200,小熊全玻璃恒温养生壶家用多功能办公室小型煮茶壶烧水壶炖煮一体,https://detail.tmall.com/item.htm?id=832406608200,33e324e19e45ff4fc680fff66b8a2da38fb13fb146a613447983658579c0a6e2_3990073528_20260801,,,,,,,,,,
天猫,中性,咨询,2026-08-01 14:59:35,这款发热底盘什么材料，有涂层吗<br>过段时间会磨掉吗<br>那要磨掉了还能用吗<br>涂层坏了加热会产生有毒气体吗？,小熊电器官方旗舰店,832406608200,小熊全玻璃恒温养生壶家用多功能办公室小型煮茶壶烧水壶炖煮一体,https://detail.tmall.com/item.htm?id=832406608200,33e324e19e45ff4fc680fff66b8a2da38fb13fb146a613447983658579c0a6e2_3990073528_20260801,,,,,,,,,,
天猫,中性,咨询,2026-08-01 14:55:12,刚发现地址填错了,小熊电器官方旗舰店,953780186914,小熊桶装水电动抽水器吸水器压水器自吸全自动抽水神器水泵上水器,https://detail.tmall.com/item.htm?id=953780186914,c0f301c6e41312332d36604e1b7babf1893f388330750be3766197092bd71aa4_2212455992463_20260801,,,,,,,,,,
天猫,中性,咨询,2026-08-01 14:52:59,怎么修,小熊电器官方旗舰店,652993501043,小熊电饭煲家用3到4人小型智能电饭锅陶瓷油内胆不粘微压快煮饭,https://detail.tmall.com/item.htm?id=652993501043,83e5ab91cf2dc1a6b0e547a6fe0438f42b570240b2ff17ce38cd05460570b381_2212837734466_20260801,,,,,,,,,,
天猫,中性,咨询,2026-08-01 14:48:39,好评返现吗,小熊电器官方旗舰店,1066545498108,【新品首发】小熊破壁机豆浆机全自动家用静音多功能榨汁机新款,https://detail.tmall.com/item.htm?id=1066545498108,b7dae0815821f74032759d60bfd9dbfe4909ed8f696367ae969f0d334eb0f4e7_2214693187755_20260801,,,,,,,,,,
天猫,中性,咨询,2026-08-01 14:44:28,小熊 DFB-B12K2 (1.2L)：<br>电饭锅<br>我要电饭锅，1.2的,小熊电器官方旗舰店,652993501043,小熊电饭煲家用3到4人小型智能电饭锅陶瓷油内胆不粘微压快煮饭,https://detail.tmall.com/item.htm?id=652993501043,3ddeaa1f573d9ad18b330676f1b64b75ac4414bdf4537d97caec6e14d6938912_2222404047191_20260801,,,,,,,,,,
天猫,中性,咨询,2026-08-01 14:43:06,亲，这个功率是多少W的,小熊电器官方旗舰店,832406608200,小熊全玻璃恒温养生壶家用多功能办公室小型煮茶壶烧水壶炖煮一体,https://detail.tmall.com/item.htm?id=832406608200,f430147c908bf5b9bd3f649d50c17b08a7aad795405033a8f41b37f8d9f81283_3990073528_20260801,,,,,,,,,,
天猫,中性,咨询,2026-08-01 14:41:51,请问各个功能的功率一样吗<br>各个功能功率各是多少呢,小熊电器官方旗舰店,832406608200,小熊全玻璃恒温养生壶家用多功能办公室小型煮茶壶烧水壶炖煮一体,https://detail.tmall.com/item.htm?id=832406608200,6f3ece5966c0c191ca8106aae204e91ce64c9f19705fab298edcc08cdf848494_3990073528_20260801,,,,,,,,,,
天猫,中性,咨询,2026-08-01 14:26:27,我要咨询这笔订单<br>掉了<br>怎么打开<br>该消费者已更换了客服 小器官舰店:优秀熊 ，请勿继续沟通<br>,小熊电器官方旗舰店,953780186914,小熊桶装水电动抽水器吸水器压水器自吸全自动抽水神器水泵上水器,https://detail.tmall.com/item.htm?id=953780186914,7cd751d43d3f142ccbda77f0356d3f6514d3a68dfde8bc1b864237f4d475933d_2222855549713_20260801,,,,,,,,,,
天猫,负向,咨询,2026-08-01 14:26:18,这个下面漏水<br>,小熊电器官方旗舰店,829752288160,小熊迷你内衣内裤洗衣机专用洗袜子全自动小型迷你小型婴儿清洗机,https://detail.tmall.com/item.htm?id=829752288160,e3feb987e352289fc00eecfac0d5146c87c3eedeea226febd94d207ee65e3c2e_2212794949421_20260801,,,,,,,,,,
天猫,中性,咨询,2026-08-01 14:25:22,人工客服<br>这款是高压的吗,小熊电器官方旗舰店,652993501043,小熊电饭煲家用3到4人小型智能电饭锅陶瓷油内胆不粘微压快煮饭,https://detail.tmall.com/item.htm?id=652993501043,e1948044a9ab6243816a23dcc4e43bb10b0d1ad7a1e34dea3dc8f4a2221c77e7_2222357265163_20260801,,,,,,,,,,
天猫,中性,咨询,2026-08-01 14:25:00,我下单的这款，农夫山泉5升的可以配套用吗<br>啥意思，比水桶的瓶口大，不能是吗<br>怎么使用呢，就直接把水桶盖拿掉，把这个抽水泵放在瓶口上？,小熊电器官方旗舰店,953780186914,小熊桶装水电动抽水器吸水器压水器自吸全自动抽水神器水泵上水器,https://detail.tmall.com/item.htm?id=953780186914,15ad33f5739cd197fa73147a2d0bdc9ab31b5cf9680956e611c115facd28702c_2222855549713_20260801,,,,,,,,,,
天猫,中性,咨询,2026-08-01 14:25:00,我下单的这款，农夫山泉5升的可以配套用吗<br>啥意思，比水桶的瓶口大，不能是吗<br>怎么使用呢，就直接把水桶盖拿掉，把这个抽水泵放在瓶口上？,小熊电器官方旗舰店,953780186914,小熊桶装水电动抽水器吸水器压水器自吸全自动抽水神器水泵上水器,https://detail.tmall.com/item.htm?id=953780186914,15ad33f5739cd197fa73147a2d0bdc9ab31b5cf9680956e611c115facd28702c_2222855549713_20260801,,,,,,,,,,
天猫,中性,咨询,2026-08-01 14:18:40,这个没有全密封的吗<br>煮的时候漏气能煮烂吗<br>我是说食材<br>那个嘴那么大漏气<br>为什么尖嘴壶贵点，有区别吗？<br>质保多久<br>没有下单减10元啊<br>尖嘴1.5升的<br>显示170，去怎么变成200<br>补了个寂寞<br>还不是一样<br>也没补贴,小熊电器官方旗舰店,832406608200,小熊全玻璃恒温养生壶家用多功能办公室小型煮茶壶烧水壶炖煮一体,https://detail.tmall.com/item.htm?id=832406608200,30d842180f13d9411918714ee6e870ff08105ab800565461a35254b22d3016d4_2222430908987_20260801,,,,,,,,,,
天猫,中性,咨询,2026-08-01 14:18:40,这个没有全密封的吗<br>煮的时候漏气能煮烂吗<br>我是说食材<br>那个嘴那么大漏气<br>为什么尖嘴壶贵点，有区别吗？<br>质保多久<br>没有下单减10元啊<br>尖嘴1.5升的<br>显示170，去怎么变成200<br>补了个寂寞<br>还不是一样<br>也没补贴,小熊电器官方旗舰店,832406608200,小熊全玻璃恒温养生壶家用多功能办公室小型煮茶壶烧水壶炖煮一体,https://detail.tmall.com/item.htm?id=832406608200,30d842180f13d9411918714ee6e870ff08105ab800565461a35254b22d3016d4_2222430908987_20260801,,,,,,,,,,
天猫,负向,咨询,2026-08-01 14:18:40,这个没有全密封的吗<br>煮的时候漏气能煮烂吗<br>我是说食材<br>那个嘴那么大漏气<br>为什么尖嘴壶贵点，有区别吗？<br>质保多久<br>没有下单减10元啊<br>尖嘴1.5升的<br>显示170，去怎么变成200<br>补了个寂寞<br>还不是一样<br>也没补贴,小熊电器官方旗舰店,832406608200,小熊全玻璃恒温养生壶家用多功能办公室小型煮茶壶烧水壶炖煮一体,https://detail.tmall.com/item.htm?id=832406608200,30d842180f13d9411918714ee6e870ff08105ab800565461a35254b22d3016d4_2222430908987_20260801,,,,,,,,,,
天猫,中性,咨询,2026-08-01 14:18:40,这个没有全密封的吗<br>煮的时候漏气能煮烂吗<br>我是说食材<br>那个嘴那么大漏气<br>为什么尖嘴壶贵点，有区别吗？<br>质保多久<br>没有下单减10元啊<br>尖嘴1.5升的<br>显示170，去怎么变成200<br>补了个寂寞<br>还不是一样<br>也没补贴,小熊电器官方旗舰店,832406608200,小熊全玻璃恒温养生壶家用多功能办公室小型煮茶壶烧水壶炖煮一体,https://detail.tmall.com/item.htm?id=832406608200,30d842180f13d9411918714ee6e870ff08105ab800565461a35254b22d3016d4_2222430908987_20260801,,,,,,,,,,
天猫,中性,咨询,2026-08-01 14:18:12,配件都有的吗？像那个什么三通，还有那个转接头。<br>这个洗衣机放在浴室会有导电的风险吗？,小熊电器官方旗舰店,829752288160,小熊迷你内衣内裤洗衣机专用洗袜子全自动小型迷你小型婴儿清洗机,https://detail.tmall.com/item.htm?id=829752288160,38a0138accd24abcd3047ac4b317b4c892c77ddbae9b6267dbe076821e737084_2212794949421_20260801,,,,,,,,,,
天猫,中性,咨询,2026-08-01 14:14:57,一个人吃<br>想要煮米饭发时候，加点鸡肉蔬菜啥的<br>买多少L得呀,小熊电器官方旗舰店,652993501043,小熊电饭煲家用3到4人小型智能电饭锅陶瓷油内胆不粘微压快煮饭,https://detail.tmall.com/item.htm?id=652993501043,beeabdedc5dae5c19919b0ee3a318f30c9c1889a48bb731314cfd7fbab694c65_2222357265163_20260801,,,,,,,,,,
天猫,中性,咨询,2026-08-01 14:14:41,家里有台普通洗衣机，再买这个，进水出水管怎么安排<br>那排水管怎么装呢<br>一般这个小洗衣机叠放在大洗衣机上？<br>一般洗内裤大概洗多久<br>好的，我再来看看,小熊电器官方旗舰店,829752288160,小熊迷你内衣内裤洗衣机专用洗袜子全自动小型迷你小型婴儿清洗机,https://detail.tmall.com/item.htm?id=829752288160,f502b882635fcfc3f342348b8057e43379fe34784122afd6a7babc89ff7f8469_2212794949421_20260801,,,,,,,,,,
天猫,中性,咨询,2026-08-01 14:14:41,家里有台普通洗衣机，再买这个，进水出水管怎么安排<br>那排水管怎么装呢<br>一般这个小洗衣机叠放在大洗衣机上？<br>一般洗内裤大概洗多久<br>好的，我再来看看,小熊电器官方旗舰店,829752288160,小熊迷你内衣内裤洗衣机专用洗袜子全自动小型迷你小型婴儿清洗机,https://detail.tmall.com/item.htm?id=829752288160,f502b882635fcfc3f342348b8057e43379fe34784122afd6a7babc89ff7f8469_2212794949421_20260801,,,,,,,,,,
天猫,负向,咨询,2026-08-01 14:12:13,我一个小水壶 盖子摔坏了<br>,小熊电器官方旗舰店,832406608200,小熊全玻璃恒温养生壶家用多功能办公室小型煮茶壶烧水壶炖煮一体,https://detail.tmall.com/item.htm?id=832406608200,b3eb213a6824718165b3880d8844675bf8838f9435f41b6d928817ce973549fa_3990073528_20260801,,,,,,,,,,
天猫,中性,咨询,2026-08-01 14:08:46,这款恒保间是多久呢<br>可以烧到100° 然后降到设定吗<br>要是低定了 会不会自己再加热呢<br>理解了 啦<br>烧开一壶用时多久呢,小熊电器官方旗舰店,832406608200,小熊全玻璃恒温养生壶家用多功能办公室小型煮茶壶烧水壶炖煮一体,https://detail.tmall.com/item.htm?id=832406608200,bc5f635dad7723fe62e2aa39cd0b7bdcdb1dc77d2eef04748d7274b32edcd3dd_3990073528_20260801,,,,,,,,,,
天猫,中性,咨询,2026-08-01 14:08:46,这款恒保间是多久呢<br>可以烧到100° 然后降到设定吗<br>要是低定了 会不会自己再加热呢<br>理解了 啦<br>烧开一壶用时多久呢,小熊电器官方旗舰店,832406608200,小熊全玻璃恒温养生壶家用多功能办公室小型煮茶壶烧水壶炖煮一体,https://detail.tmall.com/item.htm?id=832406608200,bc5f635dad7723fe62e2aa39cd0b7bdcdb1dc77d2eef04748d7274b32edcd3dd_3990073528_20260801,,,,,,,,,,
天猫,中性,咨询,2026-08-01 14:08:46,这款恒保间是多久呢<br>可以烧到100° 然后降到设定吗<br>要是低定了 会不会自己再加热呢<br>理解了 啦<br>烧开一壶用时多久呢,小熊电器官方旗舰店,832406608200,小熊全玻璃恒温养生壶家用多功能办公室小型煮茶壶烧水壶炖煮一体,https://detail.tmall.com/item.htm?id=832406608200,bc5f635dad7723fe62e2aa39cd0b7bdcdb1dc77d2eef04748d7274b32edcd3dd_3990073528_20260801,,,,,,,,,,
天猫,中性,咨询,2026-08-01 14:07:51,光面壶身是什么意思,小熊电器官方旗舰店,832406608200,小熊全玻璃恒温养生壶家用多功能办公室小型煮茶壶烧水壶炖煮一体,https://detail.tmall.com/item.htm?id=832406608200,284f7a792770dd2928283912f36e2fb549206ba25e8e6a1649fbd77b3afe9a95_2222430908987_20260801,,,,,,,,,,
天猫,负向,咨询,2026-08-01 14:06:30,退货<br>感觉烧的太慢了<br>没达到预想,小熊电器官方旗舰店,832406608200,小熊全玻璃恒温养生壶家用多功能办公室小型煮茶壶烧水壶炖煮一体,https://detail.tmall.com/item.htm?id=832406608200,c40cd57e55b2ca4abb3075b6160cc51e69adca86d9f2060ebc574f9f90cbe9a3_2214916672660_20260801,,,,,,,,,,
天猫,中性,咨询,2026-08-01 14:06:03,这个可以炖吗<br>炖盅是怎样一个,小熊电器官方旗舰店,832406608200,小熊全玻璃恒温养生壶家用多功能办公室小型煮茶壶烧水壶炖煮一体,https://detail.tmall.com/item.htm?id=832406608200,db1f96e1db37d2f5ed1f4dfa1d4fc35aa1d40cc51a0a40bbcf5823178e49229b_2222430908987_20260801,,,,,,,,,,
天猫,负向,咨询,2026-08-01 14:04:35,亲亲，我想退货退款，家里人已经买了，买重了<br>消费者点踩机器人消息，已停止辅助接待<br>我直接选择退货退款吗？,小熊电器官方旗舰店,652993501043,小熊电饭煲家用3到4人小型智能电饭锅陶瓷油内胆不粘微压快煮饭,https://detail.tmall.com/item.htm?id=652993501043,3ee6a2e0930c1f24070ebf0fa66baa43f19cdfb4e20662fd713298da235a1b78_2219418595974_20260801,,,,,,,,,,
天猫,正向,咨询,2026-08-01 14:01:38,换货运费谁出啊<br>请做好用户接待，及时解决问题，2分系统会发送买家评价卡片。,小熊电器官方旗舰店,832406608200,小熊全玻璃恒温养生壶家用多功能办公室小型煮茶壶烧水壶炖煮一体,https://detail.tmall.com/item.htm?id=832406608200,9c4a3de4f5ecb756f0a44deb2d5999b556c14f7c9757e99a91797a0b21194a0c_2222430908987_20260801,,,,,,,,,,
天猫,中性,咨询,2026-08-01 13:58:15,可以焖饭吗<br>这款,小熊电器官方旗舰店,652993501043,小熊电饭煲家用3到4人小型智能电饭锅陶瓷油内胆不粘微压快煮饭,https://detail.tmall.com/item.htm?id=652993501043,0fbe53aaa8a2ba08b2301a7f25c202adf03fe94ac01c74cfc7cf44c19f9701a9_2209498356642_20260801,,,,,,,,,,
天猫,正向,咨询,2026-08-01 13:58:11,请送货上门哦,小熊电器官方旗舰店,832406608200,小熊全玻璃恒温养生壶家用多功能办公室小型煮茶壶烧水壶炖煮一体,https://detail.tmall.com/item.htm?id=832406608200,13c545143f3fdf9c432397a71856299daf137e36d881ab1e741117f5c907359e_2217778896413_20260801,,,,,,,,,,
天猫,中性,咨询,2026-08-01 13:57:06,实用教程,小熊电器官方旗舰店,953780186914,小熊桶装水电动抽水器吸水器压水器自吸全自动抽水神器水泵上水器,https://detail.tmall.com/item.htm?id=953780186914,f3e05d7fa7a8e74ccbbcab169a5aa0e0578584ca048b66fba156cec1359d4888_2222166184646_20260801,,,,,,,,,,
天猫,负向,咨询,2026-08-01 13:57:05,为什么充完电没有反应<br>才新买的<br>就是用type c充的，为什么没有反应？,小熊电器官方旗舰店,953780186914,小熊桶装水电动抽水器吸水器压水器自吸全自动抽水神器水泵上水器,https://detail.tmall.com/item.htm?id=953780186914,dc9ec80e09fed67e8591e93a5bce0fc040157868b13360551e36945c4f13f20d_2220272649006_20260801,,,,,,,,,,
天猫,中性,咨询,2026-08-01 13:49:20,烧水多长时间,小熊电器官方旗舰店,832406608200,小熊全玻璃恒温养生壶家用多功能办公室小型煮茶壶烧水壶炖煮一体,https://detail.tmall.com/item.htm?id=832406608200,d17cc5faef86162303b24707d65c8709fd4a958f7fc9e9c9cd05ba8285d04fac_2217778896413_20260801,,,,,,,,,,
天猫,中性,咨询,2026-08-01 13:49:20,烧水多长时间,小熊电器官方旗舰店,832406608200,小熊全玻璃恒温养生壶家用多功能办公室小型煮茶壶烧水壶炖煮一体,https://detail.tmall.com/item.htm?id=832406608200,d17cc5faef86162303b24707d65c8709fd4a958f7fc9e9c9cd05ba8285d04fac_2217778896413_20260801,,,,,,,,,,
天猫,中性,咨询,2026-08-01 13:46:05,行。小浆机有容量小一点吗？<br>这个容量是多大的？,小熊电器官方旗舰店,1066545498108,【新品首发】小熊破壁机豆浆机全自动家用静音多功能榨汁机新款,https://detail.tmall.com/item.htm?id=1066545498108,62f5a0168c2bc6dbc578004384a00cddd5bcd52500638e3f3a944d08aae5b1d0_2216756095526_20260801,,,,,,,,,,
天猫,中性,咨询,2026-08-01 13:45:27,不能闪购有优惠么,小熊电器官方旗舰店,832406608200,小熊全玻璃恒温养生壶家用多功能办公室小型煮茶壶烧水壶炖煮一体,https://detail.tmall.com/item.htm?id=832406608200,0c6e1c855218bd9b60779c0b6328b6a4c510c7bcba7bcdd7f9a9e31445b83636_2219167311332_20260801,,,,,,,,,,
天猫,负向,咨询,2026-08-01 13:42:18,老板，你发个操作流程，说明书上没有。另电煲在工作中，中途能开吗<br>我刚才用快煮饭，开锅煮水消毒，半小时都没仃<br>哦，煲汤呢<br>各种功能不需设时间,小熊电器官方旗舰店,652993501043,小熊电饭煲家用3到4人小型智能电饭锅陶瓷油内胆不粘微压快煮饭,https://detail.tmall.com/item.htm?id=652993501043,e903607eb0a987cb9045c39a26aa6912a14eb1bcae3c2d136c9ba448a127c944_2222234020629_20260801,,,,,,,,,,
天猫,中性,咨询,2026-08-01 13:40:51,负责安装的那边电话没人接<br>就是打过去没人接<br>这个电话,小熊电器官方旗舰店,829752288160,小熊迷你内衣内裤洗衣机专用洗袜子全自动小型迷你小型婴儿清洗机,https://detail.tmall.com/item.htm?id=829752288160,fe7263dd1e23818e688a23a68df6790ce8b548be147085d069791fc542052e2c_2212794949421_20260801,,,,,,,,,,
天猫,负向,咨询,2026-08-01 13:40:51,负责安装的那边电话没人接<br>就是打过去没人接<br>这个电话,小熊电器官方旗舰店,829752288160,小熊迷你内衣内裤洗衣机专用洗袜子全自动小型迷你小型婴儿清洗机,https://detail.tmall.com/item.htm?id=829752288160,fe7263dd1e23818e688a23a68df6790ce8b548be147085d069791fc542052e2c_2212794949421_20260801,,,,,,,,,,
天猫,负向,咨询,2026-08-01 13:40:23,这水壶盖子怎么四分五裂了<br>,小熊电器官方旗舰店,832406608200,小熊全玻璃恒温养生壶家用多功能办公室小型煮茶壶烧水壶炖煮一体,https://detail.tmall.com/item.htm?id=832406608200,e6477e6d95abaf945f372fa2808512dc3bd6980953c0a861f99211cbc1b32324_2217778896413_20260801,,,,,,,,,,
天猫,中性,咨询,2026-08-01 13:36:47,有声音吗,小熊电器官方旗舰店,953780186914,小熊桶装水电动抽水器吸水器压水器自吸全自动抽水神器水泵上水器,https://detail.tmall.com/item.htm?id=953780186914,a9f039a3d74b1b4c8251feeaca278e147bd5238a28305d6da41ba00ef0a07fc1_2222166184646_20260801,,,,,,,,,,
天猫,中性,咨询,2026-08-01 13:36:46,什么材质,小熊电器官方旗舰店,1066545498108,【新品首发】小熊破壁机豆浆机全自动家用静音多功能榨汁机新款,https://detail.tmall.com/item.htm?id=1066545498108,d88908e43d6822876ff02f61d7542727885e93eee16f6a53fdd6643c0c0169ef_2215543343493_20260801,,,,,,,,,,
天猫,中性,咨询,2026-08-01 13:35:26,是不是只要有玻璃的或者都可以煮,小熊电器官方旗舰店,832406608200,小熊全玻璃恒温养生壶家用多功能办公室小型煮茶壶烧水壶炖煮一体,https://detail.tmall.com/item.htm?id=832406608200,d52e6f7c307096bbacdd09557a9933ffe4b96dafd1ae792be65233809057aab9_2219167311332_20260801,,,,,,,,,,
天猫,中性,咨询,2026-08-01 13:34:43,你好，5天了，我的高压锅怎么还没修好<br>还要多少天,小熊电器官方旗舰店,652993501043,小熊电饭煲家用3到4人小型智能电饭锅陶瓷油内胆不粘微压快煮饭,https://detail.tmall.com/item.htm?id=652993501043,23bdc8206883dc48ab828cdce63d5f0540536afc8584804521080493c16206fd_2221680438289_20260801,,,,,,,,,,
天猫,中性,咨询,2026-08-01 13:33:14,我看我买的内衣洗衣机是免费安装的嘛,小熊电器官方旗舰店,829752288160,小熊迷你内衣内裤洗衣机专用洗袜子全自动小型迷你小型婴儿清洗机,https://detail.tmall.com/item.htm?id=829752288160,547fc3ab9d98a52a1b3e8193dcb30fa9a817208fe7d6a3093bb28bec2feb0916_3423170799_20260801,,,,,,,,,,
天猫,正向,咨询,2026-08-01 13:32:54,这个是要接水龙头的嘛<br>这个可以上门安装<br>他这个也是要看家里环境吧<br>这个保修嘛,小熊电器官方旗舰店,829752288160,小熊迷你内衣内裤洗衣机专用洗袜子全自动小型迷你小型婴儿清洗机,https://detail.tmall.com/item.htm?id=829752288160,6108a6b84f09a0520ea306cbc18ccc0021f3ecd6a0039fd90a18050dba1ef2a2_2209570416623_20260801,,,,,,,,,,
天猫,中性,咨询,2026-08-01 13:31:29,农夫山泉的大桶水可以用么<br>不拧瓶盖怎么使用？自己钻个孔？,小熊电器官方旗舰店,953780186914,小熊桶装水电动抽水器吸水器压水器自吸全自动抽水神器水泵上水器,https://detail.tmall.com/item.htm?id=953780186914,0a4e1a50239779fe62b575d8299c3c16f6cd1ca1674f790990da9c25d014e269_2220272649006_20260801,,,,,,,,,,
天猫,中性,咨询,2026-08-01 13:24:41,什么是桌桶两用？<br>316L不锈钢是最高级的吗？,小熊电器官方旗舰店,953780186914,小熊桶装水电动抽水器吸水器压水器自吸全自动抽水神器水泵上水器,https://detail.tmall.com/item.htm?id=953780186914,886bd68df81fae0377e8759b96dd6b26e74754597150c78564e3da9347bbdfc2_2222166184646_20260801,,,,,,,,,,
天猫,中性,咨询,2026-08-01 13:22:26,你好这种能连进水管吗<br>这个是接洗衣机的<br>上门安装怎么联系啊<br>接了洗衣机还能三通接这个吗<br>,小熊电器官方旗舰店,829752288160,小熊迷你内衣内裤洗衣机专用洗袜子全自动小型迷你小型婴儿清洗机,https://detail.tmall.com/item.htm?id=829752288160,4fdafc7646c16e38a30750e413710e9f4e595efbe08d5762378ba249f882d63b_2209570416623_20260801,,,,,,,,,,
天猫,中性,咨询,2026-08-01 13:22:26,你好这种能连进水管吗<br>这个是接洗衣机的<br>上门安装怎么联系啊<br>接了洗衣机还能三通接这个吗<br>,小熊电器官方旗舰店,829752288160,小熊迷你内衣内裤洗衣机专用洗袜子全自动小型迷你小型婴儿清洗机,https://detail.tmall.com/item.htm?id=829752288160,4fdafc7646c16e38a30750e413710e9f4e595efbe08d5762378ba249f882d63b_2209570416623_20260801,,,,,,,,,,
天猫,中性,咨询,2026-08-01 13:22:13,附近没有见你们小专卖店<br>你们能查到哪里有吗？<br>保修多久？<br>那我的是过质保了吗？<br>你们这质量真是够可以的，不到两年坏了两次<br>别的品牌用几年都没问题，你们这个不是这坏就是那坏，整天按键按不动。<br>免费上门取件，你这会儿让他上门过来拿吗<br>换地址了。省市区路东新中园<br>换地址了。省市 区 路 东鑫中园<br>只寄一座就行<br>消费者有复杂售后问题，已停止辅助接待,小熊电器官方旗舰店,832406608200,小熊全玻璃恒温养生壶家用多功能办公室小型煮茶壶烧水壶炖煮一体,https://detail.tmall.com/item.htm?id=832406608200,29b44295c53cf152ad2b5244f146bfe866f105d410a2e27811c0dc048a3bfa6d_2215107505922_20260801,,,,,,,,,,
天猫,负向,咨询,2026-08-01 13:22:13,附近没有见你们小专卖店<br>你们能查到哪里有吗？<br>保修多久？<br>那我的是过质保了吗？<br>你们这质量真是够可以的，不到两年坏了两次<br>别的品牌用几年都没问题，你们这个不是这坏就是那坏，整天按键按不动。<br>免费上门取件，你这会儿让他上门过来拿吗<br>换地址了。省市区路东新中园<br>换地址了。省市 区 路 东鑫中园<br>只寄一座就行<br>消费者有复杂售后问题，已停止辅助接待,小熊电器官方旗舰店,832406608200,小熊全玻璃恒温养生壶家用多功能办公室小型煮茶壶烧水壶炖煮一体,https://detail.tmall.com/item.htm?id=832406608200,29b44295c53cf152ad2b5244f146bfe866f105d410a2e27811c0dc048a3bfa6d_2215107505922_20260801,,,,,,,,,,
天猫,中性,咨询,2026-08-01 13:14:02,你好，这个茶壶经常会把水铺出来，水位低也是这样子<br>清水还没试过，<br>煮红茶和排湿茶都会这样子<br>明天我拍一下视频好,小熊电器官方旗舰店,832406608200,小熊全玻璃恒温养生壶家用多功能办公室小型煮茶壶烧水壶炖煮一体,https://detail.tmall.com/item.htm?id=832406608200,858bbb076e194779258269ff7cd8d2a8572853d7e0954e0aaaee33e867335cde_2219417355482_20260801,,,,,,,,,,
天猫,中性,咨询,2026-08-01 13:13:37,你好，这边怎么预约上门安装<br>回族区市区中街 13 号 2-402<br>你看今天下午可以来安装吗,小熊电器官方旗舰店,829752288160,小熊迷你内衣内裤洗衣机专用洗袜子全自动小型迷你小型婴儿清洗机,https://detail.tmall.com/item.htm?id=829752288160,27d77878f63717d0919a9fa97ba9abbe847c529b8405f2d852323cd7ee992c91_2209570416623_20260801,,,,,,,,,,
天猫,中性,咨询,2026-08-01 13:13:37,你好，这边怎么预约上门安装<br>回族区市区中街 13 号 2-402<br>你看今天下午可以来安装吗,小熊电器官方旗舰店,829752288160,小熊迷你内衣内裤洗衣机专用洗袜子全自动小型迷你小型婴儿清洗机,https://detail.tmall.com/item.htm?id=829752288160,27d77878f63717d0919a9fa97ba9abbe847c529b8405f2d852323cd7ee992c91_2209570416623_20260801,,,,,,,,,,
天猫,中性,咨询,2026-08-01 13:13:37,你好，这边怎么预约上门安装<br>回族区市区中街 13 号 2-402<br>你看今天下午可以来安装吗,小熊电器官方旗舰店,829752288160,小熊迷你内衣内裤洗衣机专用洗袜子全自动小型迷你小型婴儿清洗机,https://detail.tmall.com/item.htm?id=829752288160,27d77878f63717d0919a9fa97ba9abbe847c529b8405f2d852323cd7ee992c91_2209570416623_20260801,,,,,,,,,,
天猫,中性,咨询,2026-08-01 13:13:28,进出水都有什么配件<br>出水管多长,小熊电器官方旗舰店,829752288160,小熊迷你内衣内裤洗衣机专用洗袜子全自动小型迷你小型婴儿清洗机,https://detail.tmall.com/item.htm?id=829752288160,a52af4b7e33339b72eafd86a4d75489db60b675840e41c7710974d402cecf963_2209570416623_20260801,,,,,,,,,,
天猫,中性,咨询,2026-08-01 13:13:28,进出水都有什么配件<br>出水管多长,小熊电器官方旗舰店,829752288160,小熊迷你内衣内裤洗衣机专用洗袜子全自动小型迷你小型婴儿清洗机,https://detail.tmall.com/item.htm?id=829752288160,a52af4b7e33339b72eafd86a4d75489db60b675840e41c7710974d402cecf963_2209570416623_20260801,,,,,,,,,,
天猫,中性,咨询,2026-08-01 13:12:28,你好，排气孔怎么拆下来清洗<br>,小熊电器官方旗舰店,652993501043,小熊电饭煲家用3到4人小型智能电饭锅陶瓷油内胆不粘微压快煮饭,https://detail.tmall.com/item.htm?id=652993501043,20a8f76b74039ee5fdc705d455c8bf60788cffd424d6eece3449c0b48aa06149_2215202023835_20260801,,,,,,,,,,
天猫,中性,咨询,2026-08-01 13:12:28,你好，排气孔怎么拆下来清洗<br>,小熊电器官方旗舰店,652993501043,小熊电饭煲家用3到4人小型智能电饭锅陶瓷油内胆不粘微压快煮饭,https://detail.tmall.com/item.htm?id=652993501043,20a8f76b74039ee5fdc705d455c8bf60788cffd424d6eece3449c0b48aa06149_2215202023835_20260801,,,,,,,,,,
天猫,负向,咨询,2026-08-01 13:03:37,我这个机子前两个月的时候就发生过一次回来之后里面还有水，正在洗内裤的过断了电，然后现在插上电还是没有反应，前两个月就发生过一次，然后我跟你们的客服联系了，他给我说断电半个小时以后再重新插上重新使用，然后前两天断了一次，今天又断了一次<br>都不存在<br>,小熊电器官方旗舰店,829752288160,小熊迷你内衣内裤洗衣机专用洗袜子全自动小型迷你小型婴儿清洗机,https://detail.tmall.com/item.htm?id=829752288160,b9f32dd225e2f2fa1e69e47d8e8c0bf16e8848cff9c8cfbc9bda7e9d721ba2e3_2209570416623_20260801,,,,,,,,,,
天猫,中性,咨询,2026-08-01 13:02:41,亲这款电饭锅可以煮粥和热饭吗？<br>看了一下面板上面功能很少<br>隐藏了，没看清楚我家好多电器都是小<br>已拍,小熊电器官方旗舰店,652993501043,小熊电饭煲家用3到4人小型智能电饭锅陶瓷油内胆不粘微压快煮饭,https://detail.tmall.com/item.htm?id=652993501043,eba03eb27393778c216a07571b310077def16be757fe3d40172e0a0762d50d62_2222633286999_20260801,,,,,,,,,,
天猫,中性,咨询,2026-08-01 13:01:08,你好，电动机出不了水，请问可以维修或者更换吗？<br>已充满<br>请问怎么换？,小熊电器官方旗舰店,953780186914,小熊桶装水电动抽水器吸水器压水器自吸全自动抽水神器水泵上水器,https://detail.tmall.com/item.htm?id=953780186914,0c5db8efebe9114ec35a22b5d059175fe0a50a75fc15309fc33e75a52fccd796_2220272649006_20260801,,,,,,,,,,
天猫,中性,咨询,2026-08-01 13:01:08,你好，电动机出不了水，请问可以维修或者更换吗？<br>已充满<br>请问怎么换？,小熊电器官方旗舰店,953780186914,小熊桶装水电动抽水器吸水器压水器自吸全自动抽水神器水泵上水器,https://detail.tmall.com/item.htm?id=953780186914,0c5db8efebe9114ec35a22b5d059175fe0a50a75fc15309fc33e75a52fccd796_2220272649006_20260801,,,,,,,,,,
天猫,中性,咨询,2026-08-01 12:56:36,质保多久,小熊电器官方旗舰店,953780186914,小熊桶装水电动抽水器吸水器压水器自吸全自动抽水神器水泵上水器,https://detail.tmall.com/item.htm?id=953780186914,38399f61eacf8fd99a63e86a1596ac3b48b3801641a022561c8ddb4802039e46_2222166184646_20260801,,,,,,,,,,
天猫,中性,咨询,2026-08-01 12:48:46,识别不了啊<br>这款配件在哪里买<br>这上面一个皮掉了<br>在淘宝上搜小器配件店对吧？<br>有这上面的配件吗<br>就一个筛子<br>在哪里买<br>在哪里咨询<br>就是搜不到啊<br>搜了没有<br>,小熊电器官方旗舰店,652993501043,小熊电饭煲家用3到4人小型智能电饭锅陶瓷油内胆不粘微压快煮饭,https://detail.tmall.com/item.htm?id=652993501043,88e6caed62573e8980c68aeda4232a49780dcd76fe87fa4d614f61d9ba848309_2221680438289_20260801,,,,,,,,,,
天猫,中性,咨询,2026-08-01 12:47:43,这怎么操作视频？,小熊电器官方旗舰店,832406608200,小熊全玻璃恒温养生壶家用多功能办公室小型煮茶壶烧水壶炖煮一体,https://detail.tmall.com/item.htm?id=832406608200,178e31d8c02aaff1a231ea564d6734e8f9540f6db850fef87075146e5a86517d_2217778896413_20260801,,,,,,,,,,
天猫,中性,咨询,2026-08-01 12:47:15,可以洗几条内裤<br>质保多久<br>怎么排水呢<br>可以放卧室工作吗<br>卧室没上下水,小熊电器官方旗舰店,829752288160,小熊迷你内衣内裤洗衣机专用洗袜子全自动小型迷你小型婴儿清洗机,https://detail.tmall.com/item.htm?id=829752288160,0784e9d4862c3f94437ab0896d5d79d8db050045553521dd147335851eacb467_2209570416623_20260801,,,,,,,,,,
天猫,正向,咨询,2026-08-01 12:44:16,图片➕好评过了<br>,小熊电器官方旗舰店,1066545498108,【新品首发】小熊破壁机豆浆机全自动家用静音多功能榨汁机新款,https://detail.tmall.com/item.htm?id=1066545498108,e9231aa2c2345b72e9479441619a9ecf94f6991b6492bba7a7039eb1abc0083e_2215139000693_20260801,,,,,,,,,,
天猫,中性,咨询,2026-08-01 12:42:20,请问有没有宿舍可用的功率在800以下，不用必须插电使用充电也能用，声音比较小的烘衣机？,小熊电器官方旗舰店,832406608200,小熊全玻璃恒温养生壶家用多功能办公室小型煮茶壶烧水壶炖煮一体,https://detail.tmall.com/item.htm?id=832406608200,392cc248365989bcb9cf9e96cd3036b3bac3f5d1c665b4e94c0d91234c2e99bc_2217778896413_20260801,,,,,,,,,,
天猫,中性,咨询,2026-08-01 12:42:11,煮沸后可以设定恒度吗,小熊电器官方旗舰店,832406608200,小熊全玻璃恒温养生壶家用多功能办公室小型煮茶壶烧水壶炖煮一体,https://detail.tmall.com/item.htm?id=832406608200,ac26f6c40a869631fdbe759688db241ef4f551556af00dd61c473ef9a3461eaa_2217778896413_20260801,,,,,,,,,,
天猫,中性,咨询,2026-08-01 12:41:38,你好请问这款能煮火锅吗？,小熊电器官方旗舰店,652993501043,小熊电饭煲家用3到4人小型智能电饭锅陶瓷油内胆不粘微压快煮饭,https://detail.tmall.com/item.htm?id=652993501043,44fbc5ef8cc8b9ec6ec44bdd775ede8fa80f8b4722ae898d6d4b843a468fb82f_2222357265163_20260801,,,,,,,,,,
天猫,中性,咨询,2026-08-01 12:41:38,你好请问这款能煮火锅吗？,小熊电器官方旗舰店,652993501043,小熊电饭煲家用3到4人小型智能电饭锅陶瓷油内胆不粘微压快煮饭,https://detail.tmall.com/item.htm?id=652993501043,44fbc5ef8cc8b9ec6ec44bdd775ede8fa80f8b4722ae898d6d4b843a468fb82f_2222357265163_20260801,,,,,,,,,,
天猫,中性,咨询,2026-08-01 12:40:49,你好请问1.5升烧水一般需要多长时间,小熊电器官方旗舰店,832406608200,小熊全玻璃恒温养生壶家用多功能办公室小型煮茶壶烧水壶炖煮一体,https://detail.tmall.com/item.htm?id=832406608200,a31905a30bcc5d33f9932f81e642acd1047d02b6553b8882d5bdd65d86a034fb_2219167311332_20260801,,,,,,,,,,
天猫,中性,咨询,2026-08-01 12:40:49,你好请问1.5升烧水一般需要多长时间,小熊电器官方旗舰店,832406608200,小熊全玻璃恒温养生壶家用多功能办公室小型煮茶壶烧水壶炖煮一体,https://detail.tmall.com/item.htm?id=832406608200,a31905a30bcc5d33f9932f81e642acd1047d02b6553b8882d5bdd65d86a034fb_2219167311332_20260801,,,,,,,,,,
天猫,中性,咨询,2026-08-01 12:37:07,你好，这两款有什么区别吗,小熊电器官方旗舰店,832406608200,小熊全玻璃恒温养生壶家用多功能办公室小型煮茶壶烧水壶炖煮一体,https://detail.tmall.com/item.htm?id=832406608200,4a5c3c1a18fad123a3922845508e54bd9005b4f0079c57d8704f2458a9542467_2217778896413_20260801,,,,,,,,,,
天猫,负向,咨询,2026-08-01 12:35:54,适用桶<br>我买的景甜矿泉水14升为什么用不了<br>无盖子，盖盖子都不行,小熊电器官方旗舰店,953780186914,小熊桶装水电动抽水器吸水器压水器自吸全自动抽水神器水泵上水器,https://detail.tmall.com/item.htm?id=953780186914,fb45b95d5d30ea299c2e294def549b4936096791d71589c0b9bd044790e8f10f_2220272649006_20260801,,,,,,,,,,
天猫,中性,咨询,2026-08-01 12:34:49,你好 这个洗衣机的进水管有配件可以单独买吗,小熊电器官方旗舰店,829752288160,小熊迷你内衣内裤洗衣机专用洗袜子全自动小型迷你小型婴儿清洗机,https://detail.tmall.com/item.htm?id=829752288160,efa6f1f95f53be9b8f0a0872901793ec316b4a41237d633d40cf04381ef00398_2209570416623_20260801,,,,,,,,,,
天猫,中性,咨询,2026-08-01 12:34:49,你好 这个洗衣机的进水管有配件可以单独买吗,小熊电器官方旗舰店,829752288160,小熊迷你内衣内裤洗衣机专用洗袜子全自动小型迷你小型婴儿清洗机,https://detail.tmall.com/item.htm?id=829752288160,efa6f1f95f53be9b8f0a0872901793ec316b4a41237d633d40cf04381ef00398_2209570416623_20260801,,,,,,,,,,
天猫,中性,咨询,2026-08-01 12:26:54,能不能开发票？,小熊电器官方旗舰店,652993501043,小熊电饭煲家用3到4人小型智能电饭锅陶瓷油内胆不粘微压快煮饭,https://detail.tmall.com/item.htm?id=652993501043,8add57b3d5cc61a9b65e8dd3e933243dce922064161877fa1dbd0bba2c0e2639_2215202023835_20260801,,,,,,,,,,
天猫,中性,咨询,2026-08-01 12:23:35,有价保吗<br>怎么申请<br>没有这个页面呀<br>,小熊电器官方旗舰店,829752288160,小熊迷你内衣内裤洗衣机专用洗袜子全自动小型迷你小型婴儿清洗机,https://detail.tmall.com/item.htm?id=829752288160,adf0f739c0cb2b1672008e5480fa675aef52326a511a42b4f4abd5ee68bb6107_2212794949421_20260801,,,,,,,,,,
天猫,负向,咨询,2026-08-01 12:16:20,我收到的时候这个箱子就是这样的，我就用这个箱子给你寄回去了。<br>用胶带粘下<br>杯底带涂层的吗<br>,小熊电器官方旗舰店,1066545498108,【新品首发】小熊破壁机豆浆机全自动家用静音多功能榨汁机新款,https://detail.tmall.com/item.htm?id=1066545498108,ff7875cef6f7c7ca12f989b71cba106eff9978da4c67b6f88016442a7c2352e3_2216896954959_20260801,,,,,,,,,,
天猫,中性,咨询,2026-08-01 12:13:01,带蒸笼的吗<br>拍两个内胆的可以带两个蒸笼吗,小熊电器官方旗舰店,652993501043,小熊电饭煲家用3到4人小型智能电饭锅陶瓷油内胆不粘微压快煮饭,https://detail.tmall.com/item.htm?id=652993501043,fe4cef0ba33662c94253447bf33bc10a0a574c31bc768c1a7df0df84cb12aa44_2222633286999_20260801,,,,,,,,,,
天猫,中性,咨询,2026-08-01 12:13:01,带蒸笼的吗<br>拍两个内胆的可以带两个蒸笼吗,小熊电器官方旗舰店,652993501043,小熊电饭煲家用3到4人小型智能电饭锅陶瓷油内胆不粘微压快煮饭,https://detail.tmall.com/item.htm?id=652993501043,fe4cef0ba33662c94253447bf33bc10a0a574c31bc768c1a7df0df84cb12aa44_2222633286999_20260801,,,,,,,,,,
天猫,中性,咨询,2026-08-01 12:09:32,你好，有使用视频吗<br>发给家人看看,小熊电器官方旗舰店,1066545498108,【新品首发】小熊破壁机豆浆机全自动家用静音多功能榨汁机新款,https://detail.tmall.com/item.htm?id=1066545498108,b0fbee50ddfc75c88f9eb7ca36886e76672ee4d9f61264c5f20e58d1b16752b9_2222239345214_20260801,,,,,,,,,,
天猫,中性,咨询,2026-08-01 12:04:55,返还优惠是什么意思？<br>30元不是全部退回支账户吗？<br>这个小额打款到支吗？<br>好的，哪天打款？<br>,小熊电器官方旗舰店,1066545498108,【新品首发】小熊破壁机豆浆机全自动家用静音多功能榨汁机新款,https://detail.tmall.com/item.htm?id=1066545498108,867dd800194304c642ebe44bbca7a823d7ad50953069e6d6e39dd3440535f735_2215139000693_20260801,,,,,,,,,,
天猫,中性,咨询,2026-08-01 12:04:25,充电也抽不了水<br>我充了一夜了<br>鹰了你们的线也一样<br>我才换线试的<br>怎么换<br>顺丰快递可以吧，其他快递不<br>尽快寄来，急着要用呢<br>管子和电线要一并寄吗,小熊电器官方旗舰店,953780186914,小熊桶装水电动抽水器吸水器压水器自吸全自动抽水神器水泵上水器,https://detail.tmall.com/item.htm?id=953780186914,178680a325d8db0d78941808d1befc959ade0dd9bce6f78d29805893447ec944_2222166184646_20260801,,,,,,,,,,
天猫,负向,咨询,2026-08-01 12:04:25,充电也抽不了水<br>我充了一夜了<br>鹰了你们的线也一样<br>我才换线试的<br>怎么换<br>顺丰快递可以吧，其他快递不<br>尽快寄来，急着要用呢<br>管子和电线要一并寄吗,小熊电器官方旗舰店,953780186914,小熊桶装水电动抽水器吸水器压水器自吸全自动抽水神器水泵上水器,https://detail.tmall.com/item.htm?id=953780186914,178680a325d8db0d78941808d1befc959ade0dd9bce6f78d29805893447ec944_2222166184646_20260801,,,,,,,,,,
天猫,中性,咨询,2026-08-01 12:04:25,充电也抽不了水<br>我充了一夜了<br>鹰了你们的线也一样<br>我才换线试的<br>怎么换<br>顺丰快递可以吧，其他快递不<br>尽快寄来，急着要用呢<br>管子和电线要一并寄吗,小熊电器官方旗舰店,953780186914,小熊桶装水电动抽水器吸水器压水器自吸全自动抽水神器水泵上水器,https://detail.tmall.com/item.htm?id=953780186914,178680a325d8db0d78941808d1befc959ade0dd9bce6f78d29805893447ec944_2222166184646_20260801,,,,,,,,,,
天猫,中性,咨询,2026-08-01 12:01:57,管子多长<br>水管？,小熊电器官方旗舰店,953780186914,小熊桶装水电动抽水器吸水器压水器自吸全自动抽水神器水泵上水器,https://detail.tmall.com/item.htm?id=953780186914,7a1c7b1bfdbf944469c3267bd3f37ad0a4d2db0bc0abbcc7208c3c69377984e0_2222247444764_20260801,,,,,,,,,,
天猫,中性,咨询,2026-08-01 11:59:50,修改地址,小熊电器官方旗舰店,652993501043,小熊电饭煲家用3到4人小型智能电饭锅陶瓷油内胆不粘微压快煮饭,https://detail.tmall.com/item.htm?id=652993501043,95f3f06fa55a64ed727c22917884bbb2e8b42b12950efb39460a5895f01cb402_2222156041569_20260801,,,,,,,,,,
天猫,负向,咨询,2026-08-01 11:58:27,这个现在好像不太好使了，是怎么回事儿呢？还可以维修吗？<br>,小熊电器官方旗舰店,652993501043,小熊电饭煲家用3到4人小型智能电饭锅陶瓷油内胆不粘微压快煮饭,https://detail.tmall.com/item.htm?id=652993501043,3f41e37cf21dfda0cfbc5a9a467ce2649c7afbf358c27e074ae485baaa4e9563_2212837734466_20260801,,,,,,,,,,
天猫,中性,咨询,2026-08-01 11:58:27,这个现在好像不太好使了，是怎么回事儿呢？还可以维修吗？<br>,小熊电器官方旗舰店,652993501043,小熊电饭煲家用3到4人小型智能电饭锅陶瓷油内胆不粘微压快煮饭,https://detail.tmall.com/item.htm?id=652993501043,3f41e37cf21dfda0cfbc5a9a467ce2649c7afbf358c27e074ae485baaa4e9563_2212837734466_20260801,,,,,,,,,,
天猫,中性,咨询,2026-08-01 11:55:00,你好.买的这个壶没用几次玻璃突然就炸了，有配套的吗<br>这个还有优惠吗,小熊电器官方旗舰店,832406608200,小熊全玻璃恒温养生壶家用多功能办公室小型煮茶壶烧水壶炖煮一体,https://detail.tmall.com/item.htm?id=832406608200,d1922d6f957502df79cbd1e9e1b6c29c2f31678e510f47c2e98e307df50d3745_3990073528_20260801,,,,,,,,,,
天猫,负向,咨询,2026-08-01 11:55:00,你好.买的这个壶没用几次玻璃突然就炸了，有配套的吗<br>这个还有优惠吗,小熊电器官方旗舰店,832406608200,小熊全玻璃恒温养生壶家用多功能办公室小型煮茶壶烧水壶炖煮一体,https://detail.tmall.com/item.htm?id=832406608200,d1922d6f957502df79cbd1e9e1b6c29c2f31678e510f47c2e98e307df50d3745_3990073528_20260801,,,,,,,,,,
天猫,中性,咨询,2026-08-01 11:50:17,盖子会有塑料气味吗<br>水烧开需要多久,小熊电器官方旗舰店,832406608200,小熊全玻璃恒温养生壶家用多功能办公室小型煮茶壶烧水壶炖煮一体,https://detail.tmall.com/item.htm?id=832406608200,71c4a42672c4d0d75509859056fa976ba27c1de361bcadfc3fb151117b746cbb_3990073528_20260801,,,,,,,,,,
天猫,中性,咨询,2026-08-01 11:50:17,盖子会有塑料气味吗<br>水烧开需要多久,小熊电器官方旗舰店,832406608200,小熊全玻璃恒温养生壶家用多功能办公室小型煮茶壶烧水壶炖煮一体,https://detail.tmall.com/item.htm?id=832406608200,71c4a42672c4d0d75509859056fa976ba27c1de361bcadfc3fb151117b746cbb_3990073528_20260801,,,,,,,,,,
天猫,中性,咨询,2026-08-01 11:50:17,盖子会有塑料气味吗<br>水烧开需要多久,小熊电器官方旗舰店,832406608200,小熊全玻璃恒温养生壶家用多功能办公室小型煮茶壶烧水壶炖煮一体,https://detail.tmall.com/item.htm?id=832406608200,71c4a42672c4d0d75509859056fa976ba27c1de361bcadfc3fb151117b746cbb_3990073528_20260801,,,,,,,,,,
天猫,正向,咨询,2026-08-01 11:49:49,有优惠没有锅<br>怎么268<br>请做好用户接待，及时解决问题，2分系统会发送买家评价卡片。<br>骗人的<br>价格/:?<br>,小熊电器官方旗舰店,652993501043,小熊电饭煲家用3到4人小型智能电饭锅陶瓷油内胆不粘微压快煮饭,https://detail.tmall.com/item.htm?id=652993501043,780ab802f2718faab05b9fbe16b884c8ab515520cfc8c7ef2682c269ae601e19_2222357265163_20260801,,,,,,,,,,
天猫,负向,咨询,2026-08-01 11:49:49,有优惠没有锅<br>怎么268<br>请做好用户接待，及时解决问题，2分系统会发送买家评价卡片。<br>骗人的<br>价格/:?<br>,小熊电器官方旗舰店,652993501043,小熊电饭煲家用3到4人小型智能电饭锅陶瓷油内胆不粘微压快煮饭,https://detail.tmall.com/item.htm?id=652993501043,780ab802f2718faab05b9fbe16b884c8ab515520cfc8c7ef2682c269ae601e19_2222357265163_20260801,,,,,,,,,,
天猫,负向,咨询,2026-08-01 11:49:32,亲这款需要持续充电吗<br>电用完会提示吗<br>充一次电可以用多长时间珍茗山泉可以抽几桶？18升那种<br>那一款质量好吗<br>10多天肯定是可以用的，多数质量差只用半年，我不是说你家。我家一个月用18升捅装的就是四捅，半年抽水器就不能用了，我就想买一款好用质量好一点的,小熊电器官方旗舰店,953780186914,小熊桶装水电动抽水器吸水器压水器自吸全自动抽水神器水泵上水器,https://detail.tmall.com/item.htm?id=953780186914,25a3f6dbbbc73b9da854ce94c4afbc67585e1fee69f147a56ba58aa4b85f7d1a_2212455992463_20260801,,,,,,,,,,
天猫,中性,咨询,2026-08-01 11:49:32,亲这款需要持续充电吗<br>电用完会提示吗<br>充一次电可以用多长时间珍茗山泉可以抽几桶？18升那种<br>那一款质量好吗<br>10多天肯定是可以用的，多数质量差只用半年，我不是说你家。我家一个月用18升捅装的就是四捅，半年抽水器就不能用了，我就想买一款好用质量好一点的,小熊电器官方旗舰店,953780186914,小熊桶装水电动抽水器吸水器压水器自吸全自动抽水神器水泵上水器,https://detail.tmall.com/item.htm?id=953780186914,25a3f6dbbbc73b9da854ce94c4afbc67585e1fee69f147a56ba58aa4b85f7d1a_2212455992463_20260801,,,,,,,,,,
天猫,中性,咨询,2026-08-01 11:49:32,亲这款需要持续充电吗<br>电用完会提示吗<br>充一次电可以用多长时间珍茗山泉可以抽几桶？18升那种<br>那一款质量好吗<br>10多天肯定是可以用的，多数质量差只用半年，我不是说你家。我家一个月用18升捅装的就是四捅，半年抽水器就不能用了，我就想买一款好用质量好一点的,小熊电器官方旗舰店,953780186914,小熊桶装水电动抽水器吸水器压水器自吸全自动抽水神器水泵上水器,https://detail.tmall.com/item.htm?id=953780186914,25a3f6dbbbc73b9da854ce94c4afbc67585e1fee69f147a56ba58aa4b85f7d1a_2212455992463_20260801,,,,,,,,,,
天猫,负向,咨询,2026-08-01 11:49:32,亲这款需要持续充电吗<br>电用完会提示吗<br>充一次电可以用多长时间珍茗山泉可以抽几桶？18升那种<br>那一款质量好吗<br>10多天肯定是可以用的，多数质量差只用半年，我不是说你家。我家一个月用18升捅装的就是四捅，半年抽水器就不能用了，我就想买一款好用质量好一点的,小熊电器官方旗舰店,953780186914,小熊桶装水电动抽水器吸水器压水器自吸全自动抽水神器水泵上水器,https://detail.tmall.com/item.htm?id=953780186914,25a3f6dbbbc73b9da854ce94c4afbc67585e1fee69f147a56ba58aa4b85f7d1a_2212455992463_20260801,,,,,,,,,,
天猫,中性,咨询,2026-08-01 11:48:30,你好，这款商品煮花茶的时间可以调吗？,小熊电器官方旗舰店,832406608200,小熊全玻璃恒温养生壶家用多功能办公室小型煮茶壶烧水壶炖煮一体,https://detail.tmall.com/item.htm?id=832406608200,9e929f7401faa4ac62dbb1ab561a1ee6f3e0d6edbb9d09b67ffccf4839500a28_3990073528_20260801,,,,,,,,,,
天猫,中性,咨询,2026-08-01 11:44:48,电饭煲E3故障是什么原因,小熊电器官方旗舰店,652993501043,小熊电饭煲家用3到4人小型智能电饭锅陶瓷油内胆不粘微压快煮饭,https://detail.tmall.com/item.htm?id=652993501043,e38164299d212d75057721c06f8c99b7f2e412eae67aa61326da6886262b4199_2212837734466_20260801,,,,,,,,,,
天猫,中性,咨询,2026-08-01 11:38:33,出水有点小<br>里面是一个泵的？还是两个<br>抽水机里面是不是一个泵？<br>别人家的是双泵的<br>那我这个还可以退吗？<br>用过了<br>不然我也不知道单泵双泵了<br>好的，那要明天了现在在上班<br>退货的地址怎么换一下？<br>白天不在家<br>好的，我看看,小熊电器官方旗舰店,953780186914,小熊桶装水电动抽水器吸水器压水器自吸全自动抽水神器水泵上水器,https://detail.tmall.com/item.htm?id=953780186914,8292540f7d237acdfc9343a87c11734c8afdb47a2efc7f7e269d4ada7d9689a9_2219484290050_20260801,,,,,,,,,,
天猫,中性,咨询,2026-08-01 11:38:33,出水有点小<br>里面是一个泵的？还是两个<br>抽水机里面是不是一个泵？<br>别人家的是双泵的<br>那我这个还可以退吗？<br>用过了<br>不然我也不知道单泵双泵了<br>好的，那要明天了现在在上班<br>退货的地址怎么换一下？<br>白天不在家<br>好的，我看看,小熊电器官方旗舰店,953780186914,小熊桶装水电动抽水器吸水器压水器自吸全自动抽水神器水泵上水器,https://detail.tmall.com/item.htm?id=953780186914,8292540f7d237acdfc9343a87c11734c8afdb47a2efc7f7e269d4ada7d9689a9_2219484290050_20260801,,,,,,,,,,
天猫,中性,咨询,2026-08-01 11:36:04,你好电饭锅里面的两个量杯怎么使用,小熊电器官方旗舰店,652993501043,小熊电饭煲家用3到4人小型智能电饭锅陶瓷油内胆不粘微压快煮饭,https://detail.tmall.com/item.htm?id=652993501043,c672860e6fe152d2679e318b675af5ca6c9377a14429a493bd31f29b5afb863c_2212837734466_20260801,,,,,,,,,,
天猫,正向,咨询,2026-08-01 11:36:04,你好电饭锅里面的两个量杯怎么使用,小熊电器官方旗舰店,652993501043,小熊电饭煲家用3到4人小型智能电饭锅陶瓷油内胆不粘微压快煮饭,https://detail.tmall.com/item.htm?id=652993501043,c672860e6fe152d2679e318b675af5ca6c9377a14429a493bd31f29b5afb863c_2212837734466_20260801,,,,,,,,,,
天猫,中性,咨询,2026-08-01 11:36:04,你好电饭锅里面的两个量杯怎么使用,小熊电器官方旗舰店,652993501043,小熊电饭煲家用3到4人小型智能电饭锅陶瓷油内胆不粘微压快煮饭,https://detail.tmall.com/item.htm?id=652993501043,c672860e6fe152d2679e318b675af5ca6c9377a14429a493bd31f29b5afb863c_2212837734466_20260801,,,,,,,,,,
天猫,中性,咨询,2026-08-01 11:33:56,使用视频有吗<br>包安装吗<br>要自己安装吗,小熊电器官方旗舰店,829752288160,小熊迷你内衣内裤洗衣机专用洗袜子全自动小型迷你小型婴儿清洗机,https://detail.tmall.com/item.htm?id=829752288160,868f96495bec6805dc904cbd738204c3dac0f3e1a0cc1e149d26734f343ecb48_2212775027940_20260801,,,,,,,,,,
天猫,中性,咨询,2026-08-01 11:33:56,使用视频有吗<br>包安装吗<br>要自己安装吗,小熊电器官方旗舰店,829752288160,小熊迷你内衣内裤洗衣机专用洗袜子全自动小型迷你小型婴儿清洗机,https://detail.tmall.com/item.htm?id=829752288160,868f96495bec6805dc904cbd738204c3dac0f3e1a0cc1e149d26734f343ecb48_2212775027940_20260801,,,,,,,,,,
天猫,负向,咨询,2026-08-01 11:33:29,我请问一下充电充不进去 然后按一下就出两秒睡,小熊电器官方旗舰店,953780186914,小熊桶装水电动抽水器吸水器压水器自吸全自动抽水神器水泵上水器,https://detail.tmall.com/item.htm?id=953780186914,a73f6fd15a333c9c928d23da169357f1e63e873795084132db452f028590c947_2219484290050_20260801,,,,,,,,,,
天猫,中性,咨询,2026-08-01 11:33:29,我请问一下充电充不进去 然后按一下就出两秒睡,小熊电器官方旗舰店,953780186914,小熊桶装水电动抽水器吸水器压水器自吸全自动抽水神器水泵上水器,https://detail.tmall.com/item.htm?id=953780186914,a73f6fd15a333c9c928d23da169357f1e63e873795084132db452f028590c947_2219484290050_20260801,,,,,,,,,,
天猫,中性,咨询,2026-08-01 11:29:00,你好壶已寄回<br>受伤在大腿根，面积很大<br>这是寄回的单子<br>买了这款水壶，我家买了俩，两个都出现炸底<br>,小熊电器官方旗舰店,832406608200,小熊全玻璃恒温养生壶家用多功能办公室小型煮茶壶烧水壶炖煮一体,https://detail.tmall.com/item.htm?id=832406608200,df9d1438ef00c97b20b038c7a66dc21599d879ae69122810e38e3ab50d3db177_2214916672660_20260801,,,,,,,,,,
天猫,中性,咨询,2026-08-01 11:27:58,这款有优惠吗,小熊电器官方旗舰店,1066545498108,【新品首发】小熊破壁机豆浆机全自动家用静音多功能榨汁机新款,https://detail.tmall.com/item.htm?id=1066545498108,43fbee24e9827509728e7bde9e51bad616634f191ec41c68114c2702bfc8e8fa_2216756095526_20260801,,,,,,,,,,
天猫,中性,咨询,2026-08-01 11:21:42,质保几年<br>是否正品,小熊电器官方旗舰店,652993501043,小熊电饭煲家用3到4人小型智能电饭锅陶瓷油内胆不粘微压快煮饭,https://detail.tmall.com/item.htm?id=652993501043,562843f92126f916e838f7e51b1febb7be29f70f51cc80e60db91f33f593539a_2221749211942_20260801,,,,,,,,,,
天猫,中性,咨询,2026-08-01 11:20:45,什么时候可以到货,小熊电器官方旗舰店,832406608200,小熊全玻璃恒温养生壶家用多功能办公室小型煮茶壶烧水壶炖煮一体,https://detail.tmall.com/item.htm?id=832406608200,3c4c9bcc877e66529698d997789569b1c691eb6478fbcd846e6450419e47beab_3990073528_20260801,,,,,,,,,,
天猫,中性,咨询,2026-08-01 11:18:16,3升的蒸米饭要多久,小熊电器官方旗舰店,652993501043,小熊电饭煲家用3到4人小型智能电饭锅陶瓷油内胆不粘微压快煮饭,https://detail.tmall.com/item.htm?id=652993501043,4a9330f9b6d456981fb2c18a5b972ba5d8cd456d526613f4412c2ff5eae3ba08_2212837734466_20260801,,,,,,,,,,
天猫,中性,咨询,2026-08-01 11:17:57,老客户还有优惠没？<br>质保多久？,小熊电器官方旗舰店,953780186914,小熊桶装水电动抽水器吸水器压水器自吸全自动抽水神器水泵上水器,https://detail.tmall.com/item.htm?id=953780186914,b10c62213d7d90d4dbadb8b4e91b1e20f630f706063efdfec95f113d1227401d_2219484290050_20260801,,,,,,,,,,
天猫,中性,咨询,2026-08-01 11:16:33,煮沸需要多久,小熊电器官方旗舰店,832406608200,小熊全玻璃恒温养生壶家用多功能办公室小型煮茶壶烧水壶炖煮一体,https://detail.tmall.com/item.htm?id=832406608200,faa68ca64b0679b82761819c6fcfe70b1338836aa67595984da81930db4d00fa_3990073528_20260801,,,,,,,,,,
天猫,负向,咨询,2026-08-01 11:14:52,謝謝🙏🏻<br>急用，請幫我們加快發貨，謝🙏🏻🙏🏻<br>謝,小熊电器官方旗舰店,953780186914,小熊桶装水电动抽水器吸水器压水器自吸全自动抽水神器水泵上水器,https://detail.tmall.com/item.htm?id=953780186914,806e577847f93cea7208889b9e885b63adfc4d3594f03eca9f9d3ead2322ede9_2208798612786_20260801,,,,,,,,,,
天猫,中性,咨询,2026-08-01 11:14:12,这种水适合用吗<br>是充电的吗<br>,小熊电器官方旗舰店,953780186914,小熊桶装水电动抽水器吸水器压水器自吸全自动抽水神器水泵上水器,https://detail.tmall.com/item.htm?id=953780186914,a6d4ca2b663df18b95db38b661c99824c55332a1a27fa7221d3a35d64494f79f_2212455992463_20260801,,,,,,,,,,
天猫,负向,咨询,2026-08-01 11:09:13,接不上去<br>算了，我直接退了，我们这不接固定的,小熊电器官方旗舰店,829752288160,小熊迷你内衣内裤洗衣机专用洗袜子全自动小型迷你小型婴儿清洗机,https://detail.tmall.com/item.htm?id=829752288160,e13f9c2ee63fee339f21b92fc4d4ae04dda035ca402e1c2059abf8f1ab391952_2212794949421_20260801,,,,,,,,,,
天猫,中性,咨询,2026-08-01 11:05:15,一启动机器就跳闸呢？<br>为啥机器这么容易跳闸呢？<br>昨天我用了，做了米糊，没有跳闸，今天想做个果汁，就2分跳闸了。<br>外面没有湿水<br>特意很注意清洗的<br>这个需要寄回么<br>亲亲如果换了一个还这样我可以退货么？<br>您可采用如下与买家沟通协商：<br>我害怕跳闸，不敢碰电<br>用2000多瓦的电磁炉都没问题<br>快递员说可能超重了，需要补钱<br>,小熊电器官方旗舰店,1066545498108,【新品首发】小熊破壁机豆浆机全自动家用静音多功能榨汁机新款,https://detail.tmall.com/item.htm?id=1066545498108,aae082f1c5de51e051a6061f102484386bf471b526a12932c1dcdae7676f8228_2215176977560_20260801,,,,,,,,,,
天猫,中性,咨询,2026-08-01 11:03:54,你们的售后电话多少呢<br>或者微信,小熊电器官方旗舰店,832406608200,小熊全玻璃恒温养生壶家用多功能办公室小型煮茶壶烧水壶炖煮一体,https://detail.tmall.com/item.htm?id=832406608200,6c1b76f400f19c953fc7a13c7f99758a3f227267140cd8250a7382d72db0b2bf_2222430908987_20260801,,,,,,,,,,
天猫,中性,咨询,2026-08-01 11:02:21,发票都帮忙开一下<br>后台申请了,小熊电器官方旗舰店,832406608200,小熊全玻璃恒温养生壶家用多功能办公室小型煮茶壶烧水壶炖煮一体,https://detail.tmall.com/item.htm?id=832406608200,40784a6780244234ccd838133a24e59a3cddd0168836ad1c6e520ba85217fb03_2222357265163_20260801,,,,,,,,,,
天猫,中性,咨询,2026-08-01 11:02:13,半杯米可以煮吗<br>煮的少了会怎么样<br>对机器有影响吗<br>煮的少也会溢出吗<br>不都是煮的多溢出<br>如果想要热饭可以选什么功能<br>要不要加点水之类的<br>质保多久,小熊电器官方旗舰店,652993501043,小熊电饭煲家用3到4人小型智能电饭锅陶瓷油内胆不粘微压快煮饭,https://detail.tmall.com/item.htm?id=652993501043,c33c8a1fbb0708b66c872329196f7d7dc1c782715dfe94b25a39b81810fa400c_2214729411838_20260801,,,,,,,,,,
天猫,中性,咨询,2026-08-01 11:02:13,半杯米可以煮吗<br>煮的少了会怎么样<br>对机器有影响吗<br>煮的少也会溢出吗<br>不都是煮的多溢出<br>如果想要热饭可以选什么功能<br>要不要加点水之类的<br>质保多久,小熊电器官方旗舰店,652993501043,小熊电饭煲家用3到4人小型智能电饭锅陶瓷油内胆不粘微压快煮饭,https://detail.tmall.com/item.htm?id=652993501043,c33c8a1fbb0708b66c872329196f7d7dc1c782715dfe94b25a39b81810fa400c_2214729411838_20260801,,,,,,,,,,
天猫,正向,咨询,2026-08-01 11:02:13,半杯米可以煮吗<br>煮的少了会怎么样<br>对机器有影响吗<br>煮的少也会溢出吗<br>不都是煮的多溢出<br>如果想要热饭可以选什么功能<br>要不要加点水之类的<br>质保多久,小熊电器官方旗舰店,652993501043,小熊电饭煲家用3到4人小型智能电饭锅陶瓷油内胆不粘微压快煮饭,https://detail.tmall.com/item.htm?id=652993501043,c33c8a1fbb0708b66c872329196f7d7dc1c782715dfe94b25a39b81810fa400c_2214729411838_20260801,,,,,,,,,,
天猫,中性,咨询,2026-08-01 11:02:13,半杯米可以煮吗<br>煮的少了会怎么样<br>对机器有影响吗<br>煮的少也会溢出吗<br>不都是煮的多溢出<br>如果想要热饭可以选什么功能<br>要不要加点水之类的<br>质保多久,小熊电器官方旗舰店,652993501043,小熊电饭煲家用3到4人小型智能电饭锅陶瓷油内胆不粘微压快煮饭,https://detail.tmall.com/item.htm?id=652993501043,c33c8a1fbb0708b66c872329196f7d7dc1c782715dfe94b25a39b81810fa400c_2214729411838_20260801,,,,,,,,,,
天猫,中性,咨询,2026-08-01 11:01:01,管是什么材质,小熊电器官方旗舰店,953780186914,小熊桶装水电动抽水器吸水器压水器自吸全自动抽水神器水泵上水器,https://detail.tmall.com/item.htm?id=953780186914,3923094fcd636eaacd956f0ef96f0935642324f8608dd786347ebd269d9dd32e_2222855549713_20260801,,,,,,,,,,
天猫,中性,咨询,2026-08-01 11:00:51,我想问一下壶能自己设置煮多久的时间吗,小熊电器官方旗舰店,832406608200,小熊全玻璃恒温养生壶家用多功能办公室小型煮茶壶烧水壶炖煮一体,https://detail.tmall.com/item.htm?id=832406608200,5022406f34f779135268ed01b7cfc4f80bee68b65f6c2fc9a44ec967307bf73c_2214916672660_20260801,,,,,,,,,,
天猫,中性,咨询,2026-08-01 11:00:51,我想问一下壶能自己设置煮多久的时间吗,小熊电器官方旗舰店,832406608200,小熊全玻璃恒温养生壶家用多功能办公室小型煮茶壶烧水壶炖煮一体,https://detail.tmall.com/item.htm?id=832406608200,5022406f34f779135268ed01b7cfc4f80bee68b65f6c2fc9a44ec967307bf73c_2214916672660_20260801,,,,,,,,,,
天猫,中性,咨询,2026-08-01 10:54:35,这是充电的吗,小熊电器官方旗舰店,953780186914,小熊桶装水电动抽水器吸水器压水器自吸全自动抽水神器水泵上水器,https://detail.tmall.com/item.htm?id=953780186914,54eaa4d5ba74227bfb9ebe21908d50c266f474430b41b2369781753254a79ea3_2219484290050_20260801,,,,,,,,,,
天猫,中性,咨询,2026-08-01 10:44:55,您好这个按键声音大吗,小熊电器官方旗舰店,832406608200,小熊全玻璃恒温养生壶家用多功能办公室小型煮茶壶烧水壶炖煮一体,https://detail.tmall.com/item.htm?id=832406608200,477ca586069284db78ed4bd87bc21d12d47ec62c628b5c7997f7a23d9d2f129c_3990073528_20260801,,,,,,,,,,
天猫,中性,咨询,2026-08-01 10:43:33,什么时候发货<br>发什么快递,小熊电器官方旗舰店,832406608200,小熊全玻璃恒温养生壶家用多功能办公室小型煮茶壶烧水壶炖煮一体,https://detail.tmall.com/item.htm?id=832406608200,2f7b2aa9e3873d6009f0f5b69a5e7bec82d872d7906776b08657fa32fda839b1_2219671531583_20260801,,,,,,,,,,
天猫,中性,咨询,2026-08-01 10:43:33,什么时候发货<br>发什么快递,小熊电器官方旗舰店,832406608200,小熊全玻璃恒温养生壶家用多功能办公室小型煮茶壶烧水壶炖煮一体,https://detail.tmall.com/item.htm?id=832406608200,2f7b2aa9e3873d6009f0f5b69a5e7bec82d872d7906776b08657fa32fda839b1_2219671531583_20260801,,,,,,,,,,
天猫,中性,咨询,2026-08-01 10:40:00,能开发票吗？,小熊电器官方旗舰店,829752288160,小熊迷你内衣内裤洗衣机专用洗袜子全自动小型迷你小型婴儿清洗机,https://detail.tmall.com/item.htm?id=829752288160,60d08787a261e958137e5955a247b3bf2b1450c1372c229629c615fae191d4be_2209638517281_20260801,,,,,,,,,,
天猫,中性,咨询,2026-08-01 10:34:39,买了这个漏水怎么办,小熊电器官方旗舰店,829752288160,小熊迷你内衣内裤洗衣机专用洗袜子全自动小型迷你小型婴儿清洗机,https://detail.tmall.com/item.htm?id=829752288160,9f9a48ccffb713ea4b4cc437e0e1c2dc9e5939dffa371076d3730722b005c8b4_2212775027940_20260801,,,,,,,,,,
天猫,负向,咨询,2026-08-01 10:34:39,买了这个漏水怎么办,小熊电器官方旗舰店,829752288160,小熊迷你内衣内裤洗衣机专用洗袜子全自动小型迷你小型婴儿清洗机,https://detail.tmall.com/item.htm?id=829752288160,9f9a48ccffb713ea4b4cc437e0e1c2dc9e5939dffa371076d3730722b005c8b4_2212775027940_20260801,,,,,,,,,,
天猫,中性,咨询,2026-08-01 10:32:55,四档出水贵的那个的出水口是不锈钢吗,小熊电器官方旗舰店,953780186914,小熊桶装水电动抽水器吸水器压水器自吸全自动抽水神器水泵上水器,https://detail.tmall.com/item.htm?id=953780186914,6a12fa86aca02b2d56039cd3700d1ee7f291b6036bdb338fbad2e59282354019_2219484290050_20260801,,,,,,,,,,
天猫,负向,咨询,2026-08-01 10:25:59,这个盖子卡扣坏了<br>请做好用户接待，及时解决问题，2分系统会发送买家评价卡片。<br>,小熊电器官方旗舰店,652993501043,小熊电饭煲家用3到4人小型智能电饭锅陶瓷油内胆不粘微压快煮饭,https://detail.tmall.com/item.htm?id=652993501043,77311a5825be007912e6e36a76d5c5373f8c50467d33960710624157f4b45f5a_2212837734466_20260801,,,,,,,,,,
天猫,负向,咨询,2026-08-01 10:25:59,这个盖子卡扣坏了<br>请做好用户接待，及时解决问题，2分系统会发送买家评价卡片。<br>,小熊电器官方旗舰店,652993501043,小熊电饭煲家用3到4人小型智能电饭锅陶瓷油内胆不粘微压快煮饭,https://detail.tmall.com/item.htm?id=652993501043,77311a5825be007912e6e36a76d5c5373f8c50467d33960710624157f4b45f5a_2212837734466_20260801,,,,,,,,,,
天猫,正向,咨询,2026-08-01 10:25:59,这个盖子卡扣坏了<br>请做好用户接待，及时解决问题，2分系统会发送买家评价卡片。<br>,小熊电器官方旗舰店,652993501043,小熊电饭煲家用3到4人小型智能电饭锅陶瓷油内胆不粘微压快煮饭,https://detail.tmall.com/item.htm?id=652993501043,77311a5825be007912e6e36a76d5c5373f8c50467d33960710624157f4b45f5a_2212837734466_20260801,,,,,,,,,,
天猫,中性,咨询,2026-08-01 10:24:25,你好，这个电饭锅煮粥锅开就显示E3,小熊电器官方旗舰店,652993501043,小熊电饭煲家用3到4人小型智能电饭锅陶瓷油内胆不粘微压快煮饭,https://detail.tmall.com/item.htm?id=652993501043,7dd287ad8f87455f2b5f00185c5cdb484c97dd612ea56d6006979a3c080205dd_2215202023835_20260801,,,,,,,,,,
天猫,中性,咨询,2026-08-01 10:21:37,亲 有操作视频吗 发来看一下,小熊电器官方旗舰店,832406608200,小熊全玻璃恒温养生壶家用多功能办公室小型煮茶壶烧水壶炖煮一体,https://detail.tmall.com/item.htm?id=832406608200,797f54b00df8c875e9bf61367804d87ea876eb0c34ed04dff9634cf96e4e2dd8_2219835829342_20260801,,,,,,,,,,
天猫,负向,咨询,2026-08-01 10:15:28,瓶盖表面直径是60，能用吗？<br>19L的农夫山泉<br>这样的能用吗<br>帮备注一下加急发货<br>消费者有复杂售后问题，已停止辅助接待<br>建议您创建并在12小时内完成揽收，对约高的卖家，后续将有机会给买家展示店铺优质服务标签，有利店铺的购物转化。<br>,小熊电器官方旗舰店,953780186914,小熊桶装水电动抽水器吸水器压水器自吸全自动抽水神器水泵上水器,https://detail.tmall.com/item.htm?id=953780186914,6dc9346e302e7e54294b03358d78ce845d7efc95330710f04bbe099c09b1d2c7_2219484290050_20260801,,,,,,,,,,
天猫,负向,咨询,2026-08-01 10:12:02,洗衣机不工作<br>不工作<br>这种<br>,小熊电器官方旗舰店,829752288160,小熊迷你内衣内裤洗衣机专用洗袜子全自动小型迷你小型婴儿清洗机,https://detail.tmall.com/item.htm?id=829752288160,e834b09e38b6e61da229702335f61e93e3ab328e4584182e75e030e85929656b_2212775027940_20260801,,,,,,,,,,
天猫,负向,咨询,2026-08-01 10:10:44,烧的水怎么有气味<br>水怎么有味道<br>玻璃是什么材质喔<br>我买的餐具第一次用也不会有味道啊,小熊电器官方旗舰店,832406608200,小熊全玻璃恒温养生壶家用多功能办公室小型煮茶壶烧水壶炖煮一体,https://detail.tmall.com/item.htm?id=832406608200,0df94f1cabc47a0022935d39ee4d7a39534214a03445bbf40dbec93dd1bdcfe7_2214916672660_20260801,,,,,,,,,,
天猫,中性,咨询,2026-08-01 10:10:44,烧的水怎么有气味<br>水怎么有味道<br>玻璃是什么材质喔<br>我买的餐具第一次用也不会有味道啊,小熊电器官方旗舰店,832406608200,小熊全玻璃恒温养生壶家用多功能办公室小型煮茶壶烧水壶炖煮一体,https://detail.tmall.com/item.htm?id=832406608200,0df94f1cabc47a0022935d39ee4d7a39534214a03445bbf40dbec93dd1bdcfe7_2214916672660_20260801,,,,,,,,,,
天猫,中性,咨询,2026-08-01 10:10:44,烧的水怎么有气味<br>水怎么有味道<br>玻璃是什么材质喔<br>我买的餐具第一次用也不会有味道啊,小熊电器官方旗舰店,832406608200,小熊全玻璃恒温养生壶家用多功能办公室小型煮茶壶烧水壶炖煮一体,https://detail.tmall.com/item.htm?id=832406608200,0df94f1cabc47a0022935d39ee4d7a39534214a03445bbf40dbec93dd1bdcfe7_2214916672660_20260801,,,,,,,,,,
天猫,中性,咨询,2026-08-01 10:06:13,洗衣机包安装吗<br>我安装不了，退货免运费吗,小熊电器官方旗舰店,829752288160,小熊迷你内衣内裤洗衣机专用洗袜子全自动小型迷你小型婴儿清洗机,https://detail.tmall.com/item.htm?id=829752288160,b4facf2e5ffe448061947735874e9968047187b6768dac911a90880352d68177_2212775027940_20260801,,,,,,,,,,
天猫,负向,咨询,2026-08-01 10:02:17,售后<br>我还是退一下吧，感觉烧开时间挺慢的。不太合心意。<br>我退了吧。,小熊电器官方旗舰店,832406608200,小熊全玻璃恒温养生壶家用多功能办公室小型煮茶壶烧水壶炖煮一体,https://detail.tmall.com/item.htm?id=832406608200,290d6dda2f7c384d1f240bfc49bb3fdb812b1c0e66174b0eee433e41849c62a2_2209720364600_20260801,,,,,,,,,,
天猫,中性,咨询,2026-08-01 10:00:12,这个数字是什么意思<br>,小熊电器官方旗舰店,1066545498108,【新品首发】小熊破壁机豆浆机全自动家用静音多功能榨汁机新款,https://detail.tmall.com/item.htm?id=1066545498108,2eda871e8b752c54b463052d3de1e9e1948fa750f21977e960ced8d0280a04df_2222223376020_20260801,,,,,,,,,,
天猫,正向,咨询,2026-08-01 09:57:48,3L的电饭煲能煮好多米<br>大米<br>多少<br>生的,小熊电器官方旗舰店,652993501043,小熊电饭煲家用3到4人小型智能电饭锅陶瓷油内胆不粘微压快煮饭,https://detail.tmall.com/item.htm?id=652993501043,5a1a5304c7cf574900d9cce27757bbd1b9612391e703dfc38537803f5756fab6_2219418595974_20260801,,,,,,,,,,
天猫,中性,咨询,2026-08-01 09:43:30,洗衣机的上下水怎么接<br>没问题<br>很满意很满意,小熊电器官方旗舰店,829752288160,小熊迷你内衣内裤洗衣机专用洗袜子全自动小型迷你小型婴儿清洗机,https://detail.tmall.com/item.htm?id=829752288160,bd157c0c29369faae540ca13c125540263031a94c9f6bddcbd7dbfa72706acd6_2212775027940_20260801,,,,,,,,,,
天猫,正向,咨询,2026-08-01 09:43:30,洗衣机的上下水怎么接<br>没问题<br>很满意很满意,小熊电器官方旗舰店,829752288160,小熊迷你内衣内裤洗衣机专用洗袜子全自动小型迷你小型婴儿清洗机,https://detail.tmall.com/item.htm?id=829752288160,bd157c0c29369faae540ca13c125540263031a94c9f6bddcbd7dbfa72706acd6_2212775027940_20260801,,,,,,,,,,
天猫,中性,咨询,2026-08-01 09:27:43,你好 里面的胆怎么买,小熊电器官方旗舰店,652993501043,小熊电饭煲家用3到4人小型智能电饭锅陶瓷油内胆不粘微压快煮饭,https://detail.tmall.com/item.htm?id=652993501043,5ca2d8aed3951e82955bb5f1a0477d61dfec3d895c8b9c70339d6ff8e1d17526_2222357265163_20260801,,,,,,,,,,
天猫,中性,咨询,2026-08-01 09:25:24,保修多久呀,小熊电器官方旗舰店,832406608200,小熊全玻璃恒温养生壶家用多功能办公室小型煮茶壶烧水壶炖煮一体,https://detail.tmall.com/item.htm?id=832406608200,26696d9169689e22ce6027175d5990bcd270fb4b9ce72b6664604431e70a99d4_2214916672660_20260801,,,,,,,,,,
天猫,中性,咨询,2026-08-01 09:20:57,这个怎么安装？<br>你们包安装吗？,小熊电器官方旗舰店,829752288160,小熊迷你内衣内裤洗衣机专用洗袜子全自动小型迷你小型婴儿清洗机,https://detail.tmall.com/item.htm?id=829752288160,be0d5513d71898fa1a1005f0905c227e5115dbf6ff1e93449425c84d9390e772_2212775027940_20260801,,,,,,,,,,
天猫,中性,咨询,2026-08-01 09:20:57,这个怎么安装？<br>你们包安装吗？,小熊电器官方旗舰店,829752288160,小熊迷你内衣内裤洗衣机专用洗袜子全自动小型迷你小型婴儿清洗机,https://detail.tmall.com/item.htm?id=829752288160,be0d5513d71898fa1a1005f0905c227e5115dbf6ff1e93449425c84d9390e772_2212775027940_20260801,,,,,,,,,,
天猫,中性,咨询,2026-08-01 09:13:27,坏了能修吗<br>,小熊电器官方旗舰店,652993501043,小熊电饭煲家用3到4人小型智能电饭锅陶瓷油内胆不粘微压快煮饭,https://detail.tmall.com/item.htm?id=652993501043,43bf15bfc3a780c57e7b31e2d95b77bbb77d816120787e4baf2cf06715d8b6d3_2222357265163_20260801,,,,,,,,,,
天猫,中性,咨询,2026-08-01 09:05:50,还能优惠吗,小熊电器官方旗舰店,829752288160,小熊迷你内衣内裤洗衣机专用洗袜子全自动小型迷你小型婴儿清洗机,https://detail.tmall.com/item.htm?id=829752288160,e4c60c0612f0f2bf0d190827a393063a46d1669dcc65a97f5bbf9760942f59c1_2212775027940_20260801,,,,,,,,,,
天猫,中性,咨询,2026-08-01 09:04:52,买两个有优惠吗,小熊电器官方旗舰店,832406608200,小熊全玻璃恒温养生壶家用多功能办公室小型煮茶壶烧水壶炖煮一体,https://detail.tmall.com/item.htm?id=832406608200,59978472cf0d76099f7f65dcb6f6d41d6106be45bd71ee014f99658dff02a184_3990073528_20260801,,,,,,,,,,
天猫,负向,咨询,2026-08-01 09:03:08,里面裂了一点<br>还可以用吗<br>请做好用户接待，及时解决问题，2分系统会发送买家评价卡片。<br>,小熊电器官方旗舰店,832406608200,小熊全玻璃恒温养生壶家用多功能办公室小型煮茶壶烧水壶炖煮一体,https://detail.tmall.com/item.htm?id=832406608200,10336ee2191ef33e8a85f7148f2080125f7cda389c3a66da65ecbeab174e21b5_3990073528_20260801,,,,,,,,,,
天猫,正向,咨询,2026-08-01 09:03:08,里面裂了一点<br>还可以用吗<br>请做好用户接待，及时解决问题，2分系统会发送买家评价卡片。<br>,小熊电器官方旗舰店,832406608200,小熊全玻璃恒温养生壶家用多功能办公室小型煮茶壶烧水壶炖煮一体,https://detail.tmall.com/item.htm?id=832406608200,10336ee2191ef33e8a85f7148f2080125f7cda389c3a66da65ecbeab174e21b5_3990073528_20260801,,,,,,,,,,
天猫,中性,咨询,2026-08-01 08:57:06,充电多长时间可充满,小熊电器官方旗舰店,953780186914,小熊桶装水电动抽水器吸水器压水器自吸全自动抽水神器水泵上水器,https://detail.tmall.com/item.htm?id=953780186914,beb92dfc7eaedb7fe6c7f4db4cddee6ef343d4d80b25905e106ee30d7b7bb9ed_2212455992463_20260801,,,,,,,,,,
天猫,中性,咨询,2026-08-01 08:49:06,这个有蒸笼吗？<br>看一下蒸笼是不锈钢的还是塑胶的？,小熊电器官方旗舰店,652993501043,小熊电饭煲家用3到4人小型智能电饭锅陶瓷油内胆不粘微压快煮饭,https://detail.tmall.com/item.htm?id=652993501043,5f08e7ead6184b50d8f805a8d767d38ba8ff0f9633442a297ae8c43a8769a407_2219418595974_20260801,,,,,,,,,,
天猫,中性,咨询,2026-08-01 08:47:01,有运费险吗,小熊电器官方旗舰店,832406608200,小熊全玻璃恒温养生壶家用多功能办公室小型煮茶壶烧水壶炖煮一体,https://detail.tmall.com/item.htm?id=832406608200,ed572c5d6556e3afdf45e2f11db3308b75cd05917db6ac10edb74d1eff19e3b5_3990073528_20260801,,,,,,,,,,
天猫,负向,咨询,2026-08-01 08:44:00,不好用了呢,小熊电器官方旗舰店,832406608200,小熊全玻璃恒温养生壶家用多功能办公室小型煮茶壶烧水壶炖煮一体,https://detail.tmall.com/item.htm?id=832406608200,2fae68f00cf59b8e18ce27685e72b1c64e68b5ce0573f8e94f1640be4ecb2c59_3990073528_20260801,,,,,,,,,,
天猫,中性,咨询,2026-08-01 08:36:42,这个电源线多长<br>有线长一点的吗,小熊电器官方旗舰店,832406608200,小熊全玻璃恒温养生壶家用多功能办公室小型煮茶壶烧水壶炖煮一体,https://detail.tmall.com/item.htm?id=832406608200,cc6708986fb06525f088c6fd2b9f852f54d773850b7b031f1f3c3c5a65635450_3990073528_20260801,,,,,,,,,,
天猫,中性,咨询,2026-08-01 08:33:58,这是什么型号？,小熊电器官方旗舰店,829752288160,小熊迷你内衣内裤洗衣机专用洗袜子全自动小型迷你小型婴儿清洗机,https://detail.tmall.com/item.htm?id=829752288160,c06ce078d8fff680faac1913e198b7ffa0d61b12568c8e44db9d956742f99075_2212775027940_20260801,,,,,,,,,,
天猫,中性,咨询,2026-08-01 08:33:00,这个不带滤网也可以使用对么<br>平时不用滤网，拿掉也可以用么,小熊电器官方旗舰店,832406608200,小熊全玻璃恒温养生壶家用多功能办公室小型煮茶壶烧水壶炖煮一体,https://detail.tmall.com/item.htm?id=832406608200,df4ec2ede8f78d3a765bdb076464ecae5b3e3b426b3395c49dab8b78a7c991d8_3990073528_20260801,,,,,,,,,,
天猫,负向,咨询,2026-08-01 08:30:32,电饭锅不工作了,小熊电器官方旗舰店,652993501043,小熊电饭煲家用3到4人小型智能电饭锅陶瓷油内胆不粘微压快煮饭,https://detail.tmall.com/item.htm?id=652993501043,de383bd7115bc6c4d35e03f6d3e8e8c5f10b1ff8e3586497034cdb5b6904b29f_2219418595974_20260801,,,,,,,,,,
天猫,负向,咨询,2026-08-01 08:28:35,亲，我这个壶不好使了,小熊电器官方旗舰店,832406608200,小熊全玻璃恒温养生壶家用多功能办公室小型煮茶壶烧水壶炖煮一体,https://detail.tmall.com/item.htm?id=832406608200,d64717aed4d6e975c259024f894a8c28b8db193270713bcd538b3083000dc3b2_3990073528_20260801,,,,,,,,,,
天猫,负向,咨询,2026-08-01 08:28:35,亲，我这个壶不好使了,小熊电器官方旗舰店,832406608200,小熊全玻璃恒温养生壶家用多功能办公室小型煮茶壶烧水壶炖煮一体,https://detail.tmall.com/item.htm?id=832406608200,d64717aed4d6e975c259024f894a8c28b8db193270713bcd538b3083000dc3b2_3990073528_20260801,,,,,,,,,,
天猫,中性,咨询,2026-08-01 08:11:28,用一段时间，那个管子内部怎么洗呢<br>瓶口可以卡的紧吗<br>大桶水合适吗<br>哪种品的水比较适用，可以拧紧的,小熊电器官方旗舰店,953780186914,小熊桶装水电动抽水器吸水器压水器自吸全自动抽水神器水泵上水器,https://detail.tmall.com/item.htm?id=953780186914,5b94b1c3a62bcc9b7ce48f33b17b7ce342feffa3f4283c8259498c2473cfdf81_2217558974735_20260801,,,,,,,,,,
天猫,中性,咨询,2026-08-01 08:11:28,用一段时间，那个管子内部怎么洗呢<br>瓶口可以卡的紧吗<br>大桶水合适吗<br>哪种品的水比较适用，可以拧紧的,小熊电器官方旗舰店,953780186914,小熊桶装水电动抽水器吸水器压水器自吸全自动抽水神器水泵上水器,https://detail.tmall.com/item.htm?id=953780186914,5b94b1c3a62bcc9b7ce48f33b17b7ce342feffa3f4283c8259498c2473cfdf81_2217558974735_20260801,,,,,,,,,,
天猫,中性,咨询,2026-08-01 08:11:21,这款有防干烧功能吗？,小熊电器官方旗舰店,832406608200,小熊全玻璃恒温养生壶家用多功能办公室小型煮茶壶烧水壶炖煮一体,https://detail.tmall.com/item.htm?id=832406608200,730728bf1d0dedecfe2833739be8c1fffc43813a6412f6864d6113a3f327d1b2_3990073528_20260801,,,,,,,,,,
天猫,中性,咨询,2026-08-01 08:10:54,抽水管怎么清洗<br>怎么做清洗,小熊电器官方旗舰店,953780186914,小熊桶装水电动抽水器吸水器压水器自吸全自动抽水神器水泵上水器,https://detail.tmall.com/item.htm?id=953780186914,851a0623f9968733470510f6face1201259c51a2f6e6c18f86c969e25784381d_2222855549713_20260801,,,,,,,,,,
天猫,正向,咨询,2026-08-01 08:02:20,你这里面的水管这么短的？<br>没有长的？<br>请做好用户接待，及时解决问题，2分系统会发送买家评价卡片。,小熊电器官方旗舰店,953780186914,小熊桶装水电动抽水器吸水器压水器自吸全自动抽水神器水泵上水器,https://detail.tmall.com/item.htm?id=953780186914,1144f5341c7df577b9f7c4ebd8a9a441d535cb17481513bbeddcb2fd07822813_2222855549713_20260801,,,,,,,,,,
天猫,中性,咨询,2026-08-01 07:43:38,炖煮功能默认保间是多长？<br>这个表上面只有保度，没有保长。,小熊电器官方旗舰店,832406608200,小熊全玻璃恒温养生壶家用多功能办公室小型煮茶壶烧水壶炖煮一体,https://detail.tmall.com/item.htm?id=832406608200,bde2242b85cf350da32e14ec4d9005d046b9f67a9b040015f12b4d55461dd60e_3031399889_20260801,,,,,,,,,,
天猫,负向,咨询,2026-08-01 07:42:26,这个为什么现在充不进去电？<br>就是那个泵头一直闪，但是还是不能充,小熊电器官方旗舰店,953780186914,小熊桶装水电动抽水器吸水器压水器自吸全自动抽水神器水泵上水器,https://detail.tmall.com/item.htm?id=953780186914,dc9ec80e09fed67e8591e93a5bce0fc040157868b13360551e36945c4f13f20d_3031399889_20260801,,,,,,,,,,
天猫,中性,咨询,2026-08-01 07:35:34,运费险有吗<br>这两款有啥不一样哦,小熊电器官方旗舰店,652993501043,小熊电饭煲家用3到4人小型智能电饭锅陶瓷油内胆不粘微压快煮饭,https://detail.tmall.com/item.htm?id=652993501043,18a14f319f19a671047565032e88c4c58770dddf7329f2391f4196a308a572e4_3031399889_20260801,,,,,,,,,,
天猫,负向,咨询,2026-08-01 07:29:53,我买的这个玻璃壶他自己炸了，我想知道有配套的玻璃壶吗,小熊电器官方旗舰店,832406608200,小熊全玻璃恒温养生壶家用多功能办公室小型煮茶壶烧水壶炖煮一体,https://detail.tmall.com/item.htm?id=832406608200,2abe5bd39c93a5560a5039e212997ee5b9316c6867acffd830b9f8bfccdfa0f3_3031399889_20260801,,,,,,,,,,
天猫,中性,咨询,2026-08-01 07:22:22,花茶最多能煮多久，还是煮的时间可以自己设定？,小熊电器官方旗舰店,832406608200,小熊全玻璃恒温养生壶家用多功能办公室小型煮茶壶烧水壶炖煮一体,https://detail.tmall.com/item.htm?id=832406608200,a8bbb695b700ac8d5840f34aa46d9cc414edce0d0587933bd3dd08b2d138b11d_3031399889_20260801,,,,,,,,,,
天猫,负向,咨询,2026-08-01 07:07:20,出现一道裂痕，漏水<br>自炸了<br>,小熊电器官方旗舰店,832406608200,小熊全玻璃恒温养生壶家用多功能办公室小型煮茶壶烧水壶炖煮一体,https://detail.tmall.com/item.htm?id=832406608200,ee016b02840325a3bf8a54baa4c11277081ef9f2ac57575812bb236e738dda3d_3031399889_20260801,,,,,,,,,,
天猫,负向,咨询,2026-08-01 07:07:20,出现一道裂痕，漏水<br>自炸了<br>,小熊电器官方旗舰店,832406608200,小熊全玻璃恒温养生壶家用多功能办公室小型煮茶壶烧水壶炖煮一体,https://detail.tmall.com/item.htm?id=832406608200,ee016b02840325a3bf8a54baa4c11277081ef9f2ac57575812bb236e738dda3d_3031399889_20260801,,,,,,,,,,
天猫,中性,咨询,2026-08-01 06:11:23,发个使用教程,小熊电器官方旗舰店,953780186914,小熊桶装水电动抽水器吸水器压水器自吸全自动抽水神器水泵上水器,https://detail.tmall.com/item.htm?id=953780186914,ffb18e1cb2e834cd8be14ef591826553b384e2f8f99237c201c0c7222cdc3cff_3031399889_20260801,,,,,,,,,,
天猫,中性,咨询,2026-08-01 01:58:18,有运费险吗？,小熊电器官方旗舰店,652993501043,小熊电饭煲家用3到4人小型智能电饭锅陶瓷油内胆不粘微压快煮饭,https://detail.tmall.com/item.htm?id=652993501043,27aad6ff646b35aaa002cc56c6a67102f01bb65009bba819bef26b36af723dfc_3031399889_20260801,,,,,,,,,,
天猫,中性,咨询,2026-08-01 01:08:59,烧开一壶水多久,小熊电器官方旗舰店,832406608200,小熊全玻璃恒温养生壶家用多功能办公室小型煮茶壶烧水壶炖煮一体,https://detail.tmall.com/item.htm?id=832406608200,cc3d48d547d21ab5dc3f8d397831d7c54eeb560701b210b571664e81d949edaf_3031399889_20260801,,,,,,,,,,
天猫,中性,咨询,2026-08-01 01:04:25,你好，这个电饭煲多重呀？,小熊电器官方旗舰店,652993501043,小熊电饭煲家用3到4人小型智能电饭锅陶瓷油内胆不粘微压快煮饭,https://detail.tmall.com/item.htm?id=652993501043,c52d95883b4eb12d9a70076afeca6501ffa5e9e41edf9f4c599ebaf9dc676d71_3031399889_20260801,,,,,,,,,,
天猫,中性,咨询,2026-08-01 01:00:27,煮饭时间要多久,小熊电器官方旗舰店,652993501043,小熊电饭煲家用3到4人小型智能电饭锅陶瓷油内胆不粘微压快煮饭,https://detail.tmall.com/item.htm?id=652993501043,c3bb9bc0b3518321108f865482600d5e18c02fa7717f324e91122986d1cb62cf_3031399889_20260801,,,,,,,,,,
天猫,中性,咨询,2026-08-01 00:50:04,滤嘴和滤网是干嘛用的呀<br>壶口有滤网吗？,小熊电器官方旗舰店,832406608200,小熊全玻璃恒温养生壶家用多功能办公室小型煮茶壶烧水壶炖煮一体,https://detail.tmall.com/item.htm?id=832406608200,924cf432b61884354669a526e1289720f69f50c396cc8752fb7f36c6a426d313_3031399889_20260801,,,,,,,,,,
天猫,中性,咨询,2026-08-01 00:23:07,亲，这个预约时间只能预约一个半小时后吗,小熊电器官方旗舰店,832406608200,小熊全玻璃恒温养生壶家用多功能办公室小型煮茶壶烧水壶炖煮一体,https://detail.tmall.com/item.htm?id=832406608200,637979e52f7ac1aeb649b893d6f1d0c7364c0a3890313dfe301736205428750f_3031399889_20260801,,,,,,,,,,
天猫,中性,咨询,2026-08-01 00:23:07,亲，这个预约时间只能预约一个半小时后吗,小熊电器官方旗舰店,832406608200,小熊全玻璃恒温养生壶家用多功能办公室小型煮茶壶烧水壶炖煮一体,https://detail.tmall.com/item.htm?id=832406608200,637979e52f7ac1aeb649b893d6f1d0c7364c0a3890313dfe301736205428750f_3031399889_20260801,,,,,,,,,,
天猫,中性,咨询,2026-08-01 00:17:23,能修吗,小熊电器官方旗舰店,652993501043,小熊电饭煲家用3到4人小型智能电饭锅陶瓷油内胆不粘微压快煮饭,https://detail.tmall.com/item.htm?id=652993501043,43bf15bfc3a780c57e7b31e2d95b77bbb77d816120787e4baf2cf06715d8b6d3_3031399889_20260801,,,,,,,,,,
天猫,中性,咨询,2026-08-01 00:15:00,怎么入会<br>发什么快递,小熊电器官方旗舰店,652993501043,小熊电饭煲家用3到4人小型智能电饭锅陶瓷油内胆不粘微压快煮饭,https://detail.tmall.com/item.htm?id=652993501043,4dc9c3162838d3231c53e64e716598929e5052c63df666b53c5c0c449019568b_3031399889_20260801,,,,,,,,,,
天猫,中性,咨询,2026-08-01 00:15:00,怎么入会<br>发什么快递,小熊电器官方旗舰店,652993501043,小熊电饭煲家用3到4人小型智能电饭锅陶瓷油内胆不粘微压快煮饭,https://detail.tmall.com/item.htm?id=652993501043,4dc9c3162838d3231c53e64e716598929e5052c63df666b53c5c0c449019568b_3031399889_20260801,,,,,,,,,,
天猫,中性,咨询,2026-08-01 00:07:57,请问这款是路食品级材质的吗<br>,小熊电器官方旗舰店,953780186914,小熊桶装水电动抽水器吸水器压水器自吸全自动抽水神器水泵上水器,https://detail.tmall.com/item.htm?id=953780186914,095543f8f5c40bb4de7243523d7249926a682161487ad8b74c9c6cd59e382f5f_3031399889_20260801,,,,,,,,,,
天猫,中性,咨询,2026-08-01 00:00:49,抽水器帮我改一下地址<br>识别到买家存在更改订单收货信息问题，您未提供有效，平台已创建工单，请在24小时内为买家提供有效超时未处理可能导致赔付。,小熊电器官方旗舰店,953780186914,小熊桶装水电动抽水器吸水器压水器自吸全自动抽水神器水泵上水器,https://detail.tmall.com/item.htm?id=953780186914,62f6b1fa96bed6b11145db4427915b79bff5c54f059d9d5b0d12a27c394d5f3a_2219167311332_20260801,,,,,,,,,,
天猫,中性,咨询,2026-08-01 00:00:49,抽水器帮我改一下地址<br>识别到买家存在更改订单收货信息问题，您未提供有效，平台已创建工单，请在24小时内为买家提供有效超时未处理可能导致赔付。,小熊电器官方旗舰店,953780186914,小熊桶装水电动抽水器吸水器压水器自吸全自动抽水神器水泵上水器,https://detail.tmall.com/item.htm?id=953780186914,62f6b1fa96bed6b11145db4427915b79bff5c54f059d9d5b0d12a27c394d5f3a_2219167311332_20260801,,,,,,,,,,
天猫,中性,咨询,2026-08-01 20:09:06,请问800ml款水烧开自动断电吗？<br>退货宝吗<br>退回运费全包？,小熊电器官方旗舰店,832406608200,小熊全玻璃恒温养生壶家用多功能办公室小型煮茶壶烧水壶炖煮一体,https://detail.tmall.com/item.htm?id=832406608200,b39d10d3bfda8136bc72f43c419b9c77f5e2a829c0c4e1536468249b323ba8de_2217778896413_20260801,,,,,,,,,,
天猫,中性,咨询,2026-08-01 20:09:06,请问800ml款水烧开自动断电吗？<br>退货宝吗<br>退回运费全包？,小熊电器官方旗舰店,832406608200,小熊全玻璃恒温养生壶家用多功能办公室小型煮茶壶烧水壶炖煮一体,https://detail.tmall.com/item.htm?id=832406608200,b39d10d3bfda8136bc72f43c419b9c77f5e2a829c0c4e1536468249b323ba8de_2217778896413_20260801,,,,,,,,,,
天猫,中性,咨询,2026-08-01 15:00:50,为什么煮出来的饭有锅巴<br>柴火饭<br>那煲仔饭呢<br>蒸东西选什么<br>快煮饭一般多久,小熊电器官方旗舰店,652993501043,小熊电饭煲家用3到4人小型智能电饭锅陶瓷油内胆不粘微压快煮饭,https://detail.tmall.com/item.htm?id=652993501043,06d7d5cbfd33691da300540753b516427d75e8c789deaa70d2e9d173817f5fd0_2222404047191_20260801,,,,,,,,,,
天猫,负向,咨询,2026-08-01 15:00:50,为什么煮出来的饭有锅巴<br>柴火饭<br>那煲仔饭呢<br>蒸东西选什么<br>快煮饭一般多久,小熊电器官方旗舰店,652993501043,小熊电饭煲家用3到4人小型智能电饭锅陶瓷油内胆不粘微压快煮饭,https://detail.tmall.com/item.htm?id=652993501043,06d7d5cbfd33691da300540753b516427d75e8c789deaa70d2e9d173817f5fd0_2222404047191_20260801,,,,,,,,,,
天猫,中性,咨询,2026-08-03 13:00:37,自动断电吗<br>如果人不在身边可以烧水吗,小熊电器官方旗舰店,832406608200,小熊全玻璃恒温养生壶家用多功能办公室小型煮茶壶烧水壶炖煮一体,https://detail.tmall.com/item.htm?id=832406608200,50f8d18f0f3fa00bae6968b4f8b0834dab3cc540d0b93c51efbf5500281bbd1e_2217778896413_20260803,,,,,,,,,,
天猫,中性,咨询,2026-08-02 14:47:32,能不能修好了这种<br>怎么维修呢具体<br>我这个买了有三年多了<br>那我这个免费维修吗<br>那这种换个面板多少<br>对，那个以旧换新怎么换呢<br>产品细类怎么填啊<br>我提交一直提示<br>没有二维码<br>,小熊电器官方旗舰店,652993501043,小熊电饭煲家用3到4人小型智能电饭锅陶瓷油内胆不粘微压快煮饭,https://detail.tmall.com/item.htm?id=652993501043,a380dc779a4676475fa22fdcbd0aee99a611ab9b38b6cbe19e4e728080375336_2207802122733_20260802,,,,,,,,,,
天猫,中性,咨询,2026-08-02 14:47:32,能不能修好了这种<br>怎么维修呢具体<br>我这个买了有三年多了<br>那我这个免费维修吗<br>那这种换个面板多少<br>对，那个以旧换新怎么换呢<br>产品细类怎么填啊<br>我提交一直提示<br>没有二维码<br>,小熊电器官方旗舰店,652993501043,小熊电饭煲家用3到4人小型智能电饭锅陶瓷油内胆不粘微压快煮饭,https://detail.tmall.com/item.htm?id=652993501043,a380dc779a4676475fa22fdcbd0aee99a611ab9b38b6cbe19e4e728080375336_2207802122733_20260802,,,,,,,,,,
天猫,中性,咨询,2026-08-03 22:48:54,人工客服<br>这个小水壶几分烧好水,小熊电器官方旗舰店,832406608200,小熊全玻璃恒温养生壶家用多功能办公室小型煮茶壶烧水壶炖煮一体,https://detail.tmall.com/item.htm?id=832406608200,d8031bc5d1e159f4116069f89997cdbf63aa96e41880232b202e834038f281f2_2221471527020_20260803,,,,,,,,,,
天猫,中性,咨询,2026-08-03 19:36:36,买的电饭煲，蒸米饭经常容易糊底，咋回事呢<br>人工客服,小熊电器官方旗舰店,652993501043,小熊电饭煲家用3到4人小型智能电饭锅陶瓷油内胆不粘微压快煮饭,https://detail.tmall.com/item.htm?id=652993501043,42a6dfc83b6d77d07da985bfa31de72f3016e7ad45569b9c467d41fbaffb487e_2212837734466_20260803,,,,,,,,,,
天猫,中性,咨询,2026-08-03 15:36:42,人工客服<br>还有黑色的吗<br>人工客服,小熊电器官方旗舰店,652993501043,小熊电饭煲家用3到4人小型智能电饭锅陶瓷油内胆不粘微压快煮饭,https://detail.tmall.com/item.htm?id=652993501043,4687909a95986c87ed91bc3deaf0e5b64fa553608cd9d4e5c5feecc921626f36_2215202023835_20260803,,,,,,,,,,
天猫,中性,咨询,2026-08-03 15:17:48,退差价<br>人工客服<br>发票怎么开<br>这款能不能打干粉<br>会咋样<br>,小熊电器官方旗舰店,1066545498108,【新品抢先加购 4号付定】小熊破壁机豆浆机全自动家用多功能新款,https://detail.tmall.com/item.htm?id=1066545498108,412a055841e95f63edfcab572f2215602f6e856574fd5809df3b3ad85363021c_2214693187755_20260803,,,,,,,,,,
天猫,中性,咨询,2026-08-03 15:17:48,退差价<br>人工客服<br>发票怎么开<br>这款能不能打干粉<br>会咋样<br>,小熊电器官方旗舰店,1066545498108,【新品抢先加购 4号付定】小熊破壁机豆浆机全自动家用多功能新款,https://detail.tmall.com/item.htm?id=1066545498108,412a055841e95f63edfcab572f2215602f6e856574fd5809df3b3ad85363021c_2214693187755_20260803,,,,,,,,,,
天猫,中性,咨询,2026-08-03 15:17:48,退差价<br>人工客服<br>发票怎么开<br>这款能不能打干粉<br>会咋样<br>,小熊电器官方旗舰店,1066545498108,【新品抢先加购 4号付定】小熊破壁机豆浆机全自动家用多功能新款,https://detail.tmall.com/item.htm?id=1066545498108,412a055841e95f63edfcab572f2215602f6e856574fd5809df3b3ad85363021c_2214693187755_20260803,,,,,,,,,,
天猫,中性,咨询,2026-08-03 14:06:06,人工客服<br>你好，已确认收货<br>收到,小熊电器官方旗舰店,829752288160,小熊迷你内衣内裤洗衣机专用洗袜子全自动小型迷你小型婴儿清洗机,https://detail.tmall.com/item.htm?id=829752288160,2d066e09f9bfdf866e6edbf99112389ec70a6c92ebacfa8fe644f1d61af39096_2212775027940_20260803,,,,,,,,,,
天猫,正向,咨询,2026-08-03 08:51:47,这个东西用完都是滑滑的<br>我想退掉<br>请做好用户接待，及时解决问题，2分系统会发送买家评价卡片。<br>人工客服<br>而且噪音特别大<br>这个订单能退吧？<br>您同意下,小熊电器官方旗舰店,953780186914,小熊桶装水电动抽水器吸水器压水器自吸全自动抽水神器水泵上水器,https://detail.tmall.com/item.htm?id=953780186914,870469d9dbd9841c71883d6422edd5a9208cfdb844f68f5fb708b33e0c974f0d_2222166184646_20260803,,,,,,,,,,
天猫,中性,咨询,2026-08-03 08:51:47,这个东西用完都是滑滑的<br>我想退掉<br>请做好用户接待，及时解决问题，2分系统会发送买家评价卡片。<br>人工客服<br>而且噪音特别大<br>这个订单能退吧？<br>您同意下,小熊电器官方旗舰店,953780186914,小熊桶装水电动抽水器吸水器压水器自吸全自动抽水神器水泵上水器,https://detail.tmall.com/item.htm?id=953780186914,870469d9dbd9841c71883d6422edd5a9208cfdb844f68f5fb708b33e0c974f0d_2222166184646_20260803,,,,,,,,,,
天猫,负向,咨询,2026-08-03 08:51:47,这个东西用完都是滑滑的<br>我想退掉<br>请做好用户接待，及时解决问题，2分系统会发送买家评价卡片。<br>人工客服<br>而且噪音特别大<br>这个订单能退吧？<br>您同意下,小熊电器官方旗舰店,953780186914,小熊桶装水电动抽水器吸水器压水器自吸全自动抽水神器水泵上水器,https://detail.tmall.com/item.htm?id=953780186914,870469d9dbd9841c71883d6422edd5a9208cfdb844f68f5fb708b33e0c974f0d_2222166184646_20260803,,,,,,,,,,
天猫,中性,咨询,2026-08-03 08:51:47,这个东西用完都是滑滑的<br>我想退掉<br>请做好用户接待，及时解决问题，2分系统会发送买家评价卡片。<br>人工客服<br>而且噪音特别大<br>这个订单能退吧？<br>您同意下,小熊电器官方旗舰店,953780186914,小熊桶装水电动抽水器吸水器压水器自吸全自动抽水神器水泵上水器,https://detail.tmall.com/item.htm?id=953780186914,870469d9dbd9841c71883d6422edd5a9208cfdb844f68f5fb708b33e0c974f0d_2222166184646_20260803,,,,,,,,,,
天猫,中性,咨询,2026-08-03 00:07:13,人工客服,小熊电器官方旗舰店,953780186914,小熊桶装水电动抽水器吸水器压水器自吸全自动抽水神器水泵上水器,https://detail.tmall.com/item.htm?id=953780186914,9971f619f1884ba9f070b136d88508fc2ac9eb7ab1d8c7c19f50e8b6d6848b18_3031399889_20260803,,,,,,,,,,
天猫,负向,咨询,2026-08-02 23:06:14,这个还有保修吗<br>人工客服<br>洗衣机异响<br>盖子也坏了,小熊电器官方旗舰店,829752288160,小熊迷你内衣内裤洗衣机专用洗袜子全自动小型迷你小型婴儿清洗机,https://detail.tmall.com/item.htm?id=829752288160,4d345767aa19e546b9a98573c2707cffc65a068c225245b9953d9ac189a30e34_2209570416623_20260802,,,,,,,,,,
天猫,中性,咨询,2026-08-02 23:06:14,这个还有保修吗<br>人工客服<br>洗衣机异响<br>盖子也坏了,小熊电器官方旗舰店,829752288160,小熊迷你内衣内裤洗衣机专用洗袜子全自动小型迷你小型婴儿清洗机,https://detail.tmall.com/item.htm?id=829752288160,4d345767aa19e546b9a98573c2707cffc65a068c225245b9953d9ac189a30e34_2209570416623_20260802,,,,,,,,,,
天猫,中性,咨询,2026-08-02 19:24:17,这个要拆了才能安装嘛<br>人工客服<br>,小熊电器官方旗舰店,953780186914,小熊桶装水电动抽水器吸水器压水器自吸全自动抽水神器水泵上水器,https://detail.tmall.com/item.htm?id=953780186914,8037c4defddd57236948ec1dc9c80837be4981e0edefde065c0c3d86d4515659_2215007019509_20260802,,,,,,,,,,
天猫,中性,咨询,2026-08-02 15:08:39,人工客服<br>麻烦问一下<br>安装师么时候联系我啊<br>两天了，明天上班呢,小熊电器官方旗舰店,829752288160,小熊迷你内衣内裤洗衣机专用洗袜子全自动小型迷你小型婴儿清洗机,https://detail.tmall.com/item.htm?id=829752288160,2d066e09f9bfdf866e6edbf99112389ec70a6c92ebacfa8fe644f1d61af39096_2207802122733_20260802,,,,,,,,,,
天猫,中性,咨询,2026-08-02 15:08:39,人工客服<br>麻烦问一下<br>安装师么时候联系我啊<br>两天了，明天上班呢,小熊电器官方旗舰店,829752288160,小熊迷你内衣内裤洗衣机专用洗袜子全自动小型迷你小型婴儿清洗机,https://detail.tmall.com/item.htm?id=829752288160,2d066e09f9bfdf866e6edbf99112389ec70a6c92ebacfa8fe644f1d61af39096_2207802122733_20260802,,,,,,,,,,
天猫,中性,咨询,2026-08-02 14:12:51,小熊 YSH-B18T1<br>人工客服<br>这款有没有<br>不是官<br>以前也没有？,小熊电器官方旗舰店,832406608200,小熊全玻璃恒温养生壶家用多功能办公室小型煮茶壶烧水壶炖煮一体,https://detail.tmall.com/item.htm?id=832406608200,92d765da7fc4d0b8706abb99fc6f6e4659d49fe014c2c9e4858b931c5e71c02d_3990073528_20260802,,,,,,,,,,
天猫,中性,咨询,2026-08-02 14:12:51,小熊 YSH-B18T1<br>人工客服<br>这款有没有<br>不是官<br>以前也没有？,小熊电器官方旗舰店,832406608200,小熊全玻璃恒温养生壶家用多功能办公室小型煮茶壶烧水壶炖煮一体,https://detail.tmall.com/item.htm?id=832406608200,92d765da7fc4d0b8706abb99fc6f6e4659d49fe014c2c9e4858b931c5e71c02d_3990073528_20260802,,,,,,,,,,
天猫,中性,咨询,2026-08-02 14:05:05,矿泉水盖都适用吗<br>人工客服,小熊电器官方旗舰店,953780186914,小熊桶装水电动抽水器吸水器压水器自吸全自动抽水神器水泵上水器,https://detail.tmall.com/item.htm?id=953780186914,d322edfd21810deeb68fd88bbb79c41648470d9bb25332986e4325796584283d_2212837734466_20260802,,,,,,,,,,
天猫,中性,咨询,2026-08-02 00:20:03,人工客服,小熊电器官方旗舰店,953780186914,小熊桶装水电动抽水器吸水器压水器自吸全自动抽水神器水泵上水器,https://detail.tmall.com/item.htm?id=953780186914,458d84c730d5c4f7c243c401d7b699021405a2c2b5a3c6f4116ad69d6dec984e_3031399889_20260802,,,,,,,,,,
天猫,中性,咨询,2026-08-01 23:39:10,能单独使用脱水或者烘干功能吗？<br>电线有多长？<br>单脱水要多久？<br>单烘干呢<br>桶自洁需要用水吗？<br>人工客服<br>现在有什么优惠吗<br>烘干是多少度？<br>功率是多大,小熊电器官方旗舰店,829752288160,小熊迷你内衣内裤洗衣机专用洗袜子全自动小型迷你小型婴儿清洗机,https://detail.tmall.com/item.htm?id=829752288160,f9daf7a3f6506b04c997a6ebb834a15339a50f476936b965f386e895983be573_2209570416623_20260801,,,,,,,,,,
天猫,中性,咨询,2026-08-01 23:39:10,能单独使用脱水或者烘干功能吗？<br>电线有多长？<br>单脱水要多久？<br>单烘干呢<br>桶自洁需要用水吗？<br>人工客服<br>现在有什么优惠吗<br>烘干是多少度？<br>功率是多大,小熊电器官方旗舰店,829752288160,小熊迷你内衣内裤洗衣机专用洗袜子全自动小型迷你小型婴儿清洗机,https://detail.tmall.com/item.htm?id=829752288160,f9daf7a3f6506b04c997a6ebb834a15339a50f476936b965f386e895983be573_2209570416623_20260801,,,,,,,,,,
天猫,中性,咨询,2026-08-01 23:39:10,能单独使用脱水或者烘干功能吗？<br>电线有多长？<br>单脱水要多久？<br>单烘干呢<br>桶自洁需要用水吗？<br>人工客服<br>现在有什么优惠吗<br>烘干是多少度？<br>功率是多大,小熊电器官方旗舰店,829752288160,小熊迷你内衣内裤洗衣机专用洗袜子全自动小型迷你小型婴儿清洗机,https://detail.tmall.com/item.htm?id=829752288160,f9daf7a3f6506b04c997a6ebb834a15339a50f476936b965f386e895983be573_2209570416623_20260801,,,,,,,,,,
天猫,中性,咨询,2026-08-01 23:39:10,能单独使用脱水或者烘干功能吗？<br>电线有多长？<br>单脱水要多久？<br>单烘干呢<br>桶自洁需要用水吗？<br>人工客服<br>现在有什么优惠吗<br>烘干是多少度？<br>功率是多大,小熊电器官方旗舰店,829752288160,小熊迷你内衣内裤洗衣机专用洗袜子全自动小型迷你小型婴儿清洗机,https://detail.tmall.com/item.htm?id=829752288160,f9daf7a3f6506b04c997a6ebb834a15339a50f476936b965f386e895983be573_2209570416623_20260801,,,,,,,,,,
天猫,中性,咨询,2026-08-01 23:39:10,能单独使用脱水或者烘干功能吗？<br>电线有多长？<br>单脱水要多久？<br>单烘干呢<br>桶自洁需要用水吗？<br>人工客服<br>现在有什么优惠吗<br>烘干是多少度？<br>功率是多大,小熊电器官方旗舰店,829752288160,小熊迷你内衣内裤洗衣机专用洗袜子全自动小型迷你小型婴儿清洗机,https://detail.tmall.com/item.htm?id=829752288160,f9daf7a3f6506b04c997a6ebb834a15339a50f476936b965f386e895983be573_2209570416623_20260801,,,,,,,,,,
天猫,中性,咨询,2026-08-01 21:06:03,桶自洁要加洗衣液吗<br>人工客服,小熊电器官方旗舰店,829752288160,小熊迷你内衣内裤洗衣机专用洗袜子全自动小型迷你小型婴儿清洗机,https://detail.tmall.com/item.htm?id=829752288160,45007836faa99a82346baf5f9ee838eb0ce8aa87258d91cc5210b847a2c3a79b_2209570416623_20260801,,,,,,,,,,
天猫,中性,咨询,2026-08-01 12:18:40,人工客服<br>这个链接能开普票？,小熊电器官方旗舰店,953780186914,小熊桶装水电动抽水器吸水器压水器自吸全自动抽水神器水泵上水器,https://detail.tmall.com/item.htm?id=953780186914,2ce4d2d67aa082180d64575e7fbc375eb77b520b45fa58d49b5003b3395fbb42_2222166184646_20260801,,,,,,,,,,
天猫,中性,咨询,2026-08-01 11:07:41,人工客服<br>煮汤的水<br>可以放到哪<br>最高水位线是这个杂粮饭<br>不超过我画圈的这个线是吧<br>,小熊电器官方旗舰店,652993501043,小熊电饭煲家用3到4人小型智能电饭锅陶瓷油内胆不粘微压快煮饭,https://detail.tmall.com/item.htm?id=652993501043,d4d45ae88f902294604f0094a32fe337b31d7fdcc6b45b215846d7c0e33e6c6b_2222404047191_20260801,,,,,,,,,,
天猫,中性,咨询,2026-08-02 20:03:39,会自动断电吗<br>壶底部有其他配置还是纯玻璃,小熊电器官方旗舰店,832406608200,小熊全玻璃恒温养生壶家用多功能办公室小型煮茶壶烧水壶炖煮一体,https://detail.tmall.com/item.htm?id=832406608200,5be1f593a81e450c6de39cb4d4a2cb9e215622690ad755dc09c3fb4468c3beee_2222430908987_20260802,,,,,,,,,,
天猫,中性,咨询,2026-08-03 22:18:41,怎么会自动断电啊 我之前就拿来煮茶过一次、昨天晚上用来当恒用，大概24小时左右吧、自动断电了<br>刚断电了一次 从新弄了就好了 我再观察下,小熊电器官方旗舰店,832406608200,小熊全玻璃恒温养生壶家用多功能办公室小型煮茶壶烧水壶炖煮一体,https://detail.tmall.com/item.htm?id=832406608200,f49a869cba1e79ac3da842bd855777e4e9a11da3308c5d9ae4854a42859a5eed_2217778896413_20260803,,,,,,,,,,
天猫,中性,咨询,2026-08-02 00:01:29,你们有能自动调的ma<br>其他产品<br>？<br>你是人工吗<br>我想要花茶烧开以后默认水40能调吗？不要每次都手动,小熊电器官方旗舰店,832406608200,小熊全玻璃恒温养生壶家用多功能办公室小型煮茶壶烧水壶炖煮一体,https://detail.tmall.com/item.htm?id=832406608200,cc090213813782caebceae04916a6f0b99c7b7747667444215cce00e5b3aca7c_3031399889_20260802,,,,,,,,,,
天猫,负向,咨询,2026-08-03 15:35:31,怎么感觉那个电饭锅煮出来的饭有锅巴呢<br>不应该吧<br>底部的饭很硬<br>柴火饭<br>煮出来的饭不软<br>那哪个是煮出来的软的呢<br>这个偏硬口感<br>我不太喜欢<br>能退不，我就用了一次<br>那我再试试快煮,小熊电器官方旗舰店,652993501043,小熊电饭煲家用3到4人小型智能电饭锅陶瓷油内胆不粘微压快煮饭,https://detail.tmall.com/item.htm?id=652993501043,391d34653e5d503660aadd6f498a9e3a04c42bb4b12679b8509855d6072ef781_2207802122733_20260803,,,,,,,,,,
天猫,中性,咨询,2026-08-03 15:35:31,怎么感觉那个电饭锅煮出来的饭有锅巴呢<br>不应该吧<br>底部的饭很硬<br>柴火饭<br>煮出来的饭不软<br>那哪个是煮出来的软的呢<br>这个偏硬口感<br>我不太喜欢<br>能退不，我就用了一次<br>那我再试试快煮,小熊电器官方旗舰店,652993501043,小熊电饭煲家用3到4人小型智能电饭锅陶瓷油内胆不粘微压快煮饭,https://detail.tmall.com/item.htm?id=652993501043,391d34653e5d503660aadd6f498a9e3a04c42bb4b12679b8509855d6072ef781_2207802122733_20260803,,,,,,,,,,
天猫,负向,咨询,2026-08-03 15:35:31,怎么感觉那个电饭锅煮出来的饭有锅巴呢<br>不应该吧<br>底部的饭很硬<br>柴火饭<br>煮出来的饭不软<br>那哪个是煮出来的软的呢<br>这个偏硬口感<br>我不太喜欢<br>能退不，我就用了一次<br>那我再试试快煮,小熊电器官方旗舰店,652993501043,小熊电饭煲家用3到4人小型智能电饭锅陶瓷油内胆不粘微压快煮饭,https://detail.tmall.com/item.htm?id=652993501043,391d34653e5d503660aadd6f498a9e3a04c42bb4b12679b8509855d6072ef781_2207802122733_20260803,,,,,,,,,,
天猫,中性,咨询,2026-08-03 15:35:31,怎么感觉那个电饭锅煮出来的饭有锅巴呢<br>不应该吧<br>底部的饭很硬<br>柴火饭<br>煮出来的饭不软<br>那哪个是煮出来的软的呢<br>这个偏硬口感<br>我不太喜欢<br>能退不，我就用了一次<br>那我再试试快煮,小熊电器官方旗舰店,652993501043,小熊电饭煲家用3到4人小型智能电饭锅陶瓷油内胆不粘微压快煮饭,https://detail.tmall.com/item.htm?id=652993501043,391d34653e5d503660aadd6f498a9e3a04c42bb4b12679b8509855d6072ef781_2207802122733_20260803,,,,,,,,,,
天猫,中性,咨询,2026-08-01 16:32:24,空气炸锅有推荐吗？,小熊电器官方旗舰店,652993501043,小熊电饭煲家用3到4人小型智能电饭锅陶瓷油内胆不粘微压快煮饭,https://detail.tmall.com/item.htm?id=652993501043,19780d44b2d25ea4aae006254554dc3c67e0ceb8b94d3520ef4656332068fc1d_2215476107224_20260801,,,,,,,,,,
天猫,中性,咨询,2026-08-03 10:25:21,水开自动断电吗？<br>那水烧开之后，它不会自动断电吗？,小熊电器官方旗舰店,832406608200,小熊全玻璃恒温养生壶家用多功能办公室小型煮茶壶烧水壶炖煮一体,https://detail.tmall.com/item.htm?id=832406608200,4f217926044364c55859289852a0842ccd9771d2b94e4894de8019ff41d46286_2222430908987_20260803,,,,,,,,,,
天猫,中性,咨询,2026-08-02 13:06:42,煮饭需要多长时间,小熊电器官方旗舰店,652993501043,小熊电饭煲家用3到4人小型智能电饭锅陶瓷油内胆不粘微压快煮饭,https://detail.tmall.com/item.htm?id=652993501043,c95460d0a8e4c20bb04d45045ebb32e2c96851915e5939a120ca63f92cc614ca_2215202023835_20260802,,,,,,,,,,
天猫,中性,咨询,2026-08-02 13:06:42,煮饭需要多长时间,小熊电器官方旗舰店,652993501043,小熊电饭煲家用3到4人小型智能电饭锅陶瓷油内胆不粘微压快煮饭,https://detail.tmall.com/item.htm?id=652993501043,c95460d0a8e4c20bb04d45045ebb32e2c96851915e5939a120ca63f92cc614ca_2215202023835_20260802,,,,,,,,,,
天猫,中性,咨询,2026-08-01 09:49:04,嗨喽<br>花茶就2分钟<br>时间固定的<br>调不了哈<br>怎么调节<br>会了，,小熊电器官方旗舰店,832406608200,小熊全玻璃恒温养生壶家用多功能办公室小型煮茶壶烧水壶炖煮一体,https://detail.tmall.com/item.htm?id=832406608200,d8ea4f3c2a50a25e2868dc1d546ba2ecaeced6400e9fb50ad101f45a0f00d1c4_2214916672660_20260801,,,,,,,,,,
天猫,中性,咨询,2026-08-02 18:52:25,是恒吗<br>有两人的吗<br>这个有什么功能<br>有1.8升的吗<br>1.5升壶体是玻璃的吗,小熊电器官方旗舰店,832406608200,小熊全玻璃恒温养生壶家用多功能办公室小型煮茶壶烧水壶炖煮一体,https://detail.tmall.com/item.htm?id=832406608200,c5b26dd14115cb86368f1c8aff3b7e3dc69e6a08fa187b74110b79339e5ab0d0_2219167311332_20260802,,,,,,,,,,
天猫,中性,咨询,2026-08-01 19:09:27,这个有什么功能<br>能煮蛋吗<br>能煮蛋吗,小熊电器官方旗舰店,832406608200,小熊全玻璃恒温养生壶家用多功能办公室小型煮茶壶烧水壶炖煮一体,https://detail.tmall.com/item.htm?id=832406608200,2d86cacd99c05ddd4465247f4aaaea98b9f50ee969b03291bbf3aed67db65998_2219167311332_20260801,,,,,,,,,,
天猫,中性,咨询,2026-08-01 19:09:27,这个有什么功能<br>能煮蛋吗<br>能煮蛋吗,小熊电器官方旗舰店,832406608200,小熊全玻璃恒温养生壶家用多功能办公室小型煮茶壶烧水壶炖煮一体,https://detail.tmall.com/item.htm?id=832406608200,2d86cacd99c05ddd4465247f4aaaea98b9f50ee969b03291bbf3aed67db65998_2219167311332_20260801,,,,,,,,,,
天猫,中性,咨询,2026-08-02 09:22:14,怎么会自动断电？<br>水设置了可以保持<br>烧开水<br>今天来煮一下茶<br>我再来试试<br>看看会不会不会到我设置的保度<br>煮茶不会<br>之前不是给你看了吗,小熊电器官方旗舰店,832406608200,小熊全玻璃恒温养生壶家用多功能办公室小型煮茶壶烧水壶炖煮一体,https://detail.tmall.com/item.htm?id=832406608200,1fc33a7c4ef58618b533df0834bf4942de16f9f943d6b97eb4d744655e4fa069_2214916672660_20260802,,,,,,,,,,
天猫,中性,咨询,2026-08-02 16:22:12,你好 这个上面的壶有单独卖的吗,小熊电器官方旗舰店,832406608200,小熊全玻璃恒温养生壶家用多功能办公室小型煮茶壶烧水壶炖煮一体,https://detail.tmall.com/item.htm?id=832406608200,841cf78cb6e9bddccb0f171e4a9f4ea4c15e6d27c669b36d7b2dd312a77f3373_3990073528_20260802,,,,,,,,,,
天猫,中性,咨询,2026-08-03 17:11:12,这个容量多大,小熊电器官方旗舰店,829752288160,小熊迷你内衣内裤洗衣机专用洗袜子全自动小型迷你小型婴儿清洗机,https://detail.tmall.com/item.htm?id=829752288160,92cb3c1c796b8446e61fa11150350e0fd66a2ff1d26400841ec189f69539343c_2212796238773_20260803,,,,,,,,,,
天猫,中性,咨询,2026-08-03 20:50:13,怎么烧水<br>人工,小熊电器官方旗舰店,832406608200,小熊全玻璃恒温养生壶家用多功能办公室小型煮茶壶烧水壶炖煮一体,https://detail.tmall.com/item.htm?id=832406608200,fd8e4494e6602caf173821f7d6ab92b591e6a0c8848c2c6f74efda2278108a84_2209570416623_20260803,,,,,,,,,,
天猫,中性,咨询,2026-08-03 20:25:20,人工<br>之前买的这个，怎么突然就出不了水了<br>机器在运行，就是出不了水<br>是连水都吸不上去<br>情况就是水吸不上来，自然也就出不了水<br>有声音的<br>试过好多遍了<br>就几天没用，今天想用就不行了，以为电池没电了，充完电也一样<br>行，但运费要自己出吗<br>所以，来回运费是你们出吗<br>好的，那怎么走流程<br>换新的，谁知道修了还会不会坏<br>好的，晚点再申请，在忙,小熊电器官方旗舰店,953780186914,小熊桶装水电动抽水器吸水器压水器自吸全自动抽水神器水泵上水器,https://detail.tmall.com/item.htm?id=953780186914,db87755a112bb8b3fe8605f8914bf12e96b3644395f59424c156eaedc8aecf7a_2212455992463_20260803,,,,,,,,,,
天猫,中性,咨询,2026-08-03 19:22:18,人工<br>这样装对吗<br>,小熊电器官方旗舰店,953780186914,小熊桶装水电动抽水器吸水器压水器自吸全自动抽水神器水泵上水器,https://detail.tmall.com/item.htm?id=953780186914,9230c1f1ba5f360b2daf565deb22c59e73c7c09224f393edb457505c3cb053f3_2209671807142_20260803,,,,,,,,,,
天猫,中性,咨询,2026-08-03 19:05:14,人工<br>可以完全卡上不要摇晃吗,小熊电器官方旗舰店,953780186914,小熊桶装水电动抽水器吸水器压水器自吸全自动抽水神器水泵上水器,https://detail.tmall.com/item.htm?id=953780186914,eeed2468e2a0bca789e61729d2ec43a7c3377711116ded45f7838b28faa70227_2215007019509_20260803,,,,,,,,,,
天猫,中性,咨询,2026-08-03 16:43:13,人工<br>1L的壶嘴怎么这样子<br>落灰？<br>正常壶嘴1L的<br>,小熊电器官方旗舰店,832406608200,小熊全玻璃恒温养生壶家用多功能办公室小型煮茶壶烧水壶炖煮一体,https://detail.tmall.com/item.htm?id=832406608200,f765a474229d5c82887a957220825e424d37025bca4ba328f955434594c0b62b_3990073528_20260803,,,,,,,,,,
天猫,中性,咨询,2026-08-03 13:45:23,人工<br>您好，看一下我的订单，帮我换一座吧？我用的这个一直就是水到100度从不沸腾<br>好的 一会发给您,小熊电器官方旗舰店,832406608200,小熊全玻璃恒温养生壶家用多功能办公室小型煮茶壶烧水壶炖煮一体,https://detail.tmall.com/item.htm?id=832406608200,485491468f0179f12e7fa76d31809d94673940e9fb27945595db795973598e8b_2221471527020_20260803,,,,,,,,,,
天猫,中性,咨询,2026-08-03 13:17:41,人工<br>请问可以放进28寸<br>有没有能放行的洗衣机<br>这个可以洗几件宝宝衣服呀<br>宝宝衣服呢<br>,小熊电器官方旗舰店,829752288160,小熊迷你内衣内裤洗衣机专用洗袜子全自动小型迷你小型婴儿清洗机,https://detail.tmall.com/item.htm?id=829752288160,8e1d677056f1d715eab915a06ea2b00bf9891f808e89b0de0b44e4a02709056d_2209570416623_20260803,,,,,,,,,,
天猫,中性,咨询,2026-08-03 12:16:55,充电是这样闪的？<br>所以充电中就是这样闪的？<br>？<br>人工,小熊电器官方旗舰店,953780186914,小熊桶装水电动抽水器吸水器压水器自吸全自动抽水神器水泵上水器,https://detail.tmall.com/item.htm?id=953780186914,0ee555b6adac52db0d7eee9da08e39e7c9bb1a1eaf7d867929e3c7f7d33b7dcf_2209671807142_20260803,,,,,,,,,,
天猫,中性,咨询,2026-08-03 10:50:55,人工,小熊电器官方旗舰店,953780186914,小熊桶装水电动抽水器吸水器压水器自吸全自动抽水神器水泵上水器,https://detail.tmall.com/item.htm?id=953780186914,db876b706105cd300c4ad495149c09f0b270bd598cce2720d5daf2abf2c740b3_2218061366895_20260803,,,,,,,,,,
天猫,中性,咨询,2026-08-03 10:50:00,人工<br>这个取下来要怎么装回去<br>,小熊电器官方旗舰店,652993501043,小熊电饭煲家用3到4人小型智能电饭锅陶瓷油内胆不粘微压快煮饭,https://detail.tmall.com/item.htm?id=652993501043,0a7bb5fd61273b6eb8efbb3c5c44724921407d1d40764d10069c24d1d460b622_2221749211942_20260803,,,,,,,,,,
天猫,负向,咨询,2026-08-03 10:01:30,人工<br>为什么按不动<br>没反应,小熊电器官方旗舰店,832406608200,小熊全玻璃恒温养生壶家用多功能办公室小型煮茶壶烧水壶炖煮一体,https://detail.tmall.com/item.htm?id=832406608200,4793f3eca67fb9b952d3352f9e6e9177c70d2828f05f8be4f7e9fe46fdee3c74_3990073528_20260803,,,,,,,,,,
天猫,中性,咨询,2026-08-03 10:01:30,人工<br>为什么按不动<br>没反应,小熊电器官方旗舰店,832406608200,小熊全玻璃恒温养生壶家用多功能办公室小型煮茶壶烧水壶炖煮一体,https://detail.tmall.com/item.htm?id=832406608200,4793f3eca67fb9b952d3352f9e6e9177c70d2828f05f8be4f7e9fe46fdee3c74_3990073528_20260803,,,,,,,,,,
天猫,中性,咨询,2026-08-03 09:59:15,这个刀可以拿下来，会不会不安全<br>没安好<br>人工<br>飞出去<br>感觉有安全隐患<br>有固定的吗<br>不锈钢的<br>不要这个<br>没放好<br>它会工作吗<br>还是就停了<br>那个刀<br>不要推别的<br>我问你问题回答一下<br>没放好，它会转吗？<br>那不就是到处飞吗<br>你这太吓人了<br>,小熊电器官方旗舰店,1066545498108,【新品抢先加购 4号付定】小熊破壁机豆浆机全自动家用多功能新款,https://detail.tmall.com/item.htm?id=1066545498108,45a4017a0b8a70724fe69bf1d06d2e255bf8481483b423e7d21fa12a3cdb5690_2215543343493_20260803,,,,,,,,,,
天猫,中性,咨询,2026-08-03 08:21:18,人工<br>4.5升的桶能用吗,小熊电器官方旗舰店,953780186914,小熊桶装水电动抽水器吸水器压水器自吸全自动抽水神器水泵上水器,https://detail.tmall.com/item.htm?id=953780186914,e9a609d02c371df2730d7866cbf227c44a17548f96277ee5b3fba2d964191c81_2222166184646_20260803,,,,,,,,,,
天猫,中性,咨询,2026-08-03 07:55:15,人工,小熊电器官方旗舰店,652993501043,小熊电饭煲家用3到4人小型智能电饭锅陶瓷油内胆不粘微压快煮饭,https://detail.tmall.com/item.htm?id=652993501043,05a58c4ec3763a12f34d03c84a5bd3b65f49f3224b5236ad70f1157d24881ff8_3031399889_20260803,,,,,,,,,,
天猫,中性,咨询,2026-08-03 00:16:21,人工,小熊电器官方旗舰店,832406608200,小熊全玻璃恒温养生壶家用多功能办公室小型煮茶壶烧水壶炖煮一体,https://detail.tmall.com/item.htm?id=832406608200,ba4f3cdd40ee9ff8dfc8bd7940c093ceac692f951d81500008986c2ccdb49658_3031399889_20260803,,,,,,,,,,
天猫,中性,咨询,2026-08-02 23:06:39,人工,小熊电器官方旗舰店,953780186914,小熊桶装水电动抽水器吸水器压水器自吸全自动抽水神器水泵上水器,https://detail.tmall.com/item.htm?id=953780186914,db876b706105cd300c4ad495149c09f0b270bd598cce2720d5daf2abf2c740b3_2218061366895_20260802,,,,,,,,,,
天猫,中性,咨询,2026-08-02 22:21:52,人工<br>有没有好评返现,小熊电器官方旗舰店,832406608200,小熊全玻璃恒温养生壶家用多功能办公室小型煮茶壶烧水壶炖煮一体,https://detail.tmall.com/item.htm?id=832406608200,ea4f932ef34fa5da4298a00c851fc3aeaa7e5c6b30d1fbefa7913c2a7ded4cc8_2219167311332_20260802,,,,,,,,,,
天猫,中性,咨询,2026-08-02 22:21:52,人工<br>有没有好评返现,小熊电器官方旗舰店,832406608200,小熊全玻璃恒温养生壶家用多功能办公室小型煮茶壶烧水壶炖煮一体,https://detail.tmall.com/item.htm?id=832406608200,ea4f932ef34fa5da4298a00c851fc3aeaa7e5c6b30d1fbefa7913c2a7ded4cc8_2219167311332_20260802,,,,,,,,,,
天猫,中性,咨询,2026-08-02 19:55:36,人工<br>这个怎么兼容多种桶型<br>能固定<br>还是只是放在上面,小熊电器官方旗舰店,953780186914,小熊桶装水电动抽水器吸水器压水器自吸全自动抽水神器水泵上水器,https://detail.tmall.com/item.htm?id=953780186914,492fe4b937fa9df0185d43fdd6d866608ea70fb355abc0b207fe92c3750da9a1_2215007019509_20260802,,,,,,,,,,
天猫,中性,咨询,2026-08-02 19:37:57,这个地干嘛的呀<br>人工<br>,小熊电器官方旗舰店,832406608200,小熊全玻璃恒温养生壶家用多功能办公室小型煮茶壶烧水壶炖煮一体,https://detail.tmall.com/item.htm?id=832406608200,8f00202db948ea0ac242e43b8e8f5d04e0d77ab89c7680d000627d7b4fd15674_2219167311332_20260802,,,,,,,,,,
天猫,中性,咨询,2026-08-02 19:07:38,这两个有什么不一样<br>人工<br>链接发一下<br>第二款,小熊电器官方旗舰店,953780186914,小熊桶装水电动抽水器吸水器压水器自吸全自动抽水神器水泵上水器,https://detail.tmall.com/item.htm?id=953780186914,b1eab70535427d43697f1da357657a93ed48509f123c0e75f51a43289d56c833_2215007019509_20260802,,,,,,,,,,
天猫,中性,咨询,2026-08-02 19:07:38,这两个有什么不一样<br>人工<br>链接发一下<br>第二款,小熊电器官方旗舰店,953780186914,小熊桶装水电动抽水器吸水器压水器自吸全自动抽水神器水泵上水器,https://detail.tmall.com/item.htm?id=953780186914,b1eab70535427d43697f1da357657a93ed48509f123c0e75f51a43289d56c833_2215007019509_20260802,,,,,,,,,,
天猫,中性,咨询,2026-08-02 16:28:31,这是几公斤的<br>人工<br>几公斤的,小熊电器官方旗舰店,829752288160,小熊迷你内衣内裤洗衣机专用洗袜子全自动小型迷你小型婴儿清洗机,https://detail.tmall.com/item.htm?id=829752288160,5f3bc2c648967ec6ea1126dab6903074a290129dcf0c6ad4a661ebc92b75ff92_2212775027940_20260802,,,,,,,,,,
天猫,中性,咨询,2026-08-02 14:31:48,这个怎么上下水<br>人工<br>这个有师装吗,小熊电器官方旗舰店,829752288160,小熊迷你内衣内裤洗衣机专用洗袜子全自动小型迷你小型婴儿清洗机,https://detail.tmall.com/item.htm?id=829752288160,57d78d0cc3c9e57dd271ec1212918ac8edaba3764ffe5fc4d81ccb41554cd788_2212796238773_20260802,,,,,,,,,,
天猫,中性,咨询,2026-08-02 14:07:49,你好 人工<br>这款玻璃壶被我打碎了<br>有没有配件卖<br>,小熊电器官方旗舰店,832406608200,小熊全玻璃恒温养生壶家用多功能办公室小型煮茶壶烧水壶炖煮一体,https://detail.tmall.com/item.htm?id=832406608200,b7ad01778e104dbff809b5c5c058007d991542d22f1885881c3a5d05c929416c_2214916672660_20260802,,,,,,,,,,
天猫,中性,咨询,2026-08-02 14:07:49,你好 人工<br>这款玻璃壶被我打碎了<br>有没有配件卖<br>,小熊电器官方旗舰店,832406608200,小熊全玻璃恒温养生壶家用多功能办公室小型煮茶壶烧水壶炖煮一体,https://detail.tmall.com/item.htm?id=832406608200,b7ad01778e104dbff809b5c5c058007d991542d22f1885881c3a5d05c929416c_2214916672660_20260802,,,,,,,,,,
天猫,正向,咨询,2026-08-02 13:25:36,这个煮银耳要不要看<br>人工<br>不搅会怎么养<br>不会溢出来吧<br>我盖着盖子的<br>那会喷出来,小熊电器官方旗舰店,832406608200,小熊全玻璃恒温养生壶家用多功能办公室小型煮茶壶烧水壶炖煮一体,https://detail.tmall.com/item.htm?id=832406608200,6e849e4bd51aead07ff8c99ad43fa7b87a430ab0f6844092fa7be054fa5a8275_2219167311332_20260802,,,,,,,,,,
天猫,中性,咨询,2026-08-02 13:25:36,这个煮银耳要不要看<br>人工<br>不搅会怎么养<br>不会溢出来吧<br>我盖着盖子的<br>那会喷出来,小熊电器官方旗舰店,832406608200,小熊全玻璃恒温养生壶家用多功能办公室小型煮茶壶烧水壶炖煮一体,https://detail.tmall.com/item.htm?id=832406608200,6e849e4bd51aead07ff8c99ad43fa7b87a430ab0f6844092fa7be054fa5a8275_2219167311332_20260802,,,,,,,,,,
天猫,中性,咨询,2026-08-02 13:25:36,这个煮银耳要不要看<br>人工<br>不搅会怎么养<br>不会溢出来吧<br>我盖着盖子的<br>那会喷出来,小熊电器官方旗舰店,832406608200,小熊全玻璃恒温养生壶家用多功能办公室小型煮茶壶烧水壶炖煮一体,https://detail.tmall.com/item.htm?id=832406608200,6e849e4bd51aead07ff8c99ad43fa7b87a430ab0f6844092fa7be054fa5a8275_2219167311332_20260802,,,,,,,,,,
天猫,中性,咨询,2026-08-02 13:16:04,人工,小熊电器官方旗舰店,832406608200,小熊全玻璃恒温养生壶家用多功能办公室小型煮茶壶烧水壶炖煮一体,https://detail.tmall.com/item.htm?id=832406608200,9027fc5abded04993883494f0cc04327f1fcb74952ccdf055b2e598741d7d4d4_3423170799_20260802,,,,,,,,,,
天猫,中性,咨询,2026-08-02 12:31:22,人工<br>养生壶全玻璃比较好，还是不锈钢加玻璃<br>经常加热也不会碎吧,小熊电器官方旗舰店,832406608200,小熊全玻璃恒温养生壶家用多功能办公室小型煮茶壶烧水壶炖煮一体,https://detail.tmall.com/item.htm?id=832406608200,65baf5ba29c6cdd07658ffeb611d2a11645daad537d940e334fd05dbc48bf586_2222430908987_20260802,,,,,,,,,,
天猫,中性,咨询,2026-08-02 12:31:22,人工<br>养生壶全玻璃比较好，还是不锈钢加玻璃<br>经常加热也不会碎吧,小熊电器官方旗舰店,832406608200,小熊全玻璃恒温养生壶家用多功能办公室小型煮茶壶烧水壶炖煮一体,https://detail.tmall.com/item.htm?id=832406608200,65baf5ba29c6cdd07658ffeb611d2a11645daad537d940e334fd05dbc48bf586_2222430908987_20260802,,,,,,,,,,
天猫,中性,咨询,2026-08-02 12:05:54,人工<br>人工客服<br>怎么自己就裂开了<br>,小熊电器官方旗舰店,832406608200,小熊全玻璃恒温养生壶家用多功能办公室小型煮茶壶烧水壶炖煮一体,https://detail.tmall.com/item.htm?id=832406608200,f738c40b9eab16163f556e17863d08700e082cd1c4aa75c540865f172a0d4957_2219167311332_20260802,,,,,,,,,,
天猫,中性,咨询,2026-08-02 09:09:17,都有什么模式<br>时长多少<br>烘干能达到直接穿的吗<br>能不能直接穿<br>人工<br>能不能直接穿,小熊电器官方旗舰店,829752288160,小熊迷你内衣内裤洗衣机专用洗袜子全自动小型迷你小型婴儿清洗机,https://detail.tmall.com/item.htm?id=829752288160,7cdc7c8c3424e768c953bc339c79ab50492b70253085c4433988be753535947d_2212775027940_20260802,,,,,,,,,,
天猫,中性,咨询,2026-08-02 09:09:17,都有什么模式<br>时长多少<br>烘干能达到直接穿的吗<br>能不能直接穿<br>人工<br>能不能直接穿,小熊电器官方旗舰店,829752288160,小熊迷你内衣内裤洗衣机专用洗袜子全自动小型迷你小型婴儿清洗机,https://detail.tmall.com/item.htm?id=829752288160,7cdc7c8c3424e768c953bc339c79ab50492b70253085c4433988be753535947d_2212775027940_20260802,,,,,,,,,,
天猫,中性,咨询,2026-08-02 09:09:17,都有什么模式<br>时长多少<br>烘干能达到直接穿的吗<br>能不能直接穿<br>人工<br>能不能直接穿,小熊电器官方旗舰店,829752288160,小熊迷你内衣内裤洗衣机专用洗袜子全自动小型迷你小型婴儿清洗机,https://detail.tmall.com/item.htm?id=829752288160,7cdc7c8c3424e768c953bc339c79ab50492b70253085c4433988be753535947d_2212775027940_20260802,,,,,,,,,,
天猫,负向,咨询,2026-08-02 08:53:59,人工<br>请看记录<br>噪音很大,小熊电器官方旗舰店,953780186914,小熊桶装水电动抽水器吸水器压水器自吸全自动抽水神器水泵上水器,https://detail.tmall.com/item.htm?id=953780186914,63ff8a8de6a2b06d04caca568263931835f6ffe0690455b389f5872c9a4ae925_2207802122733_20260802,,,,,,,,,,
天猫,中性,咨询,2026-08-02 08:53:59,人工<br>请看记录<br>噪音很大,小熊电器官方旗舰店,953780186914,小熊桶装水电动抽水器吸水器压水器自吸全自动抽水神器水泵上水器,https://detail.tmall.com/item.htm?id=953780186914,63ff8a8de6a2b06d04caca568263931835f6ffe0690455b389f5872c9a4ae925_2207802122733_20260802,,,,,,,,,,
天猫,中性,咨询,2026-08-02 07:18:05,噪音好大<br>人工,小熊电器官方旗舰店,953780186914,小熊桶装水电动抽水器吸水器压水器自吸全自动抽水神器水泵上水器,https://detail.tmall.com/item.htm?id=953780186914,63ff8a8de6a2b06d04caca568263931835f6ffe0690455b389f5872c9a4ae925_3031399889_20260802,,,,,,,,,,
天猫,中性,咨询,2026-08-01 22:07:41,人工<br>这个得有上下水吗,小熊电器官方旗舰店,829752288160,小熊迷你内衣内裤洗衣机专用洗袜子全自动小型迷你小型婴儿清洗机,https://detail.tmall.com/item.htm?id=829752288160,ee6ec28367205520ea68c046244c3ed4bd630b8642d9f22cd667002c6a76a848_2209570416623_20260801,,,,,,,,,,
天猫,中性,咨询,2026-08-01 21:40:21,人工<br>帮我解释一下分别这四个款式的对应区别<br>我选择一些<br>这些都需要装下水吗<br>难搞<br>家里没有装下水的地<br>有没有不用装下水的<br>那种洗衣机<br>,小熊电器官方旗舰店,829752288160,小熊迷你内衣内裤洗衣机专用洗袜子全自动小型迷你小型婴儿清洗机,https://detail.tmall.com/item.htm?id=829752288160,53fbca735cecc577d90b810634162f43b58e64993644921396bb2aa89bb32d04_2212794949421_20260801,,,,,,,,,,
天猫,中性,咨询,2026-08-01 20:39:46,人工<br>有这个型号单独的炖盅买的吗<br>麻烦发一下这个型号的玻璃壶的直径尺寸给我<br>需要内径<br>E15q3那个型号,小熊电器官方旗舰店,832406608200,小熊全玻璃恒温养生壶家用多功能办公室小型煮茶壶烧水壶炖煮一体,https://detail.tmall.com/item.htm?id=832406608200,bd09aef12a07e0d7fa8bcb5eb7727324ef3f94429d35bf3787b54ac871cd13ab_2215107505922_20260801,,,,,,,,,,
天猫,中性,咨询,2026-08-01 20:39:46,人工<br>有这个型号单独的炖盅买的吗<br>麻烦发一下这个型号的玻璃壶的直径尺寸给我<br>需要内径<br>E15q3那个型号,小熊电器官方旗舰店,832406608200,小熊全玻璃恒温养生壶家用多功能办公室小型煮茶壶烧水壶炖煮一体,https://detail.tmall.com/item.htm?id=832406608200,bd09aef12a07e0d7fa8bcb5eb7727324ef3f94429d35bf3787b54ac871cd13ab_2215107505922_20260801,,,,,,,,,,
天猫,中性,咨询,2026-08-01 18:48:15,这俩区别<br>哪个是J10D1<br>点开为啥是15Q3<br>人工<br>1L和1.5座不一样吗<br>1.5静音吗,小熊电器官方旗舰店,832406608200,小熊全玻璃恒温养生壶家用多功能办公室小型煮茶壶烧水壶炖煮一体,https://detail.tmall.com/item.htm?id=832406608200,c3d38732a9a86c34bc3173a525b7b576a932b8614680ebafb11533c3df4df621_2219167311332_20260801,,,,,,,,,,
天猫,中性,咨询,2026-08-01 18:45:02,人工<br>这款麻烦拍一座底部的型号铭牌我看看<br>那我的那一款是哪一个呀？<br>,小熊电器官方旗舰店,832406608200,小熊全玻璃恒温养生壶家用多功能办公室小型煮茶壶烧水壶炖煮一体,https://detail.tmall.com/item.htm?id=832406608200,d540498b170299d3ce30163a831d83fb7ceb9651749934db46c73b30564a09d7_2219417355482_20260801,,,,,,,,,,
天猫,中性,咨询,2026-08-01 18:14:26,人工,小熊电器官方旗舰店,652993501043,小熊电饭煲家用3到4人小型智能电饭锅陶瓷油内胆不粘微压快煮饭,https://detail.tmall.com/item.htm?id=652993501043,f3463453d44f20db34f7aacee0f4660744debd78d921fcaf950955f5cbb33ec5_2222633286999_20260801,,,,,,,,,,
天猫,中性,咨询,2026-08-01 14:30:40,人工<br>这区别是什么<br>专属优惠<br>这个有优惠吗<br>煮粥可以吗<br>人工,小熊电器官方旗舰店,652993501043,小熊电饭煲家用3到4人小型智能电饭锅陶瓷油内胆不粘微压快煮饭,https://detail.tmall.com/item.htm?id=652993501043,d9d3f422aa0277ab9ef93755cec1b01c9a399695b77250280748e95de94ba386_2212837734466_20260801,,,,,,,,,,
天猫,中性,咨询,2026-08-01 14:30:40,人工<br>这区别是什么<br>专属优惠<br>这个有优惠吗<br>煮粥可以吗<br>人工,小熊电器官方旗舰店,652993501043,小熊电饭煲家用3到4人小型智能电饭锅陶瓷油内胆不粘微压快煮饭,https://detail.tmall.com/item.htm?id=652993501043,d9d3f422aa0277ab9ef93755cec1b01c9a399695b77250280748e95de94ba386_2212837734466_20260801,,,,,,,,,,
天猫,中性,咨询,2026-08-01 14:30:40,人工<br>这区别是什么<br>专属优惠<br>这个有优惠吗<br>煮粥可以吗<br>人工,小熊电器官方旗舰店,652993501043,小熊电饭煲家用3到4人小型智能电饭锅陶瓷油内胆不粘微压快煮饭,https://detail.tmall.com/item.htm?id=652993501043,d9d3f422aa0277ab9ef93755cec1b01c9a399695b77250280748e95de94ba386_2212837734466_20260801,,,,,,,,,,
天猫,中性,咨询,2026-08-01 14:05:48,人工<br>有没这款壶煮白茶的比例,小熊电器官方旗舰店,832406608200,小熊全玻璃恒温养生壶家用多功能办公室小型煮茶壶烧水壶炖煮一体,https://detail.tmall.com/item.htm?id=832406608200,b6b199244dae438665469b25630b2b01d19468373cc9066cef814d3309c76f74_3990073528_20260801,,,,,,,,,,
天猫,中性,咨询,2026-08-01 12:28:01,这个可以开发票吧<br>没有国补吧<br>人工,小熊电器官方旗舰店,832406608200,小熊全玻璃恒温养生壶家用多功能办公室小型煮茶壶烧水壶炖煮一体,https://detail.tmall.com/item.htm?id=832406608200,ba23df3d08495eff747f28f877f173469c81ae1bad9d8656b7ded257984c4d91_2219167311332_20260801,,,,,,,,,,
天猫,中性,咨询,2026-08-01 12:28:01,这个可以开发票吧<br>没有国补吧<br>人工,小熊电器官方旗舰店,832406608200,小熊全玻璃恒温养生壶家用多功能办公室小型煮茶壶烧水壶炖煮一体,https://detail.tmall.com/item.htm?id=832406608200,ba23df3d08495eff747f28f877f173469c81ae1bad9d8656b7ded257984c4d91_2219167311332_20260801,,,,,,,,,,
天猫,负向,咨询,2026-08-01 12:26:20,人工<br>水壶坏了<br>裂了,小熊电器官方旗舰店,832406608200,小熊全玻璃恒温养生壶家用多功能办公室小型煮茶壶烧水壶炖煮一体,https://detail.tmall.com/item.htm?id=832406608200,71a894f4519600b3bfad5e28e9f7a812f5e1333919cb7172538457802c866b40_2217778896413_20260801,,,,,,,,,,
天猫,中性,咨询,2026-08-01 12:26:20,人工<br>水壶坏了<br>裂了,小熊电器官方旗舰店,832406608200,小熊全玻璃恒温养生壶家用多功能办公室小型煮茶壶烧水壶炖煮一体,https://detail.tmall.com/item.htm?id=832406608200,71a894f4519600b3bfad5e28e9f7a812f5e1333919cb7172538457802c866b40_2217778896413_20260801,,,,,,,,,,
天猫,中性,咨询,2026-08-01 12:09:52,人工<br>有全玻璃的1.5或者1.7升的养生壶吗<br>好像小了一点，最大多少升<br>不要这种,小熊电器官方旗舰店,832406608200,小熊全玻璃恒温养生壶家用多功能办公室小型煮茶壶烧水壶炖煮一体,https://detail.tmall.com/item.htm?id=832406608200,16fa229cf9f09b78131fc0ed676ff23bef2e9bb25fcc1f37194bf8d617ab8836_2217778896413_20260801,,,,,,,,,,
天猫,中性,咨询,2026-08-01 12:09:52,人工<br>有全玻璃的1.5或者1.7升的养生壶吗<br>好像小了一点，最大多少升<br>不要这种,小熊电器官方旗舰店,832406608200,小熊全玻璃恒温养生壶家用多功能办公室小型煮茶壶烧水壶炖煮一体,https://detail.tmall.com/item.htm?id=832406608200,16fa229cf9f09b78131fc0ed676ff23bef2e9bb25fcc1f37194bf8d617ab8836_2217778896413_20260801,,,,,,,,,,
天猫,中性,咨询,2026-08-01 12:09:52,人工<br>有全玻璃的1.5或者1.7升的养生壶吗<br>好像小了一点，最大多少升<br>不要这种,小熊电器官方旗舰店,832406608200,小熊全玻璃恒温养生壶家用多功能办公室小型煮茶壶烧水壶炖煮一体,https://detail.tmall.com/item.htm?id=832406608200,16fa229cf9f09b78131fc0ed676ff23bef2e9bb25fcc1f37194bf8d617ab8836_2217778896413_20260801,,,,,,,,,,
天猫,中性,咨询,2026-08-01 10:34:17,哪个链接可以恒温45度？<br>人工<br>有钛是什么意思<br>这两个链接推荐哪款<br>这个链接里面都是全玻璃款吗？<br>Q3不能冲奶？<br>这款可以煮哪些东西<br>,小熊电器官方旗舰店,832406608200,小熊全玻璃恒温养生壶家用多功能办公室小型煮茶壶烧水壶炖煮一体,https://detail.tmall.com/item.htm?id=832406608200,4a1e46fcac50554ecb040d50455b2ae95c4f8ba976ac0ba4a229f7099b04ee50_2222430908987_20260801,,,,,,,,,,
天猫,中性,咨询,2026-08-01 10:34:17,哪个链接可以恒温45度？<br>人工<br>有钛是什么意思<br>这两个链接推荐哪款<br>这个链接里面都是全玻璃款吗？<br>Q3不能冲奶？<br>这款可以煮哪些东西<br>,小熊电器官方旗舰店,832406608200,小熊全玻璃恒温养生壶家用多功能办公室小型煮茶壶烧水壶炖煮一体,https://detail.tmall.com/item.htm?id=832406608200,4a1e46fcac50554ecb040d50455b2ae95c4f8ba976ac0ba4a229f7099b04ee50_2222430908987_20260801,,,,,,,,,,
天猫,中性,咨询,2026-08-01 10:34:17,哪个链接可以恒温45度？<br>人工<br>有钛是什么意思<br>这两个链接推荐哪款<br>这个链接里面都是全玻璃款吗？<br>Q3不能冲奶？<br>这款可以煮哪些东西<br>,小熊电器官方旗舰店,832406608200,小熊全玻璃恒温养生壶家用多功能办公室小型煮茶壶烧水壶炖煮一体,https://detail.tmall.com/item.htm?id=832406608200,4a1e46fcac50554ecb040d50455b2ae95c4f8ba976ac0ba4a229f7099b04ee50_2222430908987_20260801,,,,,,,,,,
天猫,中性,咨询,2026-08-01 08:29:58,人工<br>我这款，盖子是玻璃的吗<br>玻璃算不算厚实的那种？<br>玻璃盖的是哪款呀,小熊电器官方旗舰店,832406608200,小熊全玻璃恒温养生壶家用多功能办公室小型煮茶壶烧水壶炖煮一体,https://detail.tmall.com/item.htm?id=832406608200,249a90427f8b8ed37244a67d0bfdf2d5e1eceaf2dd216bc72e5a1b45978ec615_3990073528_20260801,,,,,,,,,,
天猫,中性,咨询,2026-08-01 06:56:10,这款刀片什么材质？<br>有质检报告吗？<br>人工,小熊电器官方旗舰店,1066545498108,【新品首发】小熊破壁机豆浆机全自动家用静音多功能榨汁机新款,https://detail.tmall.com/item.htm?id=1066545498108,af63979d2abfc738d7a911a33d718799e806736220d828ae79cc96e4deecb250_3031399889_20260801,,,,,,,,,,
天猫,中性,咨询,2026-08-01 06:56:10,这款刀片什么材质？<br>有质检报告吗？<br>人工,小熊电器官方旗舰店,1066545498108,【新品首发】小熊破壁机豆浆机全自动家用静音多功能榨汁机新款,https://detail.tmall.com/item.htm?id=1066545498108,af63979d2abfc738d7a911a33d718799e806736220d828ae79cc96e4deecb250_3031399889_20260801,,,,,,,,,,
天猫,中性,咨询,2026-08-02 22:04:07,这种是按键的还是触摸屏幕的？<br>触摸字体的那种很容易坏掉。,小熊电器官方旗舰店,832406608200,小熊全玻璃恒温养生壶家用多功能办公室小型煮茶壶烧水壶炖煮一体,https://detail.tmall.com/item.htm?id=832406608200,95f50e51f2c7eef917d3197365c2f3c32fc16d769e04688e0b76d8c6de6f2cca_2219167311332_20260802,,,,,,,,,,
天猫,中性,咨询,2026-08-03 13:39:45,什么时候可以补发<br>发新的呢？<br>那我寄回来给你 给我换新的,小熊电器官方旗舰店,652993501043,小熊电饭煲家用3到4人小型智能电饭锅陶瓷油内胆不粘微压快煮饭,https://detail.tmall.com/item.htm?id=652993501043,17fea6a32cfa72ea37ac786dff920c2828a4d4a0edce2b0ba09fd6f1831160df_2215494213791_20260803,,,,,,,,,,
天猫,中性,咨询,2026-08-03 13:39:45,什么时候可以补发<br>发新的呢？<br>那我寄回来给你 给我换新的,小熊电器官方旗舰店,652993501043,小熊电饭煲家用3到4人小型智能电饭锅陶瓷油内胆不粘微压快煮饭,https://detail.tmall.com/item.htm?id=652993501043,17fea6a32cfa72ea37ac786dff920c2828a4d4a0edce2b0ba09fd6f1831160df_2215494213791_20260803,,,,,,,,,,
天猫,中性,咨询,2026-08-03 19:49:46,你家最好用的电饭煲<br>有推荐吗<br>多功能的 快速煮粥粥饭,小熊电器官方旗舰店,652993501043,小熊电饭煲家用3到4人小型智能电饭锅陶瓷油内胆不粘微压快煮饭,https://detail.tmall.com/item.htm?id=652993501043,bb356518ae65206a08f6f62d936ff009d5bcb3786e4742ecf311218853181c35_2222633286999_20260803,,,,,,,,,,
天猫,正向,咨询,2026-08-03 19:49:46,你家最好用的电饭煲<br>有推荐吗<br>多功能的 快速煮粥粥饭,小熊电器官方旗舰店,652993501043,小熊电饭煲家用3到4人小型智能电饭锅陶瓷油内胆不粘微压快煮饭,https://detail.tmall.com/item.htm?id=652993501043,bb356518ae65206a08f6f62d936ff009d5bcb3786e4742ecf311218853181c35_2222633286999_20260803,,,,,,,,,,
天猫,正向,咨询,2026-08-03 19:49:46,你家最好用的电饭煲<br>有推荐吗<br>多功能的 快速煮粥粥饭,小熊电器官方旗舰店,652993501043,小熊电饭煲家用3到4人小型智能电饭锅陶瓷油内胆不粘微压快煮饭,https://detail.tmall.com/item.htm?id=652993501043,bb356518ae65206a08f6f62d936ff009d5bcb3786e4742ecf311218853181c35_2222633286999_20260803,,,,,,,,,,
天猫,中性,咨询,2026-08-01 10:14:26,消费者点踩机器人消息，已停止辅助接待<br>多大容量多大分贝<br>最大款，分贝呢<br>大了,小熊电器官方旗舰店,1066545498108,【新品首发】小熊破壁机豆浆机全自动家用静音多功能榨汁机新款,https://detail.tmall.com/item.htm?id=1066545498108,e7c2da91f660ecf34e4ade94c51ab4786f9d9b90297b49e0f18f01425562ee6a_2216756095526_20260801,,,,,,,,,,
天猫,中性,咨询,2026-08-03 10:28:42,多大容量的,小熊电器官方旗舰店,832406608200,小熊全玻璃恒温养生壶家用多功能办公室小型煮茶壶烧水壶炖煮一体,https://detail.tmall.com/item.htm?id=832406608200,db66569fd786af897dd4d594998cdc300c53249c7d5882ed45ae0159f0aae795_3990073528_20260803,,,,,,,,,,
天猫,正向,咨询,2026-08-01 19:08:30,多大容量？<br>需要全家款<br>加热盘是密封的吗？<br>有缝？那是沸出来的水会漏到加热盘里？<br>加热盘的缝会进水？<br>有时不小心会沸出水的<br>不小心溢出的话底盘有导流通道，水不会漏到电机里？<br>我选1.5升的，没有看到有壶嘴滤网？<br>下单了，加急<br>了解一下这款,小熊电器官方旗舰店,832406608200,小熊全玻璃恒温养生壶家用多功能办公室小型煮茶壶烧水壶炖煮一体,https://detail.tmall.com/item.htm?id=832406608200,ed988124a4adf6c3f4a1dcd14153af2fa6424198652177537d28bc55a162d525_2217778896413_20260801,,,,,,,,,,
天猫,中性,咨询,2026-08-01 19:08:30,多大容量？<br>需要全家款<br>加热盘是密封的吗？<br>有缝？那是沸出来的水会漏到加热盘里？<br>加热盘的缝会进水？<br>有时不小心会沸出水的<br>不小心溢出的话底盘有导流通道，水不会漏到电机里？<br>我选1.5升的，没有看到有壶嘴滤网？<br>下单了，加急<br>了解一下这款,小熊电器官方旗舰店,832406608200,小熊全玻璃恒温养生壶家用多功能办公室小型煮茶壶烧水壶炖煮一体,https://detail.tmall.com/item.htm?id=832406608200,ed988124a4adf6c3f4a1dcd14153af2fa6424198652177537d28bc55a162d525_2217778896413_20260801,,,,,,,,,,
天猫,中性,咨询,2026-08-01 19:08:30,多大容量？<br>需要全家款<br>加热盘是密封的吗？<br>有缝？那是沸出来的水会漏到加热盘里？<br>加热盘的缝会进水？<br>有时不小心会沸出水的<br>不小心溢出的话底盘有导流通道，水不会漏到电机里？<br>我选1.5升的，没有看到有壶嘴滤网？<br>下单了，加急<br>了解一下这款,小熊电器官方旗舰店,832406608200,小熊全玻璃恒温养生壶家用多功能办公室小型煮茶壶烧水壶炖煮一体,https://detail.tmall.com/item.htm?id=832406608200,ed988124a4adf6c3f4a1dcd14153af2fa6424198652177537d28bc55a162d525_2217778896413_20260801,,,,,,,,,,
天猫,中性,咨询,2026-08-03 23:34:08,蒸笼多大尺寸<br>直径多少,小熊电器官方旗舰店,652993501043,小熊电饭煲家用3到4人小型智能电饭锅陶瓷油内胆不粘微压快煮饭,https://detail.tmall.com/item.htm?id=652993501043,92f39e7a6b4d7cc324fe1e9a8caca98876b738ecd33a740af86dd79d8675ad1c_2222633286999_20260803,,,,,,,,,,
天猫,中性,咨询,2026-08-03 23:34:08,蒸笼多大尺寸<br>直径多少,小熊电器官方旗舰店,652993501043,小熊电饭煲家用3到4人小型智能电饭锅陶瓷油内胆不粘微压快煮饭,https://detail.tmall.com/item.htm?id=652993501043,92f39e7a6b4d7cc324fe1e9a8caca98876b738ecd33a740af86dd79d8675ad1c_2222633286999_20260803,,,,,,,,,,
天猫,中性,咨询,2026-08-01 10:33:01,大概多大<br>有大点的吗<br>大概多重<br>我想放到洗手盆台面上<br>出水直接进洗手盆<br>成人的衣服能用吗<br>太小了吗？<br>有1千克双桶的吗,小熊电器官方旗舰店,829752288160,小熊迷你内衣内裤洗衣机专用洗袜子全自动小型迷你小型婴儿清洗机,https://detail.tmall.com/item.htm?id=829752288160,b42d1e84e36d1108da3d550c28b5a06a19014201dbc52580dd06247de2276fbe_2212794949421_20260801,,,,,,,,,,
天猫,中性,咨询,2026-08-01 10:33:01,大概多大<br>有大点的吗<br>大概多重<br>我想放到洗手盆台面上<br>出水直接进洗手盆<br>成人的衣服能用吗<br>太小了吗？<br>有1千克双桶的吗,小熊电器官方旗舰店,829752288160,小熊迷你内衣内裤洗衣机专用洗袜子全自动小型迷你小型婴儿清洗机,https://detail.tmall.com/item.htm?id=829752288160,b42d1e84e36d1108da3d550c28b5a06a19014201dbc52580dd06247de2276fbe_2212794949421_20260801,,,,,,,,,,
天猫,中性,咨询,2026-08-03 11:51:19,店铺有没有高压锅(电饭煲），两个内胆的,小熊电器官方旗舰店,652993501043,小熊电饭煲家用3到4人小型智能电饭锅陶瓷油内胆不粘微压快煮饭,https://detail.tmall.com/item.htm?id=652993501043,f492c4f801c600f88acfac5d83c856509f81530e7c079e590e5410dacdf03ed6_2222404047191_20260803,,,,,,,,,,
天猫,中性,咨询,2026-08-02 16:37:25,人工客服<br>这个热除菌功能<br>把那个拿掉,小熊电器官方旗舰店,832406608200,小熊全玻璃恒温养生壶家用多功能办公室小型煮茶壶烧水壶炖煮一体,https://detail.tmall.com/item.htm?id=832406608200,f214269ceb8551b8225daa863a4d78d541b4f01925304485b1a9cf9dcf2d294e_2222430908987_20260802,,,,,,,,,,
天猫,中性,咨询,2026-08-02 16:37:25,人工客服<br>这个热除菌功能<br>把那个拿掉,小熊电器官方旗舰店,832406608200,小熊全玻璃恒温养生壶家用多功能办公室小型煮茶壶烧水壶炖煮一体,https://detail.tmall.com/item.htm?id=832406608200,f214269ceb8551b8225daa863a4d78d541b4f01925304485b1a9cf9dcf2d294e_2222430908987_20260802,,,,,,,,,,
天猫,中性,咨询,2026-08-01 06:03:09,有没有研磨功能<br>有评论说漏水，我还是退了吧,小熊电器官方旗舰店,1066545498108,【新品首发】小熊破壁机豆浆机全自动家用静音多功能榨汁机新款,https://detail.tmall.com/item.htm?id=1066545498108,cfdee5aa321c087b5f075c22bbc65b2d466c6dc285b0bd3c983a8132208d7d59_3031399889_20260801,,,,,,,,,,
天猫,负向,咨询,2026-08-01 06:03:09,有没有研磨功能<br>有评论说漏水，我还是退了吧,小熊电器官方旗舰店,1066545498108,【新品首发】小熊破壁机豆浆机全自动家用静音多功能榨汁机新款,https://detail.tmall.com/item.htm?id=1066545498108,cfdee5aa321c087b5f075c22bbc65b2d466c6dc285b0bd3c983a8132208d7d59_3031399889_20260801,,,,,,,,,,
天猫,负向,咨询,2026-08-01 06:03:09,有没有研磨功能<br>有评论说漏水，我还是退了吧,小熊电器官方旗舰店,1066545498108,【新品首发】小熊破壁机豆浆机全自动家用静音多功能榨汁机新款,https://detail.tmall.com/item.htm?id=1066545498108,cfdee5aa321c087b5f075c22bbc65b2d466c6dc285b0bd3c983a8132208d7d59_3031399889_20260801,,,,,,,,,,
天猫,中性,咨询,2026-08-03 15:11:55,总是在31度和32度之间跳，到现在一直31度<br>我这是之前买的<br>我知道长啥样<br>我新买的就是这款<br>订单号在我妈妈那个淘宝账号<br>我现在没在身边<br>是我设置有问题吗<br>嗷嗷<br>那咋整<br>是发热盘进水了吗<br>你那里能查吗<br>这个壶<br>别的发热盘能用吗<br>比如我新买的那个<br>啊？只能这款用吗<br>那只能当普通水壶了<br>那你给我推荐一款,小熊电器官方旗舰店,832406608200,小熊全玻璃恒温养生壶家用多功能办公室小型煮茶壶烧水壶炖煮一体,https://detail.tmall.com/item.htm?id=832406608200,19de68d75c650d5700b402e9f6169196ce0709165c4f441ba47556a7eac6d63d_2219417355482_20260803,,,,,,,,,,
天猫,中性,咨询,2026-08-03 15:11:55,总是在31度和32度之间跳，到现在一直31度<br>我这是之前买的<br>我知道长啥样<br>我新买的就是这款<br>订单号在我妈妈那个淘宝账号<br>我现在没在身边<br>是我设置有问题吗<br>嗷嗷<br>那咋整<br>是发热盘进水了吗<br>你那里能查吗<br>这个壶<br>别的发热盘能用吗<br>比如我新买的那个<br>啊？只能这款用吗<br>那只能当普通水壶了<br>那你给我推荐一款,小熊电器官方旗舰店,832406608200,小熊全玻璃恒温养生壶家用多功能办公室小型煮茶壶烧水壶炖煮一体,https://detail.tmall.com/item.htm?id=832406608200,19de68d75c650d5700b402e9f6169196ce0709165c4f441ba47556a7eac6d63d_2219417355482_20260803,,,,,,,,,,
天猫,负向,咨询,2026-08-03 12:16:07,充了一早上的电了<br>按键没有反应<br>用的你们送的充电器,小熊电器官方旗舰店,953780186914,小熊桶装水电动抽水器吸水器压水器自吸全自动抽水神器水泵上水器,https://detail.tmall.com/item.htm?id=953780186914,b3d25169bbe21c3949b2f7469b697ae10c59ce2533cdb5c472319e2b14fcb523_2215007019509_20260803,,,,,,,,,,
天猫,负向,咨询,2026-08-03 12:16:07,充了一早上的电了<br>按键没有反应<br>用的你们送的充电器,小熊电器官方旗舰店,953780186914,小熊桶装水电动抽水器吸水器压水器自吸全自动抽水神器水泵上水器,https://detail.tmall.com/item.htm?id=953780186914,b3d25169bbe21c3949b2f7469b697ae10c59ce2533cdb5c472319e2b14fcb523_2215007019509_20260803,,,,,,,,,,
天猫,负向,咨询,2026-08-03 12:16:07,充了一早上的电了<br>按键没有反应<br>用的你们送的充电器,小熊电器官方旗舰店,953780186914,小熊桶装水电动抽水器吸水器压水器自吸全自动抽水神器水泵上水器,https://detail.tmall.com/item.htm?id=953780186914,b3d25169bbe21c3949b2f7469b697ae10c59ce2533cdb5c472319e2b14fcb523_2215007019509_20260803,,,,,,,,,,
天猫,负向,咨询,2026-08-02 13:14:20,壶的把手有点割手,小熊电器官方旗舰店,832406608200,小熊全玻璃恒温养生壶家用多功能办公室小型煮茶壶烧水壶炖煮一体,https://detail.tmall.com/item.htm?id=832406608200,13abeba0d73450c7f61e152c2f82356c6da763823d2a4c19f70458d6eb97189b_2222430908987_20260802,,,,,,,,,,
天猫,中性,咨询,2026-08-03 22:18:24,养生壶推荐哪个<br>煮水 煮花茶什么的<br>煮水需要多久,小熊电器官方旗舰店,832406608200,小熊全玻璃恒温养生壶家用多功能办公室小型煮茶壶烧水壶炖煮一体,https://detail.tmall.com/item.htm?id=832406608200,8d3f25e75383f74e6ad5f29b45a9e7a1184f8ae805895cf35782c422d24b0db2_2217778896413_20260803,,,,,,,,,,
天猫,中性,咨询,2026-08-03 22:18:24,养生壶推荐哪个<br>煮水 煮花茶什么的<br>煮水需要多久,小熊电器官方旗舰店,832406608200,小熊全玻璃恒温养生壶家用多功能办公室小型煮茶壶烧水壶炖煮一体,https://detail.tmall.com/item.htm?id=832406608200,8d3f25e75383f74e6ad5f29b45a9e7a1184f8ae805895cf35782c422d24b0db2_2217778896413_20260803,,,,,,,,,,
天猫,中性,咨询,2026-08-02 23:22:12,你好，能根据我这个尺寸给我推荐一款适合的婴儿洗衣机吗？<br>这的克重，我怎么没找到？<br>,小熊电器官方旗舰店,829752288160,小熊迷你内衣内裤洗衣机专用洗袜子全自动小型迷你小型婴儿清洗机,https://detail.tmall.com/item.htm?id=829752288160,8fbf8e1458c9d856d42c0b56d5ff10b38ce8ab50ba05216fc1e4aa9bd699fca0_2209570416623_20260802,,,,,,,,,,
天猫,中性,咨询,2026-08-01 17:43:43,几个内胆,小熊电器官方旗舰店,652993501043,小熊电饭煲家用3到4人小型智能电饭锅陶瓷油内胆不粘微压快煮饭,https://detail.tmall.com/item.htm?id=652993501043,c46f37ee22f1e61b56acd114b8f837cc83f2a2bf4bdc52548c5a5be8fe844511_2215202023835_20260801,,,,,,,,,,
天猫,中性,咨询,2026-08-03 09:15:33,有没有买内胆<br>有没有买内胆有没有买内胆<br>,小熊电器官方旗舰店,652993501043,小熊电饭煲家用3到4人小型智能电饭锅陶瓷油内胆不粘微压快煮饭,https://detail.tmall.com/item.htm?id=652993501043,95443781f2f4e48e4ee13b6ef67b7b7e7fc1aed0aeec67f1976e3dd64f648be1_2222357265163_20260803,,,,,,,,,,
天猫,中性,咨询,2026-08-02 12:19:43,售后<br>人工<br>洗衣机洗了一半 排水的时候突然自动断电了,小熊电器官方旗舰店,829752288160,小熊迷你内衣内裤洗衣机专用洗袜子全自动小型迷你小型婴儿清洗机,https://detail.tmall.com/item.htm?id=829752288160,1aeb266eda08e1274c79ee7c50beb2fd5a96d8b31d64dec4d3ee4e76dd1a10ae_2209570416623_20260802,,,,,,,,,,
天猫,中性,咨询,2026-08-02 12:19:43,售后<br>人工<br>洗衣机洗了一半 排水的时候突然自动断电了,小熊电器官方旗舰店,829752288160,小熊迷你内衣内裤洗衣机专用洗袜子全自动小型迷你小型婴儿清洗机,https://detail.tmall.com/item.htm?id=829752288160,1aeb266eda08e1274c79ee7c50beb2fd5a96d8b31d64dec4d3ee4e76dd1a10ae_2209570416623_20260802,,,,,,,,,,
天猫,中性,咨询,2026-08-03 15:25:39,哪款好<br>都是全玻璃的吧,小熊电器官方旗舰店,832406608200,小熊全玻璃恒温养生壶家用多功能办公室小型煮茶壶烧水壶炖煮一体,https://detail.tmall.com/item.htm?id=832406608200,28652e23bb6a583a33148a4d47b82a285a2dcd30c71baa1006aa801d40e7f9c9_3990073528_20260803,,,,,,,,,,
天猫,负向,咨询,2026-08-03 23:39:57,红包还没到账,小熊电器官方旗舰店,832406608200,小熊全玻璃恒温养生壶家用多功能办公室小型煮茶壶烧水壶炖煮一体,https://detail.tmall.com/item.htm?id=832406608200,746d27a7ba913a709ca256e875f5d236b8e7f40c99495c40f1cfd125bf8f9671_2217778896413_20260803,,,,,,,,,,
天猫,中性,咨询,2026-08-03 13:48:32,三档出水有提升吗？<br>按钮有反馈吗？<br>不是触摸的吧,小熊电器官方旗舰店,953780186914,小熊桶装水电动抽水器吸水器压水器自吸全自动抽水神器水泵上水器,https://detail.tmall.com/item.htm?id=953780186914,3c8eddfe4900696fe9c0f4c6bab743b092c790cbe39b0063483cc76f6183166a_2212455992463_20260803,,,,,,,,,,
天猫,中性,咨询,2026-08-01 18:55:53,需开发票,小熊电器官方旗舰店,953780186914,小熊桶装水电动抽水器吸水器压水器自吸全自动抽水神器水泵上水器,https://detail.tmall.com/item.htm?id=953780186914,03bdd6a5be07e52e23ce6b64fae110233e08b1eb0f9c355e67413ba2f6056922_2214259387711_20260801,,,,,,,,,,
天猫,中性,咨询,2026-08-02 18:37:05,你好这一款多重<br>可以手动加水吗,小熊电器官方旗舰店,829752288160,小熊迷你内衣内裤洗衣机专用洗袜子全自动小型迷你小型婴儿清洗机,https://detail.tmall.com/item.htm?id=829752288160,81246a7cf011bb3623c9c5322c0ecda9960211271c52abca8d2077b7f4fa7e2f_2209570416623_20260802,,,,,,,,,,
天猫,负向,咨询,2026-08-01 12:34:11,小的很<br>发错了<br>能一次性洗几件内衣啊,小熊电器官方旗舰店,829752288160,小熊迷你内衣内裤洗衣机专用洗袜子全自动小型迷你小型婴儿清洗机,https://detail.tmall.com/item.htm?id=829752288160,66e6b45177741a14b3d21774d6547ec771a667b43ea9ccf81717d56b651118a2_2209570416623_20260801,,,,,,,,,,
天猫,负向,咨询,2026-08-01 10:56:51,这个内锅可以配吗？<br>家里的搞丢了。,小熊电器官方旗舰店,652993501043,小熊电饭煲家用3到4人小型智能电饭锅陶瓷油内胆不粘微压快煮饭,https://detail.tmall.com/item.htm?id=652993501043,d7f12232de3eaa0982fdeae5c6a6a6b324d59bf468a52d0b62866470855236e1_2222357265163_20260801,,,,,,,,,,
天猫,中性,咨询,2026-08-01 10:56:51,这个内锅可以配吗？<br>家里的搞丢了。,小熊电器官方旗舰店,652993501043,小熊电饭煲家用3到4人小型智能电饭锅陶瓷油内胆不粘微压快煮饭,https://detail.tmall.com/item.htm?id=652993501043,d7f12232de3eaa0982fdeae5c6a6a6b324d59bf468a52d0b62866470855236e1_2222357265163_20260801,,,,,,,,,,
天猫,中性,咨询,2026-08-02 13:36:41,包安装 装水龙头,小熊电器官方旗舰店,829752288160,小熊迷你内衣内裤洗衣机专用洗袜子全自动小型迷你小型婴儿清洗机,https://detail.tmall.com/item.htm?id=829752288160,00454e84453ece995838bea29af85ab7e4e987821f1d34b9ed2e96d770c46238_2209570416623_20260802,,,,,,,,,,
天猫,负向,咨询,2026-08-03 18:47:37,怎么开机<br>插了电源<br>但是不亮呢,小熊电器官方旗舰店,829752288160,小熊迷你内衣内裤洗衣机专用洗袜子全自动小型迷你小型婴儿清洗机,https://detail.tmall.com/item.htm?id=829752288160,0a625be64e16f79abb91c485ffa1905ca45f24660ed9237b5236a7fdf0c7ff33_2209570416623_20260803,,,,,,,,,,
天猫,中性,咨询,2026-08-02 10:25:53,我之前买的内胆坏了，我想买个内胆<br>,小熊电器官方旗舰店,652993501043,小熊电饭煲家用3到4人小型智能电饭锅陶瓷油内胆不粘微压快煮饭,https://detail.tmall.com/item.htm?id=652993501043,b3cbc3dd2705c5d2c4c0a68f669ec0c0391d4bc631c67536919b58e7bc650214_2219418595974_20260802,,,,,,,,,,
天猫,中性,咨询,2026-08-03 14:58:58,1.2l的只有这一个选项吗<br>有没有1.2L 只是带滤网的<br>不要炖盅<br>,小熊电器官方旗舰店,832406608200,小熊全玻璃恒温养生壶家用多功能办公室小型煮茶壶烧水壶炖煮一体,https://detail.tmall.com/item.htm?id=832406608200,baae7386cf07713dd31bba057f6fcf11e24d055e58d5cada75c0dc3bd5b9b570_3990073528_20260803,,,,,,,,,,
天猫,中性,咨询,2026-08-02 22:36:31,小器线下有维修点吗？<br>电饭锅煮饭时间变长了，是什么原因,小熊电器官方旗舰店,652993501043,小熊电饭煲家用3到4人小型智能电饭锅陶瓷油内胆不粘微压快煮饭,https://detail.tmall.com/item.htm?id=652993501043,5a03b42c4b5685d390368c1f9cc0b82a48f2825be3f098fe34f236dffa6acfd7_2217680629592_20260802,,,,,,,,,,
天猫,中性,咨询,2026-08-01 22:27:25,想问下洗衣模式他不进水怎么回事<br>时间还是在走的<br>但是不进水<br>E2是什么<br>我刚刚暂停打开 里面就是没有水<br>我看了进水管没有压到<br>我3小时前还洗了<br>现在怎么突然这样<br>目前还没有报错<br>还是没有报错<br>转了好久<br>这不知道是什么问题吗<br>已经提交了就可以了是吗<br>这个是重新换一个是吗<br>还是说寄回去维修<br>旧的还寄回去吗<br>等审核完寄回去是吗<br>我看也没让我提供啥凭证,小熊电器官方旗舰店,829752288160,小熊迷你内衣内裤洗衣机专用洗袜子全自动小型迷你小型婴儿清洗机,https://detail.tmall.com/item.htm?id=829752288160,c17c3f52ccf488c6b6da0a09614f50f7a77320932eb7725963237c3c03c0faf5_2209570416623_20260801,,,,,,,,,,
天猫,中性,咨询,2026-08-01 22:27:25,想问下洗衣模式他不进水怎么回事<br>时间还是在走的<br>但是不进水<br>E2是什么<br>我刚刚暂停打开 里面就是没有水<br>我看了进水管没有压到<br>我3小时前还洗了<br>现在怎么突然这样<br>目前还没有报错<br>还是没有报错<br>转了好久<br>这不知道是什么问题吗<br>已经提交了就可以了是吗<br>这个是重新换一个是吗<br>还是说寄回去维修<br>旧的还寄回去吗<br>等审核完寄回去是吗<br>我看也没让我提供啥凭证,小熊电器官方旗舰店,829752288160,小熊迷你内衣内裤洗衣机专用洗袜子全自动小型迷你小型婴儿清洗机,https://detail.tmall.com/item.htm?id=829752288160,c17c3f52ccf488c6b6da0a09614f50f7a77320932eb7725963237c3c03c0faf5_2209570416623_20260801,,,,,,,,,,
天猫,中性,咨询,2026-08-01 22:27:25,想问下洗衣模式他不进水怎么回事<br>时间还是在走的<br>但是不进水<br>E2是什么<br>我刚刚暂停打开 里面就是没有水<br>我看了进水管没有压到<br>我3小时前还洗了<br>现在怎么突然这样<br>目前还没有报错<br>还是没有报错<br>转了好久<br>这不知道是什么问题吗<br>已经提交了就可以了是吗<br>这个是重新换一个是吗<br>还是说寄回去维修<br>旧的还寄回去吗<br>等审核完寄回去是吗<br>我看也没让我提供啥凭证,小熊电器官方旗舰店,829752288160,小熊迷你内衣内裤洗衣机专用洗袜子全自动小型迷你小型婴儿清洗机,https://detail.tmall.com/item.htm?id=829752288160,c17c3f52ccf488c6b6da0a09614f50f7a77320932eb7725963237c3c03c0faf5_2209570416623_20260801,,,,,,,,,,
天猫,中性,咨询,2026-08-03 09:45:10,有没有这款电饭锅煲的内胆<br>,小熊电器官方旗舰店,652993501043,小熊电饭煲家用3到4人小型智能电饭锅陶瓷油内胆不粘微压快煮饭,https://detail.tmall.com/item.htm?id=652993501043,20d414525bd3966dd8bd3152eec07d166982def9d18a51263102dd7122f7b82f_2215202023835_20260803,,,,,,,,,,
天猫,中性,咨询,2026-08-01 09:24:32,你好，我去年买的这个养生壶，这几天用着发现上面的玻璃壶裂了<br>能单独买个壶么<br>我这啥型号<br>我看写着365天以换代修<br>我这种情况属个么<br>,小熊电器官方旗舰店,832406608200,小熊全玻璃恒温养生壶家用多功能办公室小型煮茶壶烧水壶炖煮一体,https://detail.tmall.com/item.htm?id=832406608200,c2873fedb1fc84e5eb6c83d81dbc1512cef6dbb3780123964cc22414f54853cb_3990073528_20260801,,,,,,,,,,
天猫,中性,咨询,2026-08-01 09:24:32,你好，我去年买的这个养生壶，这几天用着发现上面的玻璃壶裂了<br>能单独买个壶么<br>我这啥型号<br>我看写着365天以换代修<br>我这种情况属个么<br>,小熊电器官方旗舰店,832406608200,小熊全玻璃恒温养生壶家用多功能办公室小型煮茶壶烧水壶炖煮一体,https://detail.tmall.com/item.htm?id=832406608200,c2873fedb1fc84e5eb6c83d81dbc1512cef6dbb3780123964cc22414f54853cb_3990073528_20260801,,,,,,,,,,
天猫,中性,咨询,2026-08-03 22:16:47,这个怎么高洗<br>人工服务,小熊电器官方旗舰店,829752288160,小熊迷你内衣内裤洗衣机专用洗袜子全自动小型迷你小型婴儿清洗机,https://detail.tmall.com/item.htm?id=829752288160,1a6423e4a57452a4dc0ae88b93950a6570acebe3092452fc7e3eab8d06ff0b3a_2209570416623_20260803,,,,,,,,,,
天猫,中性,咨询,2026-08-03 22:16:47,这个怎么高洗<br>人工服务,小熊电器官方旗舰店,829752288160,小熊迷你内衣内裤洗衣机专用洗袜子全自动小型迷你小型婴儿清洗机,https://detail.tmall.com/item.htm?id=829752288160,1a6423e4a57452a4dc0ae88b93950a6570acebe3092452fc7e3eab8d06ff0b3a_2209570416623_20260803,,,,,,,,,,
天猫,中性,咨询,2026-08-02 12:50:38,今天能发货吗<br>人工服务<br>今天能发货吗,小熊电器官方旗舰店,832406608200,小熊全玻璃恒温养生壶家用多功能办公室小型煮茶壶烧水壶炖煮一体,https://detail.tmall.com/item.htm?id=832406608200,2be68f0d48c9e09455790ab4de7c03f8805ac56c060b4d7df04039bb3a7557c2_2219167311332_20260802,,,,,,,,,,
天猫,中性,咨询,2026-08-02 12:50:38,今天能发货吗<br>人工服务<br>今天能发货吗,小熊电器官方旗舰店,832406608200,小熊全玻璃恒温养生壶家用多功能办公室小型煮茶壶烧水壶炖煮一体,https://detail.tmall.com/item.htm?id=832406608200,2be68f0d48c9e09455790ab4de7c03f8805ac56c060b4d7df04039bb3a7557c2_2219167311332_20260802,,,,,,,,,,
天猫,中性,咨询,2026-08-03 10:02:39,这个1.5l的有多重,小熊电器官方旗舰店,832406608200,小熊全玻璃恒温养生壶家用多功能办公室小型煮茶壶烧水壶炖煮一体,https://detail.tmall.com/item.htm?id=832406608200,019d837f704b0c16c8508a084cd5eaf64b0e0a68496203c6dd0c6c9d4358a817_3990073528_20260803,,,,,,,,,,
天猫,负向,咨询,2026-08-01 11:11:19,为什么后面冒烟的啊<br>一股味道,小熊电器官方旗舰店,832406608200,小熊全玻璃恒温养生壶家用多功能办公室小型煮茶壶烧水壶炖煮一体,https://detail.tmall.com/item.htm?id=832406608200,e39815bfa0bfb91d966d09fdf75a66131ea67a5d9391af35542f6c1cf55258b3_2209720364600_20260801,,,,,,,,,,
天猫,中性,咨询,2026-08-01 14:19:28,这个内胆是吗？应该不是吧？,小熊电器官方旗舰店,652993501043,小熊电饭煲家用3到4人小型智能电饭锅陶瓷油内胆不粘微压快煮饭,https://detail.tmall.com/item.htm?id=652993501043,d56f40afc31f132b0c3ee0408b2ee43115ee67e5552be7af3eb37092d51edee6_2212837734466_20260801,,,,,,,,,,
天猫,中性,咨询,2026-08-01 20:20:51,里面怎么清洁？<br>这个洗衣机,小熊电器官方旗舰店,829752288160,小熊迷你内衣内裤洗衣机专用洗袜子全自动小型迷你小型婴儿清洗机,https://detail.tmall.com/item.htm?id=829752288160,ce2e30b2933f4b5df6d71fc36d1f29a53ceb720c0654f9f2ceb51d90db42c327_2212794949421_20260801,,,,,,,,,,
天猫,中性,咨询,2026-08-02 19:07:10,质量怎么样<br>质量保多久<br>1年中间如果坏了包换新机么,小熊电器官方旗舰店,953780186914,小熊桶装水电动抽水器吸水器压水器自吸全自动抽水神器水泵上水器,https://detail.tmall.com/item.htm?id=953780186914,1b04c4be7516947bdad807b28729ccf508e4971aa5099ddfec836797c470fc48_2215007019509_20260802,,,,,,,,,,
天猫,中性,咨询,2026-08-02 19:07:10,质量怎么样<br>质量保多久<br>1年中间如果坏了包换新机么,小熊电器官方旗舰店,953780186914,小熊桶装水电动抽水器吸水器压水器自吸全自动抽水神器水泵上水器,https://detail.tmall.com/item.htm?id=953780186914,1b04c4be7516947bdad807b28729ccf508e4971aa5099ddfec836797c470fc48_2215007019509_20260802,,,,,,,,,,
天猫,中性,咨询,2026-08-02 19:07:10,质量怎么样<br>质量保多久<br>1年中间如果坏了包换新机么,小熊电器官方旗舰店,953780186914,小熊桶装水电动抽水器吸水器压水器自吸全自动抽水神器水泵上水器,https://detail.tmall.com/item.htm?id=953780186914,1b04c4be7516947bdad807b28729ccf508e4971aa5099ddfec836797c470fc48_2215007019509_20260802,,,,,,,,,,
天猫,中性,咨询,2026-08-03 19:08:14,怎么退25<br>已经收货了<br>就退我支<br>人工在不。<br>记得帮我登记退<br>人工在不在？<br>帮我登记一下,小熊电器官方旗舰店,652993501043,小熊电饭煲家用3到4人小型智能电饭锅陶瓷油内胆不粘微压快煮饭,https://detail.tmall.com/item.htm?id=652993501043,56b147c50cc452cf66b986fb63d3220bc31073cb8ed0ec92a331fc3249510457_2213283425041_20260803,,,,,,,,,,
天猫,中性,咨询,2026-08-03 18:28:37,怎么预约上门安装<br>预约师门安装<br>文路33号奥克斯幢1,小熊电器官方旗舰店,829752288160,小熊迷你内衣内裤洗衣机专用洗袜子全自动小型迷你小型婴儿清洗机,https://detail.tmall.com/item.htm?id=829752288160,1a61206cac36fe277092401e9648c06a42f847453fb402f38a7545877244b4bf_2212796238773_20260803,,,,,,,,,,
天猫,中性,咨询,2026-08-03 18:28:37,怎么预约上门安装<br>预约师门安装<br>文路33号奥克斯幢1,小熊电器官方旗舰店,829752288160,小熊迷你内衣内裤洗衣机专用洗袜子全自动小型迷你小型婴儿清洗机,https://detail.tmall.com/item.htm?id=829752288160,1a61206cac36fe277092401e9648c06a42f847453fb402f38a7545877244b4bf_2212796238773_20260803,,,,,,,,,,
天猫,中性,咨询,2026-08-03 18:28:37,怎么预约上门安装<br>预约师门安装<br>文路33号奥克斯幢1,小熊电器官方旗舰店,829752288160,小熊迷你内衣内裤洗衣机专用洗袜子全自动小型迷你小型婴儿清洗机,https://detail.tmall.com/item.htm?id=829752288160,1a61206cac36fe277092401e9648c06a42f847453fb402f38a7545877244b4bf_2212796238773_20260803,,,,,,,,,,
天猫,中性,咨询,2026-08-03 18:28:37,怎么预约上门安装<br>预约师门安装<br>文路33号奥克斯幢1,小熊电器官方旗舰店,829752288160,小熊迷你内衣内裤洗衣机专用洗袜子全自动小型迷你小型婴儿清洗机,https://detail.tmall.com/item.htm?id=829752288160,1a61206cac36fe277092401e9648c06a42f847453fb402f38a7545877244b4bf_2212796238773_20260803,,,,,,,,,,
天猫,中性,咨询,2026-08-03 18:28:37,怎么预约上门安装<br>预约师门安装<br>文路33号奥克斯幢1,小熊电器官方旗舰店,829752288160,小熊迷你内衣内裤洗衣机专用洗袜子全自动小型迷你小型婴儿清洗机,https://detail.tmall.com/item.htm?id=829752288160,1a61206cac36fe277092401e9648c06a42f847453fb402f38a7545877244b4bf_2212796238773_20260803,,,,,,,,,,
天猫,正向,咨询,2026-08-01 21:01:10,怎么预约上门安装<br>到了<br>我的货品<br>我需要别人上门安装,小熊电器官方旗舰店,829752288160,小熊迷你内衣内裤洗衣机专用洗袜子全自动小型迷你小型婴儿清洗机,https://detail.tmall.com/item.htm?id=829752288160,678c92f5ec3646f01b7976ccc2b61f38456fe49aa00708eb4d91825f3eff9ce5_2212794949421_20260801,,,,,,,,,,
天猫,中性,咨询,2026-08-01 21:01:10,怎么预约上门安装<br>到了<br>我的货品<br>我需要别人上门安装,小熊电器官方旗舰店,829752288160,小熊迷你内衣内裤洗衣机专用洗袜子全自动小型迷你小型婴儿清洗机,https://detail.tmall.com/item.htm?id=829752288160,678c92f5ec3646f01b7976ccc2b61f38456fe49aa00708eb4d91825f3eff9ce5_2212794949421_20260801,,,,,,,,,,
天猫,中性,咨询,2026-08-01 21:01:10,怎么预约上门安装<br>到了<br>我的货品<br>我需要别人上门安装,小熊电器官方旗舰店,829752288160,小熊迷你内衣内裤洗衣机专用洗袜子全自动小型迷你小型婴儿清洗机,https://detail.tmall.com/item.htm?id=829752288160,678c92f5ec3646f01b7976ccc2b61f38456fe49aa00708eb4d91825f3eff9ce5_2212794949421_20260801,,,,,,,,,,
天猫,中性,咨询,2026-08-01 21:01:10,怎么预约上门安装<br>到了<br>我的货品<br>我需要别人上门安装,小熊电器官方旗舰店,829752288160,小熊迷你内衣内裤洗衣机专用洗袜子全自动小型迷你小型婴儿清洗机,https://detail.tmall.com/item.htm?id=829752288160,678c92f5ec3646f01b7976ccc2b61f38456fe49aa00708eb4d91825f3eff9ce5_2212794949421_20260801,,,,,,,,,,
天猫,中性,咨询,2026-08-01 21:01:10,怎么预约上门安装<br>到了<br>我的货品<br>我需要别人上门安装,小熊电器官方旗舰店,829752288160,小熊迷你内衣内裤洗衣机专用洗袜子全自动小型迷你小型婴儿清洗机,https://detail.tmall.com/item.htm?id=829752288160,678c92f5ec3646f01b7976ccc2b61f38456fe49aa00708eb4d91825f3eff9ce5_2212794949421_20260801,,,,,,,,,,
天猫,负向,咨询,2026-08-02 22:45:26,这个收水器突然只亮灯不出水了<br>是有电的情况下，只有一个指示灯亮<br>指示灯是正常亮的，但水不出来<br>这会突然又出水了<br>要不我再观察两天<br>要是再有问题再找你们<br>,小熊电器官方旗舰店,953780186914,小熊桶装水电动抽水器吸水器压水器自吸全自动抽水神器水泵上水器,https://detail.tmall.com/item.htm?id=953780186914,c15409a8ef1f091dabe965dae55fa650bc9f88797f23d359a02065d6981f8d00_2215007019509_20260802,,,,,,,,,,
天猫,负向,咨询,2026-08-02 21:02:04,你好 这个充不进电<br>指示灯不闪烁<br>,小熊电器官方旗舰店,953780186914,小熊桶装水电动抽水器吸水器压水器自吸全自动抽水神器水泵上水器,https://detail.tmall.com/item.htm?id=953780186914,0a97dd675a48dde36fb407555934356d976d031b5c9d4c3e359bce828cf60434_2217680629592_20260802,,,,,,,,,,
天猫,正向,咨询,2026-08-02 16:25:36,有没有600-800Ml 带滤网 烧水快 可以定烧水壶<br>啊 忘了说 我要全玻璃的<br>这个不是全玻璃,小熊电器官方旗舰店,832406608200,小熊全玻璃恒温养生壶家用多功能办公室小型煮茶壶烧水壶炖煮一体,https://detail.tmall.com/item.htm?id=832406608200,f9751ec2f3761749a101ece17cc1d430872bb6f5dbcdedd2d366e2b1366ade16_2222430908987_20260802,,,,,,,,,,
天猫,中性,咨询,2026-08-02 16:25:36,有没有600-800Ml 带滤网 烧水快 可以定烧水壶<br>啊 忘了说 我要全玻璃的<br>这个不是全玻璃,小熊电器官方旗舰店,832406608200,小熊全玻璃恒温养生壶家用多功能办公室小型煮茶壶烧水壶炖煮一体,https://detail.tmall.com/item.htm?id=832406608200,f9751ec2f3761749a101ece17cc1d430872bb6f5dbcdedd2d366e2b1366ade16_2222430908987_20260802,,,,,,,,,,
天猫,中性,咨询,2026-08-03 10:41:59,内胆多重<br>没人,小熊电器官方旗舰店,652993501043,小熊电饭煲家用3到4人小型智能电饭锅陶瓷油内胆不粘微压快煮饭,https://detail.tmall.com/item.htm?id=652993501043,c987e49881dd7f9494c7654373b4b6175b0d1d821636524baff98767c85e6e64_2215202023835_20260803,,,,,,,,,,
天猫,中性,咨询,2026-08-01 22:35:51,豆需要泡吗，还是泡了更耐用<br>有大容量的吗，家里人多1800以上<br>有大容量的吗<br>豆浆需要多长时间,小熊电器官方旗舰店,1066545498108,【新品首发】小熊破壁机豆浆机全自动家用静音多功能榨汁机新款,https://detail.tmall.com/item.htm?id=1066545498108,c9a4dcc4d4b70af1fcd9cb80bf72658e404ea77df45bd1aaeb7d384fa6d56300_2215543343493_20260801,,,,,,,,,,
天猫,中性,咨询,2026-08-01 22:35:51,豆需要泡吗，还是泡了更耐用<br>有大容量的吗，家里人多1800以上<br>有大容量的吗<br>豆浆需要多长时间,小熊电器官方旗舰店,1066545498108,【新品首发】小熊破壁机豆浆机全自动家用静音多功能榨汁机新款,https://detail.tmall.com/item.htm?id=1066545498108,c9a4dcc4d4b70af1fcd9cb80bf72658e404ea77df45bd1aaeb7d384fa6d56300_2215543343493_20260801,,,,,,,,,,
天猫,中性,咨询,2026-08-01 22:35:51,豆需要泡吗，还是泡了更耐用<br>有大容量的吗，家里人多1800以上<br>有大容量的吗<br>豆浆需要多长时间,小熊电器官方旗舰店,1066545498108,【新品首发】小熊破壁机豆浆机全自动家用静音多功能榨汁机新款,https://detail.tmall.com/item.htm?id=1066545498108,c9a4dcc4d4b70af1fcd9cb80bf72658e404ea77df45bd1aaeb7d384fa6d56300_2215543343493_20260801,,,,,,,,,,
天猫,中性,咨询,2026-08-02 16:52:10,人工客服<br>这是哪个型号<br>链接发我<br>,小熊电器官方旗舰店,652993501043,小熊电饭煲家用3到4人小型智能电饭锅陶瓷油内胆不粘微压快煮饭,https://detail.tmall.com/item.htm?id=652993501043,aa3876853e2a65da8799588a02da6ee2001613e99488dee816b5b40f20685765_2215202023835_20260802,,,,,,,,,,
天猫,中性,咨询,2026-08-02 16:52:10,人工客服<br>这是哪个型号<br>链接发我<br>,小熊电器官方旗舰店,652993501043,小熊电饭煲家用3到4人小型智能电饭锅陶瓷油内胆不粘微压快煮饭,https://detail.tmall.com/item.htm?id=652993501043,aa3876853e2a65da8799588a02da6ee2001613e99488dee816b5b40f20685765_2215202023835_20260802,,,,,,,,,,
天猫,负向,咨询,2026-08-01 10:33:19,你好，我买的这个不到一个月就坏了<br>我充了一晚上电还是这样<br>接了这点水就不出水了，然后过一分出一秒水，彻底没反应了<br>我充了一晚上<br>亮一下就不亮了<br>一直是这样的情况<br>常规的充电口，充了一晚上，刚开始还行，就出水两次后彻底不能用了，买回来声音就大的要死，比以前用的还大声，我怀疑给我发的就是个有故障的东西<br>怎么解决呢，换还是退<br>可以，我去申请，你同意一下<br>,小熊电器官方旗舰店,953780186914,小熊桶装水电动抽水器吸水器压水器自吸全自动抽水神器水泵上水器,https://detail.tmall.com/item.htm?id=953780186914,df1adc8cef0c1d1b2a023b36a150024bc294d4b09ec759e9c6a9cd8d25403f89_2212455992463_20260801,,,,,,,,,,
天猫,负向,咨询,2026-08-01 10:33:19,你好，我买的这个不到一个月就坏了<br>我充了一晚上电还是这样<br>接了这点水就不出水了，然后过一分出一秒水，彻底没反应了<br>我充了一晚上<br>亮一下就不亮了<br>一直是这样的情况<br>常规的充电口，充了一晚上，刚开始还行，就出水两次后彻底不能用了，买回来声音就大的要死，比以前用的还大声，我怀疑给我发的就是个有故障的东西<br>怎么解决呢，换还是退<br>可以，我去申请，你同意一下<br>,小熊电器官方旗舰店,953780186914,小熊桶装水电动抽水器吸水器压水器自吸全自动抽水神器水泵上水器,https://detail.tmall.com/item.htm?id=953780186914,df1adc8cef0c1d1b2a023b36a150024bc294d4b09ec759e9c6a9cd8d25403f89_2212455992463_20260801,,,,,,,,,,
天猫,中性,咨询,2026-08-02 18:07:22,玻璃的厚度多少,小熊电器官方旗舰店,832406608200,小熊全玻璃恒温养生壶家用多功能办公室小型煮茶壶烧水壶炖煮一体,https://detail.tmall.com/item.htm?id=832406608200,c6d31913cf7e867369b66cdb175c0a51377df89b0cdd71c15afcd5485b138c4d_2219167311332_20260802,,,,,,,,,,
天猫,中性,咨询,2026-08-03 21:45:33,这是多大的<br>容量多大,小熊电器官方旗舰店,829752288160,小熊迷你内衣内裤洗衣机专用洗袜子全自动小型迷你小型婴儿清洗机,https://detail.tmall.com/item.htm?id=829752288160,65b8505e67720231269bc1c02d65f319a3b38f5bc153cc17d2ed4d03a1c38311_2212796238773_20260803,,,,,,,,,,
天猫,中性,咨询,2026-08-03 21:45:33,这是多大的<br>容量多大,小熊电器官方旗舰店,829752288160,小熊迷你内衣内裤洗衣机专用洗袜子全自动小型迷你小型婴儿清洗机,https://detail.tmall.com/item.htm?id=829752288160,65b8505e67720231269bc1c02d65f319a3b38f5bc153cc17d2ed4d03a1c38311_2212796238773_20260803,,,,,,,,,,
天猫,中性,咨询,2026-08-01 01:22:06,多少瓦<br>容量多大？<br>能洗多少衣服<br>能一次性洗一件短袖吗,小熊电器官方旗舰店,829752288160,小熊迷你内衣内裤洗衣机专用洗袜子全自动小型迷你小型婴儿清洗机,https://detail.tmall.com/item.htm?id=829752288160,5ae3dab8fb485de428501059d2a8cca385e1fee6d6fefb6183ad048669302b09_3031399889_20260801,,,,,,,,,,
天猫,中性,咨询,2026-08-01 01:22:06,多少瓦<br>容量多大？<br>能洗多少衣服<br>能一次性洗一件短袖吗,小熊电器官方旗舰店,829752288160,小熊迷你内衣内裤洗衣机专用洗袜子全自动小型迷你小型婴儿清洗机,https://detail.tmall.com/item.htm?id=829752288160,5ae3dab8fb485de428501059d2a8cca385e1fee6d6fefb6183ad048669302b09_3031399889_20260801,,,,,,,,,,
天猫,中性,咨询,2026-08-01 09:58:06,里面这个蒸屉有单独卖的吗,小熊电器官方旗舰店,652993501043,小熊电饭煲家用3到4人小型智能电饭锅陶瓷油内胆不粘微压快煮饭,https://detail.tmall.com/item.htm?id=652993501043,b3818529b74a17c3b1c0fd5ba60d22e655b2ab8cb7bf792dd6b3b506f0fee770_2212837734466_20260801,,,,,,,,,,
天猫,中性,咨询,2026-08-02 12:08:57,这个高海拔能用不<br>好叭<br>有没有推荐能用的,小熊电器官方旗舰店,832406608200,小熊全玻璃恒温养生壶家用多功能办公室小型煮茶壶烧水壶炖煮一体,https://detail.tmall.com/item.htm?id=832406608200,a2a190dd84b2ff692e8419f4cfaef4d84284a8cf477d7a276b4c86ca29dab758_2213341635166_20260802,,,,,,,,,,
天猫,中性,咨询,2026-08-02 11:16:28,运费要我自己承担吗？,小熊电器官方旗舰店,832406608200,小熊全玻璃恒温养生壶家用多功能办公室小型煮茶壶烧水壶炖煮一体,https://detail.tmall.com/item.htm?id=832406608200,9cb1809fad290f645de94e8cdeab2ad5b52f8a5e0b4dc4b30f010bf8b5f659e6_3990073528_20260802,,,,,,,,,,
天猫,中性,咨询,2026-08-03 17:41:41,你好，几个内胆呢，两个？<br>还有没有30元的优惠券呢<br>怎么操作<br>专属优惠券,小熊电器官方旗舰店,652993501043,小熊电饭煲家用3到4人小型智能电饭锅陶瓷油内胆不粘微压快煮饭,https://detail.tmall.com/item.htm?id=652993501043,2f0958a0e6dbea312dd30b0153fe9d5336d7be03f23550372398d74e6178796b_2215202023835_20260803,,,,,,,,,,
天猫,中性,咨询,2026-08-03 17:41:41,你好，几个内胆呢，两个？<br>还有没有30元的优惠券呢<br>怎么操作<br>专属优惠券,小熊电器官方旗舰店,652993501043,小熊电饭煲家用3到4人小型智能电饭锅陶瓷油内胆不粘微压快煮饭,https://detail.tmall.com/item.htm?id=652993501043,2f0958a0e6dbea312dd30b0153fe9d5336d7be03f23550372398d74e6178796b_2215202023835_20260803,,,,,,,,,,
天猫,中性,咨询,2026-08-02 15:30:10,人工<br>这个锅最多能煮多少米,小熊电器官方旗舰店,652993501043,小熊电饭煲家用3到4人小型智能电饭锅陶瓷油内胆不粘微压快煮饭,https://detail.tmall.com/item.htm?id=652993501043,a3214a4928f51909af2f80104a97e5816dbceaa8e657918aeedf0d81caab3422_2222156041569_20260802,,,,,,,,,,
天猫,中性,咨询,2026-08-02 15:30:10,人工<br>这个锅最多能煮多少米,小熊电器官方旗舰店,652993501043,小熊电饭煲家用3到4人小型智能电饭锅陶瓷油内胆不粘微压快煮饭,https://detail.tmall.com/item.htm?id=652993501043,a3214a4928f51909af2f80104a97e5816dbceaa8e657918aeedf0d81caab3422_2222156041569_20260802,,,,,,,,,,
天猫,中性,咨询,2026-08-01 12:40:39,有使用教,小熊电器官方旗舰店,832406608200,小熊全玻璃恒温养生壶家用多功能办公室小型煮茶壶烧水壶炖煮一体,https://detail.tmall.com/item.htm?id=832406608200,f08df726c7d35f4d28e375eb6bcb99c849e296cd76e87851352ea78b0abd1d93_2215107505922_20260801,,,,,,,,,,
天猫,中性,咨询,2026-08-02 17:25:24,我之前买的这一款，想换个内胆，和这款的内胆通用吗<br>这个链接煮红豆或者绿豆可以吗<br>有的煮的不是很烂，不好吃<br>我以前买的那个煮的很好<br>不知道这一款怎么样<br>那个也是小<br>,小熊电器官方旗舰店,652993501043,小熊电饭煲家用3到4人小型智能电饭锅陶瓷油内胆不粘微压快煮饭,https://detail.tmall.com/item.htm?id=652993501043,14a8b40af842783c71236989e0cbc5ad8e0bc6c1faa8dc4ac340a7666a29548f_2219418595974_20260802,,,,,,,,,,
天猫,正向,咨询,2026-08-02 17:25:24,我之前买的这一款，想换个内胆，和这款的内胆通用吗<br>这个链接煮红豆或者绿豆可以吗<br>有的煮的不是很烂，不好吃<br>我以前买的那个煮的很好<br>不知道这一款怎么样<br>那个也是小<br>,小熊电器官方旗舰店,652993501043,小熊电饭煲家用3到4人小型智能电饭锅陶瓷油内胆不粘微压快煮饭,https://detail.tmall.com/item.htm?id=652993501043,14a8b40af842783c71236989e0cbc5ad8e0bc6c1faa8dc4ac340a7666a29548f_2219418595974_20260802,,,,,,,,,,
天猫,中性,咨询,2026-08-02 17:25:24,我之前买的这一款，想换个内胆，和这款的内胆通用吗<br>这个链接煮红豆或者绿豆可以吗<br>有的煮的不是很烂，不好吃<br>我以前买的那个煮的很好<br>不知道这一款怎么样<br>那个也是小<br>,小熊电器官方旗舰店,652993501043,小熊电饭煲家用3到4人小型智能电饭锅陶瓷油内胆不粘微压快煮饭,https://detail.tmall.com/item.htm?id=652993501043,14a8b40af842783c71236989e0cbc5ad8e0bc6c1faa8dc4ac340a7666a29548f_2219418595974_20260802,,,,,,,,,,
天猫,负向,咨询,2026-08-02 17:25:24,我之前买的这一款，想换个内胆，和这款的内胆通用吗<br>这个链接煮红豆或者绿豆可以吗<br>有的煮的不是很烂，不好吃<br>我以前买的那个煮的很好<br>不知道这一款怎么样<br>那个也是小<br>,小熊电器官方旗舰店,652993501043,小熊电饭煲家用3到4人小型智能电饭锅陶瓷油内胆不粘微压快煮饭,https://detail.tmall.com/item.htm?id=652993501043,14a8b40af842783c71236989e0cbc5ad8e0bc6c1faa8dc4ac340a7666a29548f_2219418595974_20260802,,,,,,,,,,
天猫,正向,咨询,2026-08-02 17:25:24,我之前买的这一款，想换个内胆，和这款的内胆通用吗<br>这个链接煮红豆或者绿豆可以吗<br>有的煮的不是很烂，不好吃<br>我以前买的那个煮的很好<br>不知道这一款怎么样<br>那个也是小<br>,小熊电器官方旗舰店,652993501043,小熊电饭煲家用3到4人小型智能电饭锅陶瓷油内胆不粘微压快煮饭,https://detail.tmall.com/item.htm?id=652993501043,14a8b40af842783c71236989e0cbc5ad8e0bc6c1faa8dc4ac340a7666a29548f_2219418595974_20260802,,,,,,,,,,
天猫,中性,咨询,2026-08-02 17:25:24,我之前买的这一款，想换个内胆，和这款的内胆通用吗<br>这个链接煮红豆或者绿豆可以吗<br>有的煮的不是很烂，不好吃<br>我以前买的那个煮的很好<br>不知道这一款怎么样<br>那个也是小<br>,小熊电器官方旗舰店,652993501043,小熊电饭煲家用3到4人小型智能电饭锅陶瓷油内胆不粘微压快煮饭,https://detail.tmall.com/item.htm?id=652993501043,14a8b40af842783c71236989e0cbc5ad8e0bc6c1faa8dc4ac340a7666a29548f_2219418595974_20260802,,,,,,,,,,
天猫,中性,咨询,2026-08-02 10:13:55,充好电可以用多久<br>我怎么用几个小时就没电了,小熊电器官方旗舰店,953780186914,小熊桶装水电动抽水器吸水器压水器自吸全自动抽水神器水泵上水器,https://detail.tmall.com/item.htm?id=953780186914,0e6bc337ec4f3ba365ec59862aa86facb861b05fc101979a8063e0bd1673fca3_2219484290050_20260802,,,,,,,,,,
天猫,中性,咨询,2026-08-02 10:13:55,充好电可以用多久<br>我怎么用几个小时就没电了,小熊电器官方旗舰店,953780186914,小熊桶装水电动抽水器吸水器压水器自吸全自动抽水神器水泵上水器,https://detail.tmall.com/item.htm?id=953780186914,0e6bc337ec4f3ba365ec59862aa86facb861b05fc101979a8063e0bd1673fca3_2219484290050_20260802,,,,,,,,,,
天猫,中性,咨询,2026-08-03 21:01:13,有上门安装吗,小熊电器官方旗舰店,829752288160,小熊迷你内衣内裤洗衣机专用洗袜子全自动小型迷你小型婴儿清洗机,https://detail.tmall.com/item.htm?id=829752288160,3f35feb20ee837ac3545eca82202667dec8651d83dfb0144c927af78d24cd491_2212796238773_20260803,,,,,,,,,,
天猫,中性,咨询,2026-08-01 08:57:08,这边购买破壁机可以以旧换新？,小熊电器官方旗舰店,1066545498108,【新品首发】小熊破壁机豆浆机全自动家用静音多功能榨汁机新款,https://detail.tmall.com/item.htm?id=1066545498108,0d204320a06b9808dba754fab240ef1b5253f4010382d8c84db56ef617be3053_2212470730276_20260801,,,,,,,,,,
天猫,负向,咨询,2026-08-02 19:22:56,明天寄过来 确实充不进电 而且下午还自动出水了两次,小熊电器官方旗舰店,953780186914,小熊桶装水电动抽水器吸水器压水器自吸全自动抽水神器水泵上水器,https://detail.tmall.com/item.htm?id=953780186914,411f903581e6ac5b5894508030daad82b1c1648aa2e4e0c738f0ea950a9f1f23_2218061366895_20260802,,,,,,,,,,
天猫,负向,咨询,2026-08-02 08:09:37,这个快递收到了吗<br>要是收到了 赶紧发货啊<br>,小熊电器官方旗舰店,953780186914,小熊桶装水电动抽水器吸水器压水器自吸全自动抽水神器水泵上水器,https://detail.tmall.com/item.htm?id=953780186914,10c96e71d092aaac52cf361d83c3844d06ade143d9da0d7e144b5d6f88e5ad14_2208940083480_20260802,,,,,,,,,,
天猫,中性,咨询,2026-08-02 08:09:37,这个快递收到了吗<br>要是收到了 赶紧发货啊<br>,小熊电器官方旗舰店,953780186914,小熊桶装水电动抽水器吸水器压水器自吸全自动抽水神器水泵上水器,https://detail.tmall.com/item.htm?id=953780186914,10c96e71d092aaac52cf361d83c3844d06ade143d9da0d7e144b5d6f88e5ad14_2208940083480_20260802,,,,,,,,,,
天猫,负向,咨询,2026-08-02 10:49:17,这里坏了<br>市区德苑9-1-202 生<br>,小熊电器官方旗舰店,829752288160,小熊迷你内衣内裤洗衣机专用洗袜子全自动小型迷你小型婴儿清洗机,https://detail.tmall.com/item.htm?id=829752288160,bcdd13b4e90bb98d5886aa04c0310b98260f152291345e59ae07ad9e836e18b3_2212775027940_20260802,,,,,,,,,,
天猫,中性,咨询,2026-08-01 17:44:18,上门安装吗,小熊电器官方旗舰店,829752288160,小熊迷你内衣内裤洗衣机专用洗袜子全自动小型迷你小型婴儿清洗机,https://detail.tmall.com/item.htm?id=829752288160,c2b3889331fb61a5652c23a761ee0aaee0ea62145d3e994d7e13865d5da8c09e_2212775027940_20260801,,,,,,,,,,
天猫,中性,咨询,2026-08-03 21:10:46,你好 我想问下 怎么清洁<br>此前放在阳台有灰尘<br>能拆吗,小熊电器官方旗舰店,829752288160,小熊迷你内衣内裤洗衣机专用洗袜子全自动小型迷你小型婴儿清洗机,https://detail.tmall.com/item.htm?id=829752288160,54023dc263f55303534951a55c1d8905e120efd275b4b937d7b4ba1d70bcb8cc_2209570416623_20260803,,,,,,,,,,
天猫,中性,咨询,2026-08-02 09:13:49,老板你好！这有运费险吗？<br>有内胆吗？,小熊电器官方旗舰店,832406608200,小熊全玻璃恒温养生壶家用多功能办公室小型煮茶壶烧水壶炖煮一体,https://detail.tmall.com/item.htm?id=832406608200,8a0970819421e21d4ff548676672e483b9231320eabc38a54156b1b85cc9bcc6_3990073528_20260802,,,,,,,,,,
天猫,中性,咨询,2026-08-02 09:13:49,老板你好！这有运费险吗？<br>有内胆吗？,小熊电器官方旗舰店,832406608200,小熊全玻璃恒温养生壶家用多功能办公室小型煮茶壶烧水壶炖煮一体,https://detail.tmall.com/item.htm?id=832406608200,8a0970819421e21d4ff548676672e483b9231320eabc38a54156b1b85cc9bcc6_3990073528_20260802,,,,,,,,,,
天猫,负向,咨询,2026-08-03 22:55:22,东西已到货，这个怎么开机<br>没反应<br>已插上电源，没反应<br>我座还能充手机电<br>你也看到那座灯亮着<br>也没反应<br>都寄回去吗？<br>怎么回出现这种问题<br>真的很不爽，包装都拆开想着能用了，这还不能用，还得打包/:qp<br>我不是买的两壶的，包了两个包裹，都需要寄回吗<br>,小熊电器官方旗舰店,832406608200,小熊全玻璃恒温养生壶家用多功能办公室小型煮茶壶烧水壶炖煮一体,https://detail.tmall.com/item.htm?id=832406608200,49aba3f3ca4b1bff65d8e2e586c28b6c86f7783beeb5af54922602e9dd162b50_2215107505922_20260803,,,,,,,,,,
天猫,负向,咨询,2026-08-03 22:55:22,东西已到货，这个怎么开机<br>没反应<br>已插上电源，没反应<br>我座还能充手机电<br>你也看到那座灯亮着<br>也没反应<br>都寄回去吗？<br>怎么回出现这种问题<br>真的很不爽，包装都拆开想着能用了，这还不能用，还得打包/:qp<br>我不是买的两壶的，包了两个包裹，都需要寄回吗<br>,小熊电器官方旗舰店,832406608200,小熊全玻璃恒温养生壶家用多功能办公室小型煮茶壶烧水壶炖煮一体,https://detail.tmall.com/item.htm?id=832406608200,49aba3f3ca4b1bff65d8e2e586c28b6c86f7783beeb5af54922602e9dd162b50_2215107505922_20260803,,,,,,,,,,
天猫,中性,咨询,2026-08-01 18:39:09,带压力的电饭煲呢<br>这个是1个内胆嘛<br>可以赠送一个嘛<br>可以换成4L的嘛<br>可以智能预约嘛<br>已下单莫辜负/:>O<,小熊电器官方旗舰店,652993501043,小熊电饭煲家用3到4人小型智能电饭锅陶瓷油内胆不粘微压快煮饭,https://detail.tmall.com/item.htm?id=652993501043,a7394ab0ccbfb5e9c4c8a18eedcfecf341e88b0de1098ac3af47abe42d540792_2209498356642_20260801,,,,,,,,,,
天猫,中性,咨询,2026-08-01 18:39:09,带压力的电饭煲呢<br>这个是1个内胆嘛<br>可以赠送一个嘛<br>可以换成4L的嘛<br>可以智能预约嘛<br>已下单莫辜负/:>O<,小熊电器官方旗舰店,652993501043,小熊电饭煲家用3到4人小型智能电饭锅陶瓷油内胆不粘微压快煮饭,https://detail.tmall.com/item.htm?id=652993501043,a7394ab0ccbfb5e9c4c8a18eedcfecf341e88b0de1098ac3af47abe42d540792_2209498356642_20260801,,,,,,,,,,
天猫,中性,咨询,2026-08-01 18:39:09,带压力的电饭煲呢<br>这个是1个内胆嘛<br>可以赠送一个嘛<br>可以换成4L的嘛<br>可以智能预约嘛<br>已下单莫辜负/:>O<,小熊电器官方旗舰店,652993501043,小熊电饭煲家用3到4人小型智能电饭锅陶瓷油内胆不粘微压快煮饭,https://detail.tmall.com/item.htm?id=652993501043,a7394ab0ccbfb5e9c4c8a18eedcfecf341e88b0de1098ac3af47abe42d540792_2209498356642_20260801,,,,,,,,,,
天猫,中性,咨询,2026-08-01 18:39:09,带压力的电饭煲呢<br>这个是1个内胆嘛<br>可以赠送一个嘛<br>可以换成4L的嘛<br>可以智能预约嘛<br>已下单莫辜负/:>O<,小熊电器官方旗舰店,652993501043,小熊电饭煲家用3到4人小型智能电饭锅陶瓷油内胆不粘微压快煮饭,https://detail.tmall.com/item.htm?id=652993501043,a7394ab0ccbfb5e9c4c8a18eedcfecf341e88b0de1098ac3af47abe42d540792_2209498356642_20260801,,,,,,,,,,
天猫,中性,咨询,2026-08-03 06:39:45,煮饭多长时间，粥煮多长时间啊<br>1.6升各是多长时间啊,小熊电器官方旗舰店,652993501043,小熊电饭煲家用3到4人小型智能电饭锅陶瓷油内胆不粘微压快煮饭,https://detail.tmall.com/item.htm?id=652993501043,3dc2008db8bc1738e3949b97483592820bca4c3f37ae426a0a7e1d67ddcba663_3031399889_20260803,,,,,,,,,,
天猫,中性,咨询,2026-08-03 06:39:45,煮饭多长时间，粥煮多长时间啊<br>1.6升各是多长时间啊,小熊电器官方旗舰店,652993501043,小熊电饭煲家用3到4人小型智能电饭锅陶瓷油内胆不粘微压快煮饭,https://detail.tmall.com/item.htm?id=652993501043,3dc2008db8bc1738e3949b97483592820bca4c3f37ae426a0a7e1d67ddcba663_3031399889_20260803,,,,,,,,,,
天猫,中性,咨询,2026-08-03 07:43:25,包裹已经显示签收了，换货什么时候发出？,小熊电器官方旗舰店,953780186914,小熊桶装水电动抽水器吸水器压水器自吸全自动抽水神器水泵上水器,https://detail.tmall.com/item.htm?id=953780186914,522fe6793dbe2fd78ecd012b5510abd89bfa92509fb6c9243d8ba84d24da9e6d_3031399889_20260803,,,,,,,,,,
天猫,中性,咨询,2026-08-03 14:27:50,什么时候能到？<br>发什么快递,小熊电器官方旗舰店,832406608200,小熊全玻璃恒温养生壶家用多功能办公室小型煮茶壶烧水壶炖煮一体,https://detail.tmall.com/item.htm?id=832406608200,8bf18439cb18156773a3ceed649a06e44a5c372121de10093a2ff9a5fa6f9f23_3990073528_20260803,,,,,,,,,,
天猫,中性,咨询,2026-08-03 14:27:50,什么时候能到？<br>发什么快递,小熊电器官方旗舰店,832406608200,小熊全玻璃恒温养生壶家用多功能办公室小型煮茶壶烧水壶炖煮一体,https://detail.tmall.com/item.htm?id=832406608200,8bf18439cb18156773a3ceed649a06e44a5c372121de10093a2ff9a5fa6f9f23_3990073528_20260803,,,,,,,,,,
天猫,负向,咨询,2026-08-02 18:02:03,收到，但是没有量杯<br>找到了，,小熊电器官方旗舰店,1066545498108,【新品抢先加购 4号付定】小熊破壁机豆浆机全自动家用多功能新款,https://detail.tmall.com/item.htm?id=1066545498108,24fb2908b712aaf9e0a238644906d28d34a377febae392d4a412724aa1487da5_2216896954959_20260802,,,,,,,,,,
天猫,负向,咨询,2026-08-03 22:37:06,坏了，充不进电了<br>充电不亮<br>不亮<br>现在冲进去了,小熊电器官方旗舰店,953780186914,小熊桶装水电动抽水器吸水器压水器自吸全自动抽水神器水泵上水器,https://detail.tmall.com/item.htm?id=953780186914,3931595712919b9410dfbc43f6230dfd9c8b3c989593e98adc848140f96112b4_2215007019509_20260803,,,,,,,,,,
天猫,中性,咨询,2026-08-03 22:37:06,坏了，充不进电了<br>充电不亮<br>不亮<br>现在冲进去了,小熊电器官方旗舰店,953780186914,小熊桶装水电动抽水器吸水器压水器自吸全自动抽水神器水泵上水器,https://detail.tmall.com/item.htm?id=953780186914,3931595712919b9410dfbc43f6230dfd9c8b3c989593e98adc848140f96112b4_2215007019509_20260803,,,,,,,,,,
天猫,中性,咨询,2026-08-02 21:45:01,你好，推荐一款智能的<br>支持手机的,小熊电器官方旗舰店,652993501043,小熊电饭煲家用3到4人小型智能电饭锅陶瓷油内胆不粘微压快煮饭,https://detail.tmall.com/item.htm?id=652993501043,8080f38630c739a86b9bfa0221780561dd767c6950e903457d94bae9b2d78bdd_2209498356642_20260802,,,,,,,,,,
天猫,中性,咨询,2026-08-02 10:21:31,有锅内胆卖的吗？,小熊电器官方旗舰店,652993501043,小熊电饭煲家用3到4人小型智能电饭锅陶瓷油内胆不粘微压快煮饭,https://detail.tmall.com/item.htm?id=652993501043,9eb69eab24580723f2f38cfd33be394f8770089daafb454b4d6378f02a0a356a_2212837734466_20260802,,,,,,,,,,
天猫,中性,咨询,2026-08-03 14:57:12,这是老型号吗？<br>这是哪年上架？<br>现在有这个平替吗？,小熊电器官方旗舰店,832406608200,小熊全玻璃恒温养生壶家用多功能办公室小型煮茶壶烧水壶炖煮一体,https://detail.tmall.com/item.htm?id=832406608200,8b431fc604682d4e03acebd8399674e815630400f6ae0c3ca36d5e9948b57e1e_3990073528_20260803,,,,,,,,,,